Employee_ID,Name,Gender,Age,Department,Job_Role,Education,Experience,Salary,City,Joining_Date,Promotion,Satisfaction,Attrition
1001,Arjun Mehta,Male,23,Operations,Operations Executive,B.Com,3,49006,Jaipur,2023-04-05,No,2,Yes
1002,Priya Roy,Female,21,HR,Recruiter,Graduate,0,38582,Mumbai,2017-03-25,No,2,Yes
1003,Vikas Singh,Male,38,Operations,Supervisor,B.Tech,13,74052,Chennai,2016-02-23,No,2,Yes
1004,Deepak Joshi,Female,28,Sales,Sales Manager,B.Com,1,51285,Pune,2021-03-11,No,1,No
1005,Deepak Singh,Male,22,Operations,Supervisor,B.Tech,2,45733,Ahmedabad,2024-08-04,No,3,No
1006,Pooja Kumar,Male,33,Operations,Operations Executive,MBA,11,70565,Ahmedabad,2022-08-31,Yes,3,No
1007,Sonia Gupta,Male,38,Finance,Financial Analyst,B.Tech,8,79125,Noida,2017-07-27,No,2,No
1008,Rohan Kumar,Male,43,IT,Developer,B.Com,18,108483,Kolkata,2020-02-23,No,4,No
1009,Neha Sharma,Female,44,Sales,Sales Executive,MBA,18,94560,Mumbai,2016-07-20,No,4,No
1010,Mohit Sharma,Female,42,Operations,Operations Executive,B.Com,13,70540,Bengaluru,2020-12-07,No,4,No
1011,Mohit Kumar,Female,31,Operations,Operations Executive,B.Tech,10,66808,Kolkata,2023-02-05,Yes,4,No
1012,Anjali Sharma,Female,28,Marketing,Marketing Executive,B.Tech,6,64126,Bengaluru,2015-01-03,No,2,No
1013,Sonia Mehta,Male,24,IT,Developer,MBA,1,71795,Ahmedabad,2020-06-13,No,1,Yes
1014,Kiran Patel,Male,29,Marketing,SEO Specialist,B.Tech,5,64145,Ahmedabad,2017-05-17,No,5,No
1015,Pooja Verma,Male,35,Marketing,Marketing Executive,Graduate,14,82061,Delhi,2021-03-18,Yes,2,Yes
1016,Mohit Kumar,Male,22,IT,QA Engineer,B.Com,2,70413,Chennai,2020-06-11,No,1,No
1017,Vikas Roy,Female,34,Finance,Accountant,Graduate,7,74169,Delhi,2018-12-22,No,2,Yes
1018,Rohan Roy,Male,31,Finance,Accountant,Graduate,10,79073,Ahmedabad,2019-09-25,Yes,2,Yes
1019,Rahul Yadav,Male,23,Marketing,SEO Specialist,M.Com,3,59356,Pune,2024-07-08,No,1,No
1020,Rohan Yadav,Female,23,Finance,Financial Analyst,MBA,1,58709,Pune,2023-10-17,No,1,No
1021,Mohit Mehta,Female,26,Sales,Sales Executive,Graduate,6,64489,Kolkata,2015-07-25,Yes,5,Yes
1022,Pooja Joshi,Male,26,HR,HR Executive,B.Com,5,57249,Noida,2016-05-06,No,1,No
1023,Priya Patel,Female,47,Finance,Financial Analyst,MBA,18,103565,Bengaluru,2023-01-12,Yes,3,No
1024,Mohit Verma,Male,31,Finance,Financial Analyst,MBA,10,75152,Lucknow,2016-02-14,No,4,No
1025,Arjun Mehta,Male,32,HR,Recruiter,Graduate,7,57169,Mumbai,2018-05-24,No,2,Yes
1026,Kiran Gupta,Male,24,Sales,Sales Executive,B.Tech,3,56564,Kolkata,2021-10-13,No,2,Yes
1027,Arjun Patel,Male,28,Finance,Accountant,M.Com,8,71512,Kolkata,2018-09-28,Yes,4,No
1028,Deepak Gupta,Male,41,Operations,Operations Executive,M.Com,13,69658,Mumbai,2016-09-02,No,1,Yes
1029,Sonia Mehta,Female,34,HR,Recruiter,B.Com,9,58153,Mumbai,2016-02-26,Yes,3,No
1030,Sonia Verma,Female,27,IT,Analyst,MBA,5,79255,Noida,2018-09-22,No,1,Yes
1031,Priya Sharma,Male,28,Finance,Accountant,M.Com,1,56144,Lucknow,2018-06-04,No,2,No
1032,Amit Singh,Female,26,Sales,Sales Manager,MBA,2,50753,Chennai,2024-06-17,No,5,No
1033,Vikas Joshi,Female,22,Sales,Sales Executive,M.Com,1,52274,Chennai,2023-10-27,No,4,No
1034,Sneha Yadav,Male,28,IT,Developer,B.Tech,8,87144,Chennai,2023-04-28,No,1,No
1035,Kiran Patel,Female,27,Sales,Sales Executive,MBA,3,55808,Jaipur,2018-08-29,No,3,No
1036,Rohan Patel,Male,42,Operations,Operations Executive,M.Com,12,69851,Chennai,2024-05-07,Yes,5,No
1037,Arjun Singh,Male,45,Marketing,SEO Specialist,B.Com,20,100618,Chennai,2020-04-22,Yes,4,No
1038,Anjali Joshi,Male,25,Sales,Sales Executive,M.Com,2,50085,Jaipur,2015-07-09,No,2,No
1039,Nisha Singh,Male,41,Operations,Supervisor,MBA,18,88291,Mumbai,2022-09-17,Yes,4,No
1040,Sonia Roy,Male,43,Operations,Supervisor,M.Com,16,77822,Chennai,2020-02-13,No,5,No
1041,Rohan Verma,Female,42,Operations,Supervisor,B.Com,16,85976,Ahmedabad,2020-04-28,No,4,No
1042,Rahul Kumar,Male,31,Operations,Operations Executive,M.Com,7,61706,Mumbai,2021-01-21,Yes,1,No
1043,Deepak Yadav,Male,27,Operations,Supervisor,B.Com,6,58797,Delhi,2015-09-13,No,4,No
1044,Mohit Mehta,Female,39,Marketing,Marketing Executive,M.Com,12,73096,Pune,2024-05-16,Yes,3,No
1045,Deepak Roy,Male,40,Sales,Sales Executive,B.Com,13,72975,Kolkata,2019-07-15,No,4,No
1046,Rahul Sharma,Female,41,HR,Recruiter,M.Com,12,74246,Lucknow,2024-09-20,Yes,1,Yes
1047,Deepak Singh,Female,39,IT,Analyst,Graduate,14,100529,Kolkata,2019-09-23,No,4,No
1048,Priya Kumar,Male,34,HR,Recruiter,Graduate,11,63624,Chennai,2015-03-25,Yes,1,No
1049,Rohan Singh,Male,38,IT,QA Engineer,Graduate,14,101043,Bengaluru,2023-09-21,No,2,No
1050,Deepak Joshi,Female,38,Marketing,Marketing Executive,B.Com,12,76249,Delhi,2022-10-26,Yes,1,No
1051,Neha Yadav,Female,43,Sales,Sales Manager,M.Com,17,88571,Mumbai,2024-03-22,No,1,No
1052,Anjali Yadav,Female,33,Finance,Financial Analyst,B.Tech,5,66925,Pune,2021-01-13,No,5,No
1053,Anjali Gupta,Male,35,HR,HR Executive,M.Com,8,58995,Pune,2018-10-09,No,4,No
1054,Neha Verma,Male,33,Sales,Sales Manager,M.Com,8,64581,Kolkata,2015-02-11,Yes,5,No
1055,Kiran Verma,Female,45,IT,Analyst,B.Com,15,105541,Lucknow,2017-06-26,Yes,4,No
1056,Rohan Patel,Female,45,Finance,Financial Analyst,MBA,17,98132,Noida,2018-12-12,No,4,No
1057,Kiran Roy,Male,31,Operations,Supervisor,B.Com,6,53958,Kolkata,2017-02-23,No,5,No
1058,Rohan Sharma,Male,30,Marketing,Marketing Executive,B.Com,9,68680,Bengaluru,2015-02-27,Yes,3,No
1059,Anjali Gupta,Female,34,Operations,Operations Executive,Graduate,4,55042,Bengaluru,2020-04-06,No,1,No
1060,Rahul Kumar,Male,24,Finance,Financial Analyst,Graduate,3,64065,Pune,2022-01-22,No,4,Yes
1061,Anjali Roy,Female,43,HR,Recruiter,B.Com,17,87433,Jaipur,2020-11-10,Yes,5,No
1062,Arjun Verma,Male,47,Sales,Sales Manager,Graduate,18,85986,Mumbai,2023-07-22,Yes,5,No
1063,Rohan Sharma,Female,33,IT,Developer,B.Tech,5,73729,Bengaluru,2020-01-20,No,2,Yes
1064,Vikas Singh,Male,35,Operations,Operations Executive,MBA,14,75824,Bengaluru,2022-06-01,No,3,No
1065,Anjali Singh,Female,22,IT,Analyst,B.Tech,2,67718,Jaipur,2024-03-30,No,3,No
1066,Pooja Patel,Female,44,Sales,Sales Executive,Graduate,16,88090,Pune,2019-11-05,Yes,4,No
1067,Mohit Roy,Female,47,Operations,Supervisor,MBA,18,82339,Chennai,2016-12-18,No,3,No
1068,Deepak Kumar,Male,47,Finance,Financial Analyst,M.Com,20,101494,Ahmedabad,2022-07-07,Yes,4,No
1069,Deepak Mehta,Female,40,Sales,Sales Executive,B.Com,12,70601,Ahmedabad,2016-04-19,Yes,4,No
1070,Sonia Sharma,Female,24,Finance,Accountant,B.Tech,1,60994,Kolkata,2020-08-03,No,3,No
1071,Kiran Kumar,Male,36,IT,Analyst,B.Com,9,90441,Delhi,2023-12-18,No,1,Yes
1072,Anjali Patel,Male,34,Marketing,SEO Specialist,M.Com,13,79181,Ahmedabad,2024-05-01,Yes,1,Yes
1073,Deepak Singh,Male,34,Finance,Financial Analyst,M.Com,7,76531,Lucknow,2020-09-12,No,2,Yes
1074,Deepak Kumar,Female,28,Marketing,SEO Specialist,B.Com,8,67634,Ahmedabad,2022-05-27,No,3,No
1075,Pooja Yadav,Male,38,Sales,Sales Executive,M.Com,10,73903,Delhi,2017-02-11,Yes,4,No
1076,Deepak Singh,Female,41,Sales,Sales Manager,Graduate,15,83825,Kolkata,2020-08-19,Yes,2,Yes
1077,Sneha Joshi,Female,22,Finance,Financial Analyst,Graduate,0,56717,Lucknow,2023-10-07,No,2,Yes
1078,Arjun Patel,Male,43,Operations,Operations Executive,Graduate,17,84688,Jaipur,2015-10-08,Yes,4,No
1079,Rohan Gupta,Male,41,HR,Recruiter,M.Com,20,92269,Mumbai,2023-12-06,Yes,2,No
1080,Pooja Verma,Female,42,IT,Analyst,B.Com,16,109272,Mumbai,2024-10-06,Yes,2,Yes
1081,Nisha Patel,Female,44,IT,QA Engineer,B.Com,14,99161,Mumbai,2024-01-09,Yes,4,No
1082,Deepak Patel,Female,39,HR,HR Executive,M.Com,14,79626,Ahmedabad,2017-10-21,Yes,3,No
1083,Deepak Yadav,Male,33,HR,Recruiter,Graduate,7,61870,Chennai,2018-04-24,No,3,No
1084,Priya Verma,Female,30,Operations,Supervisor,MBA,1,47638,Noida,2017-07-31,No,3,No
1085,Nisha Patel,Male,40,Operations,Supervisor,M.Com,20,92061,Mumbai,2016-06-22,Yes,4,Yes
1086,Rohan Roy,Male,32,IT,Analyst,B.Tech,4,75994,Noida,2018-01-21,No,5,No
1087,Neha Yadav,Female,24,Finance,Accountant,B.Tech,2,58696,Kolkata,2024-01-09,No,4,No
1088,Arjun Verma,Male,39,HR,Recruiter,Graduate,14,74295,Chennai,2019-03-02,No,5,No
1089,Neha Kumar,Female,39,Marketing,Marketing Executive,Graduate,10,71626,Bengaluru,2022-04-13,No,1,No
1090,Arjun Mehta,Female,24,Finance,Financial Analyst,B.Com,3,61346,Mumbai,2020-02-02,No,5,No
1091,Priya Roy,Female,41,Finance,Financial Analyst,MBA,20,108017,Lucknow,2015-05-15,No,5,No
1092,Neha Verma,Female,39,HR,HR Executive,Graduate,11,68376,Lucknow,2016-05-15,Yes,1,Yes
1093,Deepak Verma,Male,33,IT,Analyst,MBA,4,73362,Chennai,2021-07-29,No,1,No
1094,Rahul Sharma,Male,30,HR,Recruiter,MBA,8,57129,Chennai,2022-05-31,Yes,5,No
1095,Kiran Singh,Male,22,Sales,Sales Manager,M.Com,0,44347,Lucknow,2019-09-21,No,1,Yes
1096,Anjali Sharma,Female,39,Marketing,Marketing Executive,M.Com,18,95405,Jaipur,2023-02-26,No,5,No
1097,Rahul Patel,Male,30,Finance,Financial Analyst,M.Com,3,64767,Chennai,2016-08-30,No,1,No
1098,Vikas Roy,Male,36,Marketing,Marketing Executive,M.Com,9,73782,Lucknow,2016-04-13,No,5,No
1099,Arjun Roy,Male,38,Finance,Accountant,Graduate,12,81557,Noida,2019-03-14,No,3,No
1100,Vikas Gupta,Male,34,HR,Recruiter,Graduate,13,73605,Bengaluru,2018-09-12,No,2,No
1101,Deepak Singh,Male,34,Marketing,SEO Specialist,B.Com,9,67197,Lucknow,2020-05-29,Yes,5,No
1102,Pooja Patel,Male,37,HR,HR Executive,MBA,8,58705,Bengaluru,2024-03-06,No,4,No
1103,Neha Kumar,Female,34,Operations,Operations Executive,Graduate,9,65251,Kolkata,2022-05-16,Yes,1,Yes
1104,Nisha Sharma,Male,38,IT,Developer,MBA,12,97432,Chennai,2018-08-21,Yes,3,No
1105,Rohan Verma,Female,26,HR,HR Executive,B.Tech,2,47259,Jaipur,2019-12-16,No,4,No
1106,Pooja Sharma,Female,39,HR,HR Executive,MBA,9,67217,Bengaluru,2017-06-22,Yes,4,No
1107,Rahul Kumar,Female,28,IT,Analyst,B.Com,4,74742,Pune,2020-07-30,No,3,No
1108,Anjali Singh,Male,47,Marketing,SEO Specialist,B.Com,17,91302,Jaipur,2019-11-22,No,1,Yes
1109,Sonia Joshi,Male,42,Marketing,SEO Specialist,B.Tech,12,79843,Noida,2018-08-23,Yes,3,No
1110,Deepak Patel,Female,26,Finance,Financial Analyst,MBA,3,64638,Lucknow,2015-11-19,No,5,No
1111,Sneha Kumar,Female,30,IT,Developer,Graduate,2,66868,Mumbai,2023-09-15,No,5,No
1112,Anjali Joshi,Female,28,Sales,Sales Manager,B.Com,6,64869,Chennai,2023-09-01,Yes,2,No
1113,Pooja Sharma,Female,45,Sales,Sales Manager,B.Com,20,92473,Noida,2018-05-25,Yes,4,Yes
1114,Pooja Joshi,Male,41,Sales,Sales Manager,M.Com,14,75616,Chennai,2022-03-25,Yes,1,Yes
1115,Amit Roy,Male,28,Marketing,Marketing Executive,B.Tech,1,54866,Noida,2020-05-02,No,2,Yes
1116,Sneha Gupta,Male,42,Marketing,SEO Specialist,M.Com,20,93641,Jaipur,2021-11-02,No,2,No
1117,Rohan Joshi,Female,39,Sales,Sales Executive,B.Tech,19,92982,Noida,2019-05-03,No,1,Yes
1118,Rohan Mehta,Male,29,Marketing,SEO Specialist,B.Tech,4,58082,Mumbai,2022-12-13,No,4,No
1119,Sneha Roy,Male,37,Operations,Operations Executive,MBA,16,83937,Mumbai,2017-01-08,Yes,5,No
1120,Arjun Gupta,Male,26,IT,QA Engineer,MBA,2,66657,Chennai,2024-05-13,No,5,No
1121,Amit Yadav,Female,26,Finance,Financial Analyst,MBA,4,62962,Ahmedabad,2016-11-09,No,5,No
1122,Nisha Verma,Female,36,Marketing,SEO Specialist,B.Com,9,69333,Ahmedabad,2023-10-18,No,5,No
1123,Deepak Patel,Male,35,Finance,Accountant,M.Com,9,80739,Lucknow,2017-03-28,Yes,5,No
1124,Anjali Mehta,Female,31,Marketing,Marketing Executive,M.Com,3,52542,Noida,2016-10-18,No,3,No
1125,Neha Gupta,Female,39,IT,Developer,Graduate,14,95436,Lucknow,2017-08-23,No,4,Yes
1126,Sonia Roy,Male,45,HR,Recruiter,B.Com,20,87392,Delhi,2020-04-19,No,2,Yes
1127,Neha Patel,Female,24,HR,HR Executive,B.Tech,0,38533,Noida,2020-12-01,No,2,No
1128,Arjun Mehta,Male,33,HR,HR Executive,MBA,7,59989,Bengaluru,2021-09-10,No,1,Yes
1129,Mohit Gupta,Male,29,Finance,Accountant,B.Com,0,55780,Kolkata,2022-06-30,No,2,No
1130,Rohan Sharma,Female,44,Marketing,SEO Specialist,Graduate,16,83333,Lucknow,2019-05-04,Yes,4,No
1131,Deepak Roy,Male,41,IT,QA Engineer,M.Com,20,119533,Mumbai,2018-10-18,Yes,3,No
1132,Nisha Sharma,Male,29,IT,Analyst,B.Tech,2,65605,Kolkata,2023-11-15,No,3,No
1133,Deepak Gupta,Male,44,Finance,Financial Analyst,Graduate,17,96650,Lucknow,2023-10-04,Yes,1,No
1134,Nisha Mehta,Female,39,Finance,Financial Analyst,Graduate,12,86334,Jaipur,2020-07-30,No,3,No
1135,Rohan Roy,Female,42,HR,Recruiter,MBA,13,70456,Ahmedabad,2018-09-05,Yes,5,No
1136,Neha Yadav,Male,34,Sales,Sales Manager,B.Com,14,80776,Mumbai,2023-11-16,Yes,5,No
1137,Sneha Yadav,Female,33,HR,HR Executive,B.Com,4,52179,Mumbai,2017-08-24,No,1,Yes
1138,Vikas Gupta,Female,39,Operations,Supervisor,MBA,14,78095,Noida,2020-12-08,No,4,No
1139,Sonia Patel,Female,32,HR,Recruiter,MBA,5,55982,Chennai,2016-04-27,No,4,No
1140,Sonia Gupta,Male,38,Sales,Sales Manager,Graduate,15,79509,Kolkata,2019-12-29,No,2,No
1141,Priya Roy,Male,33,Marketing,Marketing Executive,B.Tech,9,68080,Kolkata,2017-04-03,Yes,2,No
1142,Mohit Yadav,Female,38,Marketing,SEO Specialist,B.Com,11,79538,Noida,2023-01-15,Yes,2,No
1143,Sonia Kumar,Male,40,IT,Analyst,B.Com,10,86215,Delhi,2016-06-09,No,4,No
1144,Mohit Patel,Female,38,HR,HR Executive,B.Tech,16,79982,Pune,2017-07-12,No,2,Yes
1145,Pooja Joshi,Male,41,Operations,Operations Executive,MBA,17,81550,Chennai,2022-03-10,Yes,3,No
1146,Arjun Verma,Female,44,Operations,Supervisor,B.Com,19,93734,Delhi,2022-03-12,Yes,1,Yes
1147,Rohan Roy,Female,48,Finance,Accountant,Graduate,20,104745,Mumbai,2022-09-06,No,3,No
1148,Kiran Gupta,Female,40,Finance,Financial Analyst,MBA,13,90109,Lucknow,2024-08-29,Yes,2,Yes
1149,Neha Sharma,Male,38,Marketing,SEO Specialist,M.Com,17,90728,Chennai,2017-10-12,Yes,2,Yes
1150,Mohit Roy,Female,29,Finance,Financial Analyst,B.Tech,7,72864,Ahmedabad,2016-10-14,Yes,5,No
1151,Amit Sharma,Female,28,HR,Recruiter,M.Com,2,48281,Chennai,2017-05-31,No,4,No
1152,Sonia Yadav,Female,39,Operations,Supervisor,Graduate,15,83293,Jaipur,2023-02-27,No,1,No
1153,Sonia Mehta,Female,46,HR,Recruiter,B.Com,18,83189,Chennai,2020-08-27,Yes,3,No
1154,Sonia Kumar,Female,25,HR,HR Executive,B.Com,4,51453,Kolkata,2018-10-20,No,3,No
1155,Rahul Joshi,Female,36,Finance,Accountant,B.Tech,16,90742,Chennai,2020-04-24,Yes,1,Yes
1156,Kiran Joshi,Female,31,Sales,Sales Manager,M.Com,5,57402,Delhi,2024-04-15,No,5,No
1157,Pooja Roy,Male,40,Sales,Sales Manager,B.Com,10,66795,Chennai,2023-02-18,No,4,No
1158,Rahul Verma,Female,30,IT,Developer,B.Com,1,70371,Noida,2023-09-08,No,2,No
1159,Vikas Mehta,Male,27,IT,QA Engineer,M.Com,0,65139,Delhi,2022-09-29,No,4,No
1160,Mohit Yadav,Female,32,Operations,Supervisor,MBA,4,50397,Ahmedabad,2022-06-05,No,5,No
1161,Mohit Patel,Female,38,Marketing,Marketing Executive,B.Tech,10,73804,Bengaluru,2017-10-06,Yes,3,No
1162,Rohan Singh,Female,33,Operations,Supervisor,M.Com,6,57194,Lucknow,2023-12-02,No,4,No
1163,Priya Verma,Female,29,IT,QA Engineer,B.Tech,9,87212,Kolkata,2017-11-16,Yes,1,Yes
1164,Arjun Verma,Male,30,Operations,Operations Executive,Graduate,8,58789,Jaipur,2015-07-27,Yes,5,No
1165,Anjali Verma,Female,36,Sales,Sales Manager,B.Tech,15,79752,Bengaluru,2022-04-28,Yes,1,No
1166,Vikas Kumar,Male,22,Operations,Operations Executive,M.Com,1,48906,Ahmedabad,2015-06-02,No,2,No
1167,Anjali Mehta,Female,29,IT,QA Engineer,M.Com,9,82651,Mumbai,2018-10-04,Yes,3,No
1168,Kiran Kumar,Female,38,Marketing,Marketing Executive,B.Tech,14,81159,Bengaluru,2022-04-09,No,1,Yes
1169,Rahul Kumar,Male,28,Marketing,SEO Specialist,B.Tech,6,64643,Pune,2022-07-04,Yes,4,No
1170,Rohan Gupta,Male,34,HR,HR Executive,Graduate,8,58858,Noida,2018-05-21,No,4,No
1171,Kiran Singh,Female,31,Finance,Financial Analyst,B.Tech,9,79142,Chennai,2023-08-20,No,5,No
1172,Kiran Mehta,Female,29,IT,Analyst,B.Com,7,85334,Pune,2019-03-11,No,2,Yes
1173,Amit Mehta,Male,40,IT,QA Engineer,MBA,19,116109,Chennai,2021-04-29,Yes,4,No
1174,Kiran Joshi,Male,26,Marketing,SEO Specialist,Graduate,4,58375,Kolkata,2022-08-18,No,5,No
1175,Mohit Roy,Male,28,Finance,Financial Analyst,Graduate,1,54661,Jaipur,2021-04-28,No,5,No
1176,Mohit Sharma,Male,23,Sales,Sales Executive,M.Com,0,49475,Delhi,2018-11-12,No,1,Yes
1177,Vikas Singh,Female,35,Sales,Sales Executive,B.Tech,13,74718,Noida,2020-01-12,No,4,No
1178,Anjali Mehta,Female,43,IT,Analyst,B.Com,17,111164,Jaipur,2015-04-04,Yes,2,No
1179,Amit Yadav,Male,34,IT,QA Engineer,Graduate,7,83171,Pune,2023-02-17,No,2,Yes
1180,Priya Sharma,Male,23,IT,Analyst,M.Com,2,74731,Pune,2022-07-15,No,1,Yes
1181,Pooja Joshi,Female,26,Marketing,SEO Specialist,MBA,6,60295,Bengaluru,2023-03-16,Yes,5,No
1182,Arjun Yadav,Male,39,IT,QA Engineer,M.Com,16,106775,Delhi,2021-08-20,No,3,No
1183,Vikas Kumar,Female,50,Sales,Sales Manager,MBA,20,96244,Pune,2016-09-03,Yes,5,No
1184,Vikas Verma,Male,31,Sales,Sales Manager,MBA,4,50944,Lucknow,2019-09-03,No,5,No
1185,Vikas Joshi,Female,29,Operations,Operations Executive,Graduate,2,48079,Pune,2015-07-31,No,1,No
1186,Nisha Verma,Male,40,Marketing,Marketing Executive,M.Com,17,93354,Pune,2015-03-04,No,2,No
1187,Rohan Patel,Female,42,Operations,Supervisor,B.Com,19,90998,Ahmedabad,2020-12-25,Yes,2,No
1188,Pooja Verma,Male,30,Finance,Accountant,Graduate,3,62746,Bengaluru,2019-08-23,No,2,Yes
1189,Anjali Mehta,Male,47,Marketing,SEO Specialist,B.Tech,18,94841,Ahmedabad,2019-04-05,Yes,3,No
1190,Rahul Mehta,Female,47,Operations,Operations Executive,B.Com,20,94550,Delhi,2021-02-16,Yes,2,No
1191,Amit Verma,Male,21,HR,Recruiter,B.Tech,1,44256,Delhi,2022-12-06,No,2,No
1192,Amit Mehta,Male,50,Marketing,SEO Specialist,B.Com,20,100916,Bengaluru,2019-08-12,No,4,Yes
1193,Priya Joshi,Male,46,HR,Recruiter,B.Tech,16,82054,Bengaluru,2016-09-01,Yes,2,Yes
1194,Rohan Singh,Male,27,Finance,Accountant,Graduate,2,61652,Jaipur,2022-10-26,No,4,No
1195,Arjun Gupta,Female,40,Finance,Accountant,B.Com,12,87798,Delhi,2024-06-24,Yes,1,No
1196,Rahul Gupta,Male,35,IT,Developer,MBA,6,82790,Chennai,2018-02-22,Yes,3,Yes
1197,Vikas Kumar,Female,33,IT,QA Engineer,Graduate,12,94903,Kolkata,2022-08-05,No,2,No
1198,Sonia Gupta,Female,31,Operations,Operations Executive,B.Tech,11,66100,Ahmedabad,2021-10-14,Yes,4,No
1199,Neha Joshi,Female,32,Finance,Financial Analyst,MBA,7,76560,Noida,2022-05-30,No,4,No
1200,Anjali Gupta,Female,30,HR,Recruiter,Graduate,8,61225,Mumbai,2015-01-22,Yes,2,No
1201,Amit Singh,Male,31,HR,Recruiter,B.Com,5,54853,Noida,2019-07-30,No,5,No
1202,Pooja Mehta,Male,44,Marketing,Marketing Executive,M.Com,19,96811,Mumbai,2015-12-13,Yes,1,Yes
1203,Rohan Roy,Female,32,IT,Developer,B.Tech,8,84397,Bengaluru,2018-02-04,Yes,4,No
1204,Vikas Gupta,Male,47,IT,QA Engineer,M.Com,20,119728,Lucknow,2018-06-01,Yes,5,No
1205,Anjali Gupta,Male,36,Finance,Accountant,M.Com,10,84738,Lucknow,2022-10-18,No,2,Yes
1206,Sneha Singh,Female,47,Sales,Sales Executive,B.Com,20,99435,Kolkata,2023-10-24,Yes,2,Yes
1207,Deepak Yadav,Male,37,IT,QA Engineer,M.Com,17,110063,Mumbai,2022-10-08,Yes,2,Yes
1208,Pooja Yadav,Female,32,Operations,Supervisor,B.Com,9,63639,Delhi,2021-09-15,Yes,2,No
1209,Pooja Yadav,Male,46,Sales,Sales Manager,M.Com,17,83892,Noida,2022-04-04,Yes,1,No
1210,Anjali Gupta,Male,27,HR,Recruiter,M.Com,3,46137,Chennai,2021-04-04,No,5,No
1211,Deepak Kumar,Male,38,Operations,Supervisor,B.Tech,16,82651,Lucknow,2015-12-18,Yes,1,Yes
1212,Sneha Singh,Female,34,Finance,Financial Analyst,Graduate,6,72912,Noida,2022-10-24,Yes,3,No
1213,Sneha Mehta,Male,40,HR,Recruiter,M.Com,10,61791,Pune,2021-03-10,No,2,No
1214,Anjali Joshi,Male,42,Finance,Financial Analyst,M.Com,20,103053,Delhi,2024-11-26,No,4,No
1215,Priya Roy,Female,29,Operations,Operations Executive,B.Tech,6,56560,Ahmedabad,2019-02-07,No,1,No
1216,Deepak Roy,Female,45,Marketing,Marketing Executive,B.Tech,20,102780,Chennai,2018-11-26,No,4,No
1217,Rahul Gupta,Male,32,Marketing,Marketing Executive,B.Com,2,50194,Jaipur,2018-06-04,No,3,No
1218,Mohit Kumar,Male,41,Finance,Financial Analyst,B.Tech,19,106917,Mumbai,2021-01-10,No,4,No
1219,Mohit Mehta,Female,37,IT,QA Engineer,M.Com,10,85878,Jaipur,2017-03-10,No,3,No
1220,Rohan Sharma,Male,41,Operations,Supervisor,MBA,15,81772,Kolkata,2023-12-04,No,4,No
1221,Rohan Mehta,Male,32,Sales,Sales Manager,B.Com,5,61767,Delhi,2016-04-08,No,4,No
1222,Rohan Sharma,Male,42,Operations,Supervisor,B.Tech,14,75580,Lucknow,2023-06-05,No,4,No
1223,Rahul Joshi,Female,35,HR,HR Executive,MBA,14,73882,Pune,2022-12-21,Yes,2,No
1224,Rohan Joshi,Female,43,HR,Recruiter,B.Com,18,88720,Noida,2022-11-23,Yes,3,No
1225,Sonia Yadav,Male,33,IT,Analyst,MBA,13,97043,Chennai,2018-08-12,Yes,2,No
1226,Vikas Mehta,Male,38,Operations,Supervisor,B.Tech,8,63786,Ahmedabad,2024-11-13,No,4,No
1227,Sonia Mehta,Male,39,Finance,Financial Analyst,MBA,10,75040,Jaipur,2019-01-07,No,1,No
1228,Sonia Gupta,Female,39,IT,QA Engineer,Graduate,15,102789,Delhi,2021-05-07,No,3,No
1229,Kiran Kumar,Male,47,HR,Recruiter,MBA,20,85266,Bengaluru,2019-10-19,No,1,No
1230,Vikas Patel,Male,45,HR,HR Executive,M.Com,20,89102,Noida,2016-11-08,No,1,Yes
1231,Mohit Roy,Male,23,Operations,Operations Executive,Graduate,3,47996,Lucknow,2021-08-28,No,4,Yes
1232,Neha Gupta,Male,35,HR,Recruiter,B.Tech,13,75326,Mumbai,2024-01-15,Yes,1,Yes
1233,Anjali Gupta,Male,34,Finance,Accountant,MBA,4,62340,Jaipur,2022-04-16,No,1,Yes
1234,Sneha Yadav,Female,37,Marketing,SEO Specialist,MBA,14,79420,Pune,2023-03-10,Yes,1,Yes
1235,Deepak Patel,Male,41,Sales,Sales Executive,B.Com,20,94065,Chennai,2018-03-13,No,5,No
1236,Priya Roy,Male,32,Marketing,Marketing Executive,B.Com,6,62842,Delhi,2019-04-30,Yes,1,No
1237,Sonia Singh,Female,32,Sales,Sales Executive,B.Com,10,71337,Noida,2016-12-08,No,5,No
1238,Vikas Yadav,Female,31,HR,HR Executive,B.Com,8,55652,Kolkata,2022-12-28,Yes,1,No
1239,Mohit Gupta,Male,28,Marketing,SEO Specialist,B.Com,4,54369,Noida,2017-04-12,No,3,Yes
1240,Rohan Kumar,Male,36,Sales,Sales Executive,Graduate,13,73448,Mumbai,2020-02-01,Yes,2,Yes
1241,Rahul Gupta,Female,22,Operations,Operations Executive,B.Tech,0,45133,Noida,2023-10-13,No,3,No
1242,Anjali Roy,Male,36,HR,Recruiter,Graduate,10,64456,Ahmedabad,2021-06-19,No,5,Yes
1243,Priya Mehta,Male,30,Marketing,Marketing Executive,Graduate,5,58077,Delhi,2021-06-08,No,3,No
1244,Mohit Yadav,Male,28,IT,Developer,B.Tech,1,68463,Pune,2017-01-03,No,4,No
1245,Priya Mehta,Male,34,Finance,Accountant,M.Com,10,76276,Noida,2015-08-04,No,5,No
1246,Kiran Joshi,Female,33,Finance,Accountant,M.Com,9,77862,Lucknow,2021-04-28,Yes,1,Yes
1247,Mohit Gupta,Male,38,Marketing,Marketing Executive,B.Tech,15,89454,Delhi,2015-04-08,No,2,Yes
1248,Kiran Patel,Male,36,Operations,Operations Executive,Graduate,12,68703,Pune,2015-09-03,No,2,No
1249,Pooja Joshi,Male,38,Marketing,Marketing Executive,M.Com,13,83011,Mumbai,2019-06-04,No,1,No
1250,Rohan Verma,Female,33,IT,Developer,MBA,9,87661,Mumbai,2018-07-26,No,4,No
1251,Neha Mehta,Female,25,Marketing,SEO Specialist,MBA,3,52231,Ahmedabad,2018-07-10,No,2,Yes
1252,Priya Gupta,Male,38,Sales,Sales Executive,Graduate,14,76964,Pune,2024-04-07,No,1,Yes
1253,Deepak Roy,Female,40,Sales,Sales Executive,Graduate,12,70802,Ahmedabad,2015-05-08,No,3,No
1254,Deepak Yadav,Male,25,HR,Recruiter,Graduate,4,45195,Chennai,2016-06-19,No,1,No
1255,Neha Gupta,Male,29,Marketing,Marketing Executive,Graduate,8,63357,Ahmedabad,2024-01-28,No,1,Yes
1256,Rahul Gupta,Female,34,HR,HR Executive,MBA,5,54596,Bengaluru,2019-04-17,No,4,No
1257,Vikas Mehta,Female,36,Sales,Sales Manager,Graduate,14,75567,Noida,2018-04-23,Yes,5,No
1258,Vikas Gupta,Male,34,Sales,Sales Manager,B.Com,12,76868,Ahmedabad,2023-12-30,Yes,2,No
1259,Amit Patel,Male,46,Sales,Sales Executive,M.Com,18,90269,Kolkata,2021-09-11,Yes,4,No
1260,Sonia Verma,Male,41,Sales,Sales Manager,B.Tech,18,87615,Mumbai,2020-12-25,Yes,1,Yes
1261,Pooja Joshi,Female,36,IT,Developer,B.Com,7,82710,Pune,2022-11-09,Yes,3,No
1262,Amit Mehta,Male,41,Finance,Financial Analyst,Graduate,17,95376,Lucknow,2021-09-30,Yes,4,Yes
1263,Pooja Kumar,Male,28,Marketing,Marketing Executive,B.Com,6,63582,Lucknow,2015-03-31,Yes,2,No
1264,Kiran Yadav,Male,41,HR,Recruiter,B.Tech,11,68981,Mumbai,2016-07-12,Yes,5,No
1265,Rahul Kumar,Female,46,Operations,Operations Executive,B.Com,17,85346,Jaipur,2023-03-26,Yes,2,No
1266,Arjun Joshi,Male,23,Marketing,Marketing Executive,M.Com,1,55369,Mumbai,2021-11-09,No,3,No
1267,Deepak Gupta,Male,25,Sales,Sales Manager,Graduate,2,50682,Bengaluru,2024-12-05,No,3,No
1268,Anjali Yadav,Female,28,IT,Developer,M.Com,7,83242,Ahmedabad,2015-07-17,No,3,No
1269,Rahul Roy,Male,39,Finance,Accountant,Graduate,11,83649,Bengaluru,2023-07-03,No,1,No
1270,Mohit Singh,Male,34,HR,Recruiter,B.Com,10,61715,Chennai,2016-10-21,No,1,Yes
1271,Neha Gupta,Male,26,Finance,Accountant,MBA,0,52703,Jaipur,2016-10-05,No,5,No
1272,Rahul Sharma,Female,45,Operations,Supervisor,Graduate,17,83846,Jaipur,2019-05-29,Yes,3,No
1273,Neha Roy,Female,39,HR,HR Executive,B.Tech,9,67333,Jaipur,2016-11-30,Yes,4,No
1274,Rahul Roy,Female,45,Finance,Accountant,B.Tech,15,91841,Ahmedabad,2019-04-12,Yes,1,No
1275,Neha Gupta,Male,31,Finance,Financial Analyst,B.Com,8,74400,Pune,2022-06-26,No,5,Yes
1276,Pooja Verma,Female,27,Marketing,SEO Specialist,B.Tech,1,54061,Noida,2022-09-15,No,4,No
1277,Neha Roy,Male,29,Finance,Accountant,MBA,1,61858,Pune,2022-08-07,No,5,No
1278,Deepak Joshi,Male,24,IT,Analyst,B.Tech,4,76936,Noida,2024-03-23,No,1,No
1279,Sonia Joshi,Male,40,HR,Recruiter,Graduate,12,71510,Jaipur,2020-02-20,Yes,5,No
1280,Pooja Singh,Male,33,IT,Analyst,B.Com,4,79632,Lucknow,2016-02-15,No,5,No
1281,Rahul Joshi,Female,34,Finance,Financial Analyst,Graduate,8,77955,Jaipur,2018-02-02,Yes,5,No
1282,Rohan Patel,Female,27,Sales,Sales Manager,Graduate,7,65285,Pune,2024-03-02,Yes,3,No
1283,Anjali Verma,Male,36,IT,Analyst,M.Com,9,87757,Kolkata,2016-01-01,No,3,No
1284,Rahul Mehta,Female,29,Sales,Sales Executive,MBA,1,45104,Pune,2020-09-06,No,1,Yes
1285,Rohan Gupta,Male,24,IT,Analyst,B.Com,1,63041,Jaipur,2019-01-16,No,4,Yes
1286,Rahul Roy,Female,33,Operations,Supervisor,B.Tech,3,45000,Mumbai,2021-08-30,No,2,Yes
1287,Deepak Verma,Male,26,Sales,Sales Executive,MBA,2,45449,Bengaluru,2024-07-29,No,4,Yes
1288,Priya Patel,Male,41,Operations,Supervisor,B.Tech,13,69828,Jaipur,2016-12-10,Yes,1,Yes
1289,Pooja Singh,Female,38,Finance,Accountant,B.Com,11,81628,Lucknow,2024-03-30,No,2,Yes
1290,Rohan Gupta,Female,49,Marketing,SEO Specialist,B.Tech,20,102978,Bengaluru,2015-09-19,Yes,3,No
1291,Arjun Gupta,Female,32,IT,QA Engineer,MBA,4,73937,Delhi,2021-09-23,No,1,No
1292,Sneha Verma,Male,39,Operations,Supervisor,B.Tech,15,78750,Kolkata,2021-07-16,No,4,No
1293,Kiran Patel,Male,35,Sales,Sales Executive,B.Tech,5,61646,Noida,2020-04-12,No,2,Yes
1294,Anjali Singh,Female,34,IT,Analyst,Graduate,11,92531,Chennai,2017-12-03,Yes,4,No
1295,Amit Kumar,Female,40,Marketing,Marketing Executive,MBA,19,98236,Lucknow,2018-05-07,Yes,2,No
1296,Sneha Kumar,Female,45,Finance,Financial Analyst,Graduate,18,97346,Delhi,2015-11-28,Yes,3,No
1297,Rahul Joshi,Male,31,Finance,Financial Analyst,M.Com,8,72762,Jaipur,2023-07-25,No,5,No
1298,Amit Sharma,Male,41,Finance,Accountant,MBA,15,87576,Lucknow,2018-08-12,No,1,No
1299,Deepak Sharma,Male,25,Sales,Sales Manager,B.Tech,4,56284,Ahmedabad,2016-11-15,No,5,No
1300,Nisha Roy,Female,45,Operations,Supervisor,MBA,16,85587,Mumbai,2016-07-02,No,3,No
1301,Neha Gupta,Male,23,Finance,Accountant,M.Com,0,53675,Bengaluru,2015-03-31,No,2,Yes
1302,Vikas Roy,Male,39,Marketing,SEO Specialist,Graduate,19,100230,Kolkata,2022-09-26,Yes,1,No
1303,Pooja Joshi,Female,37,Sales,Sales Executive,M.Com,15,80866,Noida,2022-06-06,No,1,Yes
1304,Deepak Mehta,Female,40,Marketing,Marketing Executive,B.Tech,19,95131,Jaipur,2023-09-22,No,1,No
1305,Sneha Verma,Female,25,Sales,Sales Executive,Graduate,5,61480,Noida,2022-09-19,No,4,No
1306,Nisha Patel,Male,48,HR,HR Executive,M.Com,18,88095,Bengaluru,2023-02-11,Yes,2,No
1307,Vikas Singh,Female,34,Sales,Sales Executive,Graduate,14,76635,Delhi,2022-08-04,Yes,2,No
1308,Sneha Gupta,Male,42,IT,Developer,Graduate,20,115384,Jaipur,2018-01-03,No,3,No
1309,Neha Kumar,Male,38,Finance,Accountant,MBA,14,91319,Noida,2023-12-09,No,4,No
1310,Deepak Kumar,Male,45,Finance,Financial Analyst,M.Com,18,104321,Noida,2019-01-08,Yes,4,No
1311,Arjun Gupta,Male,34,Finance,Accountant,M.Com,14,86037,Pune,2024-09-26,Yes,3,No
1312,Arjun Kumar,Male,41,Finance,Financial Analyst,M.Com,11,83805,Mumbai,2015-08-12,No,2,No
1313,Vikas Verma,Female,40,HR,HR Executive,M.Com,15,76446,Ahmedabad,2017-07-01,Yes,3,No
1314,Neha Yadav,Male,35,Marketing,SEO Specialist,Graduate,14,86166,Kolkata,2023-05-11,No,4,No
1315,Arjun Roy,Male,21,Marketing,SEO Specialist,B.Tech,0,52899,Delhi,2024-12-24,No,5,No
1316,Neha Singh,Female,39,IT,QA Engineer,MBA,14,104177,Delhi,2019-01-28,No,5,No
1317,Anjali Kumar,Male,41,Sales,Sales Manager,Graduate,11,72283,Bengaluru,2015-07-07,No,5,No
1318,Neha Yadav,Female,29,Marketing,Marketing Executive,B.Com,6,59978,Noida,2017-02-19,No,4,No
1319,Mohit Yadav,Male,44,Finance,Financial Analyst,B.Com,14,94655,Mumbai,2020-12-12,No,5,No
1320,Mohit Yadav,Female,40,Operations,Supervisor,B.Com,18,84103,Pune,2024-11-24,No,1,Yes
1321,Deepak Mehta,Female,37,Sales,Sales Manager,B.Com,12,74819,Pune,2021-10-03,Yes,4,No
1322,Mohit Mehta,Male,35,IT,QA Engineer,B.Tech,6,79760,Noida,2022-12-19,Yes,3,No
1323,Nisha Yadav,Female,44,Sales,Sales Executive,B.Com,17,92048,Noida,2022-07-24,No,5,No
1324,Arjun Patel,Female,34,HR,HR Executive,Graduate,12,65869,Bengaluru,2016-10-21,No,1,Yes
1325,Kiran Mehta,Male,37,IT,Analyst,MBA,17,108376,Kolkata,2023-04-17,No,4,No
1326,Mohit Sharma,Female,39,Operations,Operations Executive,B.Tech,9,60269,Pune,2022-09-07,No,4,No
1327,Rohan Roy,Male,37,Marketing,Marketing Executive,Graduate,14,84025,Mumbai,2023-09-15,No,5,No
1328,Pooja Patel,Male,37,IT,Developer,B.Tech,16,106180,Ahmedabad,2016-06-16,No,1,Yes
1329,Anjali Joshi,Female,24,Operations,Supervisor,Graduate,4,49518,Lucknow,2023-09-04,No,3,No
1330,Sneha Verma,Male,29,Marketing,Marketing Executive,B.Tech,7,69029,Lucknow,2019-07-11,No,1,No
1331,Neha Gupta,Male,32,Sales,Sales Manager,MBA,9,71191,Chennai,2022-04-13,No,4,No
1332,Mohit Patel,Female,27,Marketing,Marketing Executive,B.Com,7,65758,Lucknow,2019-04-30,No,4,No
1333,Neha Kumar,Male,43,Marketing,Marketing Executive,Graduate,16,90975,Pune,2018-08-05,No,1,Yes
1334,Arjun Singh,Female,43,Operations,Operations Executive,Graduate,20,93950,Ahmedabad,2024-11-07,No,1,Yes
1335,Pooja Verma,Male,30,Operations,Supervisor,M.Com,10,63433,Jaipur,2021-04-04,No,1,Yes
1336,Arjun Joshi,Male,46,Finance,Accountant,B.Com,20,107094,Delhi,2020-12-30,No,3,Yes
1337,Pooja Singh,Female,27,Operations,Supervisor,M.Com,2,50238,Jaipur,2022-09-10,No,1,Yes
1338,Sonia Mehta,Female,27,Finance,Financial Analyst,MBA,0,52561,Bengaluru,2023-05-17,No,5,No
1339,Pooja Joshi,Male,45,Operations,Supervisor,B.Com,20,87182,Kolkata,2015-06-21,Yes,5,No
1340,Rahul Kumar,Male,32,HR,HR Executive,B.Com,9,63133,Bengaluru,2020-09-30,No,2,Yes
1341,Arjun Mehta,Female,25,IT,Developer,B.Tech,3,76794,Noida,2021-02-26,No,1,No
1342,Arjun Verma,Male,26,Sales,Sales Executive,B.Tech,3,57012,Chennai,2019-01-02,No,4,No
1343,Pooja Joshi,Male,31,HR,Recruiter,B.Tech,6,57960,Jaipur,2022-10-11,No,4,No
1344,Rahul Gupta,Female,25,IT,Analyst,M.Com,0,64033,Ahmedabad,2018-02-07,No,2,No
1345,Deepak Kumar,Female,36,Sales,Sales Executive,B.Tech,9,71538,Noida,2024-06-09,No,1,Yes
1346,Nisha Sharma,Male,22,Operations,Supervisor,B.Com,2,50309,Kolkata,2023-08-17,No,1,No
1347,Rahul Roy,Female,42,Finance,Accountant,M.Com,20,105993,Lucknow,2023-03-23,No,4,No
1348,Anjali Kumar,Male,30,Marketing,Marketing Executive,B.Com,0,46913,Chennai,2023-06-29,No,5,No
1349,Neha Patel,Male,31,Operations,Supervisor,MBA,4,52878,Delhi,2020-06-20,No,1,Yes
1350,Arjun Gupta,Male,34,Operations,Operations Executive,B.Com,6,57918,Bengaluru,2015-07-10,No,4,No
1351,Mohit Patel,Male,37,Operations,Supervisor,MBA,8,65918,Kolkata,2019-02-05,No,5,No
1352,Anjali Kumar,Male,36,Finance,Accountant,Graduate,11,85476,Kolkata,2024-11-21,Yes,4,No
1353,Arjun Verma,Male,31,Operations,Supervisor,B.Tech,8,59461,Noida,2024-02-29,No,2,Yes
1354,Amit Kumar,Male,42,Finance,Accountant,MBA,15,90952,Kolkata,2015-04-02,No,5,No
1355,Nisha Patel,Male,40,HR,HR Executive,MBA,18,80916,Ahmedabad,2019-07-19,Yes,2,Yes
1356,Pooja Mehta,Male,42,Marketing,SEO Specialist,MBA,15,83294,Lucknow,2024-03-14,No,2,No
1357,Mohit Mehta,Male,48,Finance,Financial Analyst,MBA,19,98627,Chennai,2015-03-09,Yes,2,Yes
1358,Neha Roy,Male,32,HR,HR Executive,B.Com,5,57327,Kolkata,2023-06-09,No,1,No
1359,Priya Roy,Female,46,HR,Recruiter,B.Tech,20,93553,Chennai,2020-12-10,Yes,4,No
1360,Rohan Joshi,Male,39,Operations,Supervisor,B.Tech,18,88971,Pune,2024-08-19,No,2,Yes
1361,Vikas Gupta,Female,29,HR,HR Executive,MBA,0,43561,Jaipur,2017-04-21,No,1,No
1362,Sonia Verma,Female,42,Operations,Supervisor,B.Com,18,86281,Kolkata,2018-02-02,Yes,5,No
1363,Sonia Yadav,Female,30,Finance,Accountant,Graduate,5,71660,Pune,2018-06-10,No,5,No
1364,Rahul Yadav,Male,26,Finance,Accountant,Graduate,5,66013,Mumbai,2018-10-18,No,5,No
1365,Kiran Yadav,Male,45,Finance,Financial Analyst,B.Com,19,98944,Kolkata,2021-10-30,Yes,1,Yes
1366,Priya Sharma,Female,39,Sales,Sales Executive,B.Com,19,90371,Mumbai,2022-05-14,Yes,4,No
1367,Sneha Yadav,Female,26,Operations,Supervisor,B.Com,1,43419,Pune,2018-02-04,No,1,No
1368,Sneha Patel,Female,21,Marketing,Marketing Executive,B.Com,0,44477,Pune,2024-04-21,No,5,No
1369,Mohit Patel,Male,41,Finance,Financial Analyst,Graduate,12,80076,Kolkata,2021-04-07,No,3,No
1370,Sonia Gupta,Male,46,Sales,Sales Manager,M.Com,17,86598,Chennai,2023-08-20,No,4,No
1371,Sonia Gupta,Male,36,HR,Recruiter,B.Tech,15,76724,Kolkata,2017-06-21,No,1,Yes
1372,Neha Mehta,Female,24,Marketing,Marketing Executive,M.Com,0,47067,Lucknow,2022-07-22,No,3,No
1373,Priya Verma,Male,35,Sales,Sales Manager,MBA,6,59408,Pune,2020-08-05,No,2,No
1374,Pooja Sharma,Female,36,IT,QA Engineer,Graduate,7,83333,Ahmedabad,2022-06-10,Yes,2,No
1375,Vikas Verma,Female,44,Sales,Sales Executive,Graduate,19,95566,Kolkata,2023-07-28,No,5,No
1376,Anjali Singh,Male,43,Finance,Financial Analyst,B.Tech,15,88033,Delhi,2023-09-14,No,5,No
1377,Mohit Patel,Male,32,HR,HR Executive,B.Tech,6,59519,Ahmedabad,2017-11-29,No,1,Yes
1378,Sneha Yadav,Female,35,Marketing,SEO Specialist,M.Com,10,71013,Mumbai,2023-06-08,Yes,4,No
1379,Deepak Yadav,Female,33,Marketing,Marketing Executive,MBA,4,56744,Mumbai,2021-03-24,No,1,No
1380,Sonia Roy,Female,22,Finance,Financial Analyst,B.Tech,0,56906,Kolkata,2024-07-11,No,4,No
1381,Anjali Singh,Female,27,Marketing,SEO Specialist,B.Tech,1,47121,Bengaluru,2024-02-16,No,2,Yes
1382,Pooja Joshi,Male,39,Sales,Sales Executive,B.Tech,11,76633,Lucknow,2018-12-09,Yes,3,No
1383,Deepak Kumar,Male,43,Sales,Sales Manager,M.Com,16,87322,Chennai,2022-01-31,Yes,1,Yes
1384,Kiran Patel,Female,33,Marketing,SEO Specialist,B.Tech,12,74296,Ahmedabad,2022-04-28,Yes,2,Yes
1385,Arjun Patel,Male,46,Sales,Sales Executive,MBA,18,92377,Mumbai,2016-05-27,No,4,No
1386,Mohit Singh,Female,24,Finance,Accountant,B.Tech,3,58545,Chennai,2015-04-18,No,4,No
1387,Anjali Kumar,Female,32,IT,Developer,B.Com,2,71387,Mumbai,2023-04-10,No,3,No
1388,Mohit Roy,Female,31,HR,HR Executive,B.Com,1,43346,Mumbai,2020-03-28,No,3,No
1389,Anjali Mehta,Female,46,Marketing,Marketing Executive,Graduate,19,99740,Ahmedabad,2018-06-22,No,4,No
1390,Sneha Patel,Male,37,Sales,Sales Manager,B.Com,11,71756,Delhi,2024-02-22,Yes,2,Yes
1391,Mohit Gupta,Male,42,Operations,Operations Executive,M.Com,15,79408,Kolkata,2023-12-08,No,1,No
1392,Arjun Verma,Female,35,Finance,Financial Analyst,B.Tech,12,82675,Kolkata,2015-11-21,Yes,4,No
1393,Rohan Joshi,Female,36,Sales,Sales Manager,MBA,13,73621,Lucknow,2020-02-09,Yes,2,Yes
1394,Rohan Kumar,Female,24,HR,Recruiter,Graduate,4,53764,Pune,2016-02-23,No,1,Yes
1395,Sneha Roy,Female,24,HR,HR Executive,B.Tech,4,53086,Noida,2018-06-30,No,2,Yes
1396,Deepak Yadav,Female,25,IT,Developer,Graduate,1,68929,Pune,2024-06-08,No,1,No
1397,Anjali Yadav,Male,37,Finance,Financial Analyst,B.Tech,14,85549,Mumbai,2020-11-04,No,2,Yes
1398,Priya Gupta,Female,29,Operations,Operations Executive,MBA,1,48034,Noida,2022-02-28,No,1,Yes
1399,Sonia Verma,Female,46,IT,Developer,Graduate,20,115316,Chennai,2016-05-05,Yes,1,Yes
1400,Arjun Joshi,Male,44,Operations,Supervisor,Graduate,15,77039,Delhi,2020-08-09,Yes,3,No
1401,Sonia Roy,Female,42,Sales,Sales Executive,Graduate,20,98787,Jaipur,2021-04-06,Yes,1,Yes
1402,Mohit Roy,Female,28,Sales,Sales Executive,B.Com,4,50646,Mumbai,2021-04-08,No,4,No
1403,Neha Mehta,Male,36,Marketing,Marketing Executive,M.Com,11,78174,Bengaluru,2024-08-25,No,3,No
1404,Pooja Gupta,Male,42,Sales,Sales Executive,B.Tech,17,89939,Noida,2024-11-25,No,1,No
1405,Sneha Yadav,Female,43,Operations,Supervisor,Graduate,17,82610,Noida,2016-09-23,No,5,No
1406,Neha Sharma,Male,22,Marketing,SEO Specialist,M.Com,2,50126,Kolkata,2020-06-11,No,2,No
1407,Arjun Roy,Male,42,Marketing,Marketing Executive,M.Com,18,88804,Delhi,2015-02-23,No,3,No
1408,Neha Verma,Female,43,Sales,Sales Executive,Graduate,17,88546,Pune,2015-10-16,Yes,1,No
1409,Kiran Singh,Female,35,Marketing,SEO Specialist,M.Com,12,76164,Jaipur,2017-01-02,No,5,No
1410,Mohit Joshi,Male,27,HR,Recruiter,B.Tech,5,56510,Lucknow,2022-05-17,No,4,No
1411,Vikas Mehta,Male,35,Marketing,SEO Specialist,B.Tech,10,74755,Ahmedabad,2017-09-12,Yes,4,No
1412,Amit Patel,Female,32,Finance,Accountant,MBA,12,80567,Lucknow,2024-12-25,No,3,No
1413,Anjali Gupta,Male,36,HR,HR Executive,MBA,8,63376,Bengaluru,2016-01-22,No,5,No
1414,Kiran Singh,Male,41,Sales,Sales Manager,M.Com,18,88817,Mumbai,2019-06-26,Yes,3,No
1415,Sonia Sharma,Male,39,Finance,Financial Analyst,B.Tech,18,104752,Jaipur,2019-04-12,No,3,Yes
1416,Mohit Sharma,Female,26,Finance,Financial Analyst,B.Com,3,67368,Chennai,2015-08-10,No,1,No
1417,Sonia Joshi,Female,38,IT,QA Engineer,B.Com,10,88617,Noida,2019-05-29,No,2,Yes
1418,Mohit Yadav,Male,37,IT,Analyst,Graduate,13,98960,Jaipur,2021-05-29,Yes,2,Yes
1419,Mohit Joshi,Male,35,Marketing,Marketing Executive,MBA,13,77709,Noida,2022-04-25,No,4,No
1420,Priya Gupta,Female,38,Sales,Sales Manager,B.Com,13,81937,Delhi,2019-02-05,Yes,1,Yes
1421,Priya Gupta,Male,30,Sales,Sales Executive,Graduate,5,59745,Noida,2015-07-03,No,5,No
1422,Rohan Roy,Male,24,Operations,Supervisor,Graduate,1,41919,Lucknow,2022-10-12,No,3,Yes
1423,Kiran Sharma,Male,40,IT,Analyst,B.Com,17,105839,Kolkata,2020-06-01,Yes,5,No
1424,Anjali Sharma,Male,30,HR,HR Executive,M.Com,8,55984,Bengaluru,2018-01-16,No,3,No
1425,Mohit Singh,Female,32,Operations,Supervisor,M.Com,11,64812,Chennai,2017-08-04,No,3,No
1426,Amit Verma,Male,24,Marketing,SEO Specialist,B.Tech,2,51258,Ahmedabad,2021-04-15,No,5,No
1427,Mohit Patel,Male,25,Finance,Accountant,B.Tech,5,68181,Jaipur,2018-05-23,No,3,No
1428,Kiran Yadav,Male,41,HR,HR Executive,M.Com,17,81195,Pune,2016-07-16,Yes,2,Yes
1429,Priya Kumar,Male,30,Marketing,Marketing Executive,MBA,4,58118,Bengaluru,2021-01-29,No,5,No
1430,Rahul Gupta,Male,38,Operations,Operations Executive,Graduate,16,84046,Lucknow,2015-10-05,Yes,2,No
1431,Amit Joshi,Male,37,Finance,Financial Analyst,B.Com,13,89758,Chennai,2016-06-22,Yes,3,No
1432,Mohit Joshi,Male,36,Marketing,SEO Specialist,B.Tech,7,64304,Mumbai,2020-05-06,No,2,No
1433,Nisha Patel,Male,42,Finance,Financial Analyst,MBA,15,89753,Pune,2023-07-29,Yes,2,Yes
1434,Nisha Verma,Female,24,IT,Analyst,M.Com,2,72197,Delhi,2018-08-23,No,5,No
1435,Mohit Singh,Male,37,Marketing,SEO Specialist,M.Com,12,79457,Delhi,2021-01-05,No,5,No
1436,Rohan Roy,Male,44,IT,Analyst,B.Tech,16,106481,Bengaluru,2015-07-21,No,1,No
1437,Anjali Roy,Male,31,Finance,Accountant,B.Com,5,67323,Noida,2022-09-27,No,5,No
1438,Pooja Verma,Female,46,IT,Analyst,Graduate,18,107216,Bengaluru,2017-01-02,No,4,No
1439,Mohit Yadav,Male,42,Sales,Sales Executive,M.Com,20,92024,Kolkata,2019-01-26,Yes,1,Yes
1440,Rahul Kumar,Male,23,Finance,Accountant,Graduate,1,57991,Jaipur,2024-09-03,No,5,No
1441,Pooja Patel,Male,36,Sales,Sales Executive,M.Com,9,67231,Ahmedabad,2017-04-10,Yes,2,Yes
1442,Vikas Roy,Female,37,Finance,Accountant,B.Com,17,102461,Chennai,2020-05-02,No,4,No
1443,Rahul Kumar,Male,35,HR,HR Executive,B.Tech,7,57056,Delhi,2017-04-30,No,5,No
1444,Neha Yadav,Male,31,IT,Developer,MBA,1,71971,Bengaluru,2015-12-26,No,5,No
1445,Sonia Patel,Male,48,Marketing,SEO Specialist,B.Tech,19,99710,Jaipur,2015-05-27,Yes,2,No
1446,Sneha Mehta,Female,41,HR,Recruiter,B.Com,13,68563,Pune,2024-08-21,Yes,3,No
1447,Kiran Joshi,Female,35,Operations,Supervisor,M.Com,6,52953,Chennai,2015-12-26,No,1,No
1448,Mohit Roy,Female,36,Sales,Sales Manager,MBA,8,69423,Chennai,2021-04-23,Yes,5,No
1449,Sonia Joshi,Male,32,IT,Analyst,M.Com,9,82525,Delhi,2016-04-28,No,1,Yes
1450,Rohan Mehta,Female,39,Sales,Sales Manager,Graduate,11,70978,Noida,2015-10-05,Yes,1,No
1451,Sneha Gupta,Male,35,Operations,Supervisor,M.Com,10,68488,Delhi,2016-12-20,Yes,5,No
1452,Anjali Yadav,Female,31,Operations,Operations Executive,B.Com,4,49545,Bengaluru,2021-01-08,No,4,No
1453,Neha Kumar,Female,38,Marketing,SEO Specialist,Graduate,10,76779,Lucknow,2023-12-19,No,1,Yes
1454,Kiran Gupta,Female,48,Finance,Accountant,B.Tech,20,102719,Jaipur,2016-04-23,Yes,5,No
1455,Rahul Singh,Female,38,HR,Recruiter,Graduate,15,78588,Pune,2020-11-20,Yes,4,No
1456,Kiran Mehta,Female,42,HR,Recruiter,B.Tech,14,70408,Mumbai,2018-10-25,Yes,4,No
1457,Amit Patel,Male,46,HR,HR Executive,B.Com,16,77174,Noida,2020-11-09,No,2,No
1458,Arjun Verma,Female,34,Sales,Sales Manager,MBA,14,76689,Pune,2015-04-03,No,5,No
1459,Neha Sharma,Female,36,Sales,Sales Executive,MBA,8,65228,Kolkata,2016-10-07,Yes,4,No
1460,Rohan Joshi,Male,42,Sales,Sales Manager,B.Com,17,86940,Ahmedabad,2016-12-02,No,2,No
1461,Vikas Yadav,Male,24,HR,HR Executive,B.Com,4,52712,Chennai,2015-08-09,No,1,Yes
1462,Nisha Roy,Male,43,Operations,Operations Executive,Graduate,14,77826,Ahmedabad,2023-07-04,Yes,3,No
1463,Nisha Gupta,Female,38,HR,Recruiter,MBA,14,77625,Lucknow,2024-08-28,Yes,4,No
1464,Rohan Gupta,Male,41,Sales,Sales Executive,B.Com,14,75495,Noida,2020-03-04,Yes,1,Yes
1465,Priya Joshi,Female,28,Finance,Accountant,B.Com,3,66611,Mumbai,2019-06-30,No,1,No
1466,Mohit Verma,Female,33,Finance,Accountant,Graduate,12,85582,Chennai,2019-11-19,No,2,No
1467,Rahul Patel,Female,32,Finance,Financial Analyst,Graduate,3,67266,Chennai,2016-02-04,No,4,No
1468,Nisha Joshi,Male,45,HR,HR Executive,MBA,19,87864,Mumbai,2017-06-10,Yes,4,No
1469,Rohan Joshi,Female,41,Finance,Financial Analyst,M.Com,17,98889,Lucknow,2022-08-23,Yes,5,No
1470,Nisha Mehta,Female,38,HR,HR Executive,Graduate,18,88362,Kolkata,2015-09-13,No,4,No
1471,Arjun Gupta,Female,27,Sales,Sales Manager,M.Com,3,48010,Jaipur,2021-08-14,No,2,Yes
1472,Deepak Yadav,Female,40,Finance,Accountant,B.Tech,17,95341,Mumbai,2024-06-16,No,4,No
1473,Neha Kumar,Male,21,IT,QA Engineer,M.Com,0,60257,Ahmedabad,2019-11-24,No,2,No
1474,Sneha Verma,Female,45,Operations,Operations Executive,M.Com,19,87445,Chennai,2020-01-18,No,4,No
1475,Amit Sharma,Female,45,HR,Recruiter,B.Tech,18,83878,Noida,2021-06-18,No,5,No
1476,Anjali Mehta,Female,36,Marketing,Marketing Executive,B.Com,15,82827,Chennai,2023-09-26,No,5,No
1477,Mohit Sharma,Female,34,HR,Recruiter,M.Com,7,53779,Kolkata,2015-08-05,Yes,5,No
1478,Amit Joshi,Male,43,Finance,Financial Analyst,B.Com,18,101897,Bengaluru,2018-03-30,No,3,No
1479,Rohan Roy,Male,47,HR,HR Executive,MBA,20,94472,Kolkata,2023-04-09,Yes,2,No
1480,Pooja Kumar,Male,32,HR,HR Executive,M.Com,8,57171,Lucknow,2015-02-28,No,5,No
1481,Pooja Kumar,Male,31,IT,Analyst,M.Com,8,87944,Jaipur,2015-12-12,Yes,2,No
1482,Amit Kumar,Male,44,IT,Analyst,M.Com,14,97740,Ahmedabad,2017-12-18,Yes,2,No
1483,Mohit Yadav,Male,43,Sales,Sales Executive,B.Tech,15,81328,Ahmedabad,2017-12-11,Yes,4,No
1484,Sneha Patel,Female,38,Finance,Financial Analyst,Graduate,10,75672,Bengaluru,2019-11-04,No,1,No
1485,Sneha Mehta,Male,44,Operations,Operations Executive,Graduate,18,89554,Noida,2018-10-14,Yes,2,No
1486,Amit Sharma,Male,34,HR,HR Executive,Graduate,13,76105,Chennai,2017-10-28,No,1,No
1487,Nisha Singh,Male,35,Operations,Operations Executive,B.Tech,6,53995,Bengaluru,2019-03-20,No,1,Yes
1488,Rohan Kumar,Female,32,Finance,Accountant,B.Tech,2,62429,Delhi,2022-10-06,No,3,No
1489,Anjali Verma,Male,37,Finance,Financial Analyst,MBA,12,80984,Ahmedabad,2019-12-10,Yes,3,No
1490,Neha Sharma,Female,32,HR,HR Executive,Graduate,4,52065,Chennai,2019-12-14,No,2,No
1491,Rohan Kumar,Female,35,Operations,Supervisor,M.Com,8,57307,Chennai,2015-06-04,No,4,No
1492,Mohit Verma,Male,43,HR,HR Executive,M.Com,16,82833,Ahmedabad,2024-02-10,No,4,No
1493,Sneha Mehta,Male,46,HR,Recruiter,Graduate,18,85880,Ahmedabad,2022-02-02,Yes,3,No
1494,Kiran Yadav,Female,43,Sales,Sales Executive,B.Tech,20,92893,Ahmedabad,2017-02-21,Yes,5,Yes
1495,Anjali Yadav,Male,47,HR,HR Executive,B.Com,20,88104,Bengaluru,2021-08-25,Yes,2,Yes
1496,Vikas Singh,Male,44,Finance,Accountant,B.Com,17,92768,Ahmedabad,2023-02-01,Yes,1,Yes
1497,Anjali Joshi,Male,39,Operations,Operations Executive,MBA,17,88992,Mumbai,2022-05-02,Yes,2,Yes
1498,Pooja Kumar,Female,35,HR,HR Executive,Graduate,5,48318,Noida,2016-02-03,No,3,No
1499,Sneha Singh,Female,48,Finance,Accountant,B.Tech,19,101113,Pune,2023-04-11,No,1,No
1500,Kiran Gupta,Male,40,HR,HR Executive,M.Com,18,85496,Pune,2019-08-28,Yes,1,Yes
1501,Nisha Roy,Male,23,Marketing,Marketing Executive,Graduate,1,47137,Delhi,2016-10-08,No,5,No
1502,Kiran Kumar,Female,32,IT,Developer,MBA,2,74727,Bengaluru,2024-01-21,No,3,No
1503,Arjun Patel,Male,40,Marketing,SEO Specialist,M.Com,14,81919,Delhi,2020-08-09,Yes,2,Yes
1504,Anjali Verma,Male,30,Marketing,SEO Specialist,Graduate,7,62425,Pune,2024-09-03,No,5,No
1505,Amit Gupta,Male,34,HR,Recruiter,MBA,4,52772,Jaipur,2022-07-07,No,4,No
1506,Rahul Sharma,Male,39,Sales,Sales Manager,B.Com,10,72424,Noida,2021-01-10,Yes,1,Yes
1507,Priya Singh,Female,34,HR,Recruiter,MBA,7,62210,Noida,2022-08-04,Yes,5,No
1508,Rahul Verma,Female,36,IT,QA Engineer,M.Com,13,98652,Mumbai,2015-08-11,No,2,Yes
1509,Kiran Joshi,Male,33,Finance,Accountant,B.Tech,11,84999,Mumbai,2016-06-05,Yes,2,No
1510,Pooja Mehta,Male,41,HR,HR Executive,Graduate,14,76852,Jaipur,2016-10-04,Yes,2,No
1511,Kiran Verma,Female,38,Marketing,Marketing Executive,B.Tech,15,90192,Jaipur,2023-03-10,Yes,4,No
1512,Anjali Mehta,Male,36,Marketing,Marketing Executive,M.Com,7,62940,Kolkata,2015-07-01,Yes,5,No
1513,Priya Kumar,Female,36,Finance,Financial Analyst,B.Tech,15,94912,Pune,2015-02-20,No,4,No
1514,Anjali Roy,Male,22,Operations,Operations Executive,M.Com,2,49860,Mumbai,2020-02-25,No,3,No
1515,Rohan Yadav,Male,47,Sales,Sales Manager,B.Com,20,90022,Kolkata,2020-12-14,No,1,Yes
1516,Nisha Sharma,Female,36,Marketing,Marketing Executive,M.Com,6,59326,Lucknow,2015-08-13,No,5,No
1517,Rahul Gupta,Male,39,Finance,Accountant,B.Com,19,103489,Noida,2015-10-02,No,3,No
1518,Rohan Sharma,Female,44,Operations,Operations Executive,B.Tech,15,77937,Lucknow,2020-08-24,No,2,Yes
1519,Anjali Joshi,Female,43,Finance,Financial Analyst,Graduate,15,96129,Pune,2024-04-03,No,1,Yes
1520,Rahul Patel,Male,23,Finance,Accountant,MBA,2,61400,Ahmedabad,2015-11-12,No,2,Yes
1521,Sneha Yadav,Female,34,IT,Analyst,Graduate,6,75371,Bengaluru,2016-06-24,No,3,No
1522,Arjun Gupta,Female,22,IT,Analyst,B.Com,2,68806,Kolkata,2019-08-14,No,5,No
1523,Priya Roy,Female,41,Marketing,SEO Specialist,B.Tech,14,82982,Delhi,2016-12-04,No,5,No
1524,Deepak Kumar,Male,35,IT,Developer,MBA,11,94969,Noida,2017-01-16,No,2,No
1525,Arjun Gupta,Male,39,HR,Recruiter,MBA,10,62072,Lucknow,2021-04-22,Yes,4,No
1526,Anjali Gupta,Male,39,Finance,Accountant,Graduate,17,101243,Kolkata,2020-08-07,Yes,3,No
1527,Sonia Joshi,Male,40,Marketing,SEO Specialist,B.Tech,10,72842,Noida,2023-06-17,No,4,No
1528,Anjali Gupta,Male,35,Operations,Operations Executive,B.Tech,15,76784,Delhi,2021-12-04,Yes,5,No
1529,Amit Singh,Male,43,Marketing,SEO Specialist,Graduate,20,102558,Kolkata,2018-02-12,No,5,No
1530,Vikas Kumar,Female,33,Finance,Financial Analyst,B.Tech,6,70206,Jaipur,2022-06-24,No,5,No
1531,Priya Roy,Male,24,Sales,Sales Manager,M.Com,0,45651,Bengaluru,2019-12-31,No,3,No
1532,Deepak Mehta,Female,39,IT,Analyst,Graduate,13,94786,Chennai,2018-05-27,Yes,5,No
1533,Kiran Joshi,Female,22,Finance,Accountant,MBA,2,61708,Mumbai,2021-03-26,No,3,No
1534,Priya Sharma,Female,37,Finance,Accountant,MBA,9,80537,Bengaluru,2020-07-16,No,1,No
1535,Amit Singh,Male,50,Sales,Sales Manager,M.Com,20,97742,Noida,2020-07-07,Yes,1,No
1536,Kiran Singh,Female,40,Marketing,SEO Specialist,B.Com,11,78372,Chennai,2022-09-10,Yes,5,No
1537,Sneha Kumar,Male,30,HR,HR Executive,B.Tech,8,64529,Lucknow,2022-10-10,No,1,Yes
1538,Sonia Kumar,Male,45,Finance,Accountant,B.Com,20,100798,Mumbai,2015-11-11,No,3,No
1539,Deepak Kumar,Female,35,Marketing,Marketing Executive,MBA,10,72932,Kolkata,2016-01-28,No,3,No
1540,Mohit Verma,Male,38,Sales,Sales Executive,B.Com,11,74250,Chennai,2017-06-11,Yes,3,No
1541,Nisha Sharma,Male,44,Operations,Supervisor,B.Tech,16,86029,Bengaluru,2016-04-22,No,1,Yes
1542,Amit Singh,Female,33,Operations,Operations Executive,MBA,11,71740,Mumbai,2016-12-06,No,5,No
1543,Neha Sharma,Male,31,Operations,Supervisor,M.Com,7,56553,Delhi,2022-09-30,Yes,2,Yes
1544,Amit Singh,Female,23,IT,Analyst,Graduate,3,75912,Noida,2016-05-02,No,5,Yes
1545,Deepak Patel,Male,42,HR,Recruiter,B.Tech,19,92127,Mumbai,2016-01-07,Yes,2,Yes
1546,Mohit Verma,Male,42,Marketing,Marketing Executive,B.Tech,19,98772,Mumbai,2023-07-24,No,5,Yes
1547,Kiran Joshi,Female,21,Marketing,Marketing Executive,M.Com,0,46506,Noida,2020-04-28,No,5,No
1548,Anjali Singh,Male,37,IT,QA Engineer,MBA,11,94448,Ahmedabad,2018-07-11,No,2,No
1549,Pooja Patel,Female,37,Sales,Sales Manager,MBA,9,63165,Kolkata,2018-03-07,Yes,1,Yes
1550,Amit Roy,Male,35,Finance,Accountant,M.Com,9,75593,Ahmedabad,2019-02-14,No,1,No
1551,Kiran Kumar,Male,23,Marketing,Marketing Executive,B.Tech,2,50348,Pune,2021-08-15,No,4,No
1552,Sonia Joshi,Female,35,Sales,Sales Manager,M.Com,6,61623,Lucknow,2020-08-06,Yes,1,Yes
1553,Rohan Roy,Male,45,Finance,Financial Analyst,MBA,19,105438,Mumbai,2016-03-18,No,5,No
1554,Pooja Gupta,Female,23,HR,HR Executive,B.Tech,3,43617,Chennai,2017-01-03,No,4,No
1555,Arjun Roy,Female,24,Marketing,SEO Specialist,B.Com,3,59018,Bengaluru,2017-04-07,No,4,No
1556,Anjali Gupta,Female,38,Marketing,SEO Specialist,M.Com,10,76955,Ahmedabad,2016-05-02,Yes,1,Yes
1557,Vikas Kumar,Female,23,HR,Recruiter,M.Com,1,46620,Ahmedabad,2016-11-03,No,3,No
1558,Mohit Sharma,Male,48,HR,Recruiter,B.Tech,18,88037,Ahmedabad,2020-05-03,No,5,No
1559,Deepak Gupta,Male,41,Marketing,SEO Specialist,B.Com,12,78779,Delhi,2015-07-04,Yes,3,No
1560,Arjun Verma,Male,36,Operations,Operations Executive,MBA,10,63594,Bengaluru,2018-12-09,Yes,4,No
1561,Amit Roy,Female,23,Marketing,SEO Specialist,B.Com,2,52995,Kolkata,2015-03-22,No,1,Yes
1562,Sneha Joshi,Female,28,Finance,Accountant,M.Com,8,77695,Noida,2021-05-25,Yes,5,Yes
1563,Sneha Yadav,Female,31,Operations,Operations Executive,M.Com,6,60138,Noida,2016-11-13,No,5,No
1564,Pooja Singh,Male,30,Marketing,Marketing Executive,B.Com,6,62344,Lucknow,2024-01-09,No,1,Yes
1565,Arjun Patel,Male,31,Sales,Sales Manager,M.Com,2,53700,Kolkata,2018-11-23,No,4,No
1566,Nisha Sharma,Male,32,Sales,Sales Executive,B.Com,6,61591,Ahmedabad,2023-07-25,No,3,No
1567,Mohit Verma,Male,38,IT,Analyst,M.Com,14,103728,Mumbai,2021-05-07,No,5,No
1568,Arjun Verma,Male,34,IT,Analyst,B.Tech,4,74919,Bengaluru,2024-08-24,No,4,No
1569,Priya Sharma,Male,29,Operations,Operations Executive,B.Tech,5,59350,Ahmedabad,2016-04-10,No,2,Yes
1570,Sonia Patel,Female,43,Finance,Accountant,Graduate,17,99414,Ahmedabad,2015-04-30,Yes,1,Yes
1571,Nisha Gupta,Female,22,HR,HR Executive,M.Com,1,42643,Mumbai,2015-09-18,No,5,No
1572,Anjali Singh,Female,32,IT,Developer,B.Com,3,75696,Noida,2023-09-10,No,1,No
1573,Anjali Yadav,Female,39,Sales,Sales Manager,B.Com,10,71388,Delhi,2017-05-26,Yes,2,No
1574,Nisha Kumar,Female,42,Finance,Financial Analyst,M.Com,17,94350,Lucknow,2017-10-06,No,3,No
1575,Rohan Mehta,Male,30,Sales,Sales Manager,B.Tech,0,49925,Lucknow,2015-08-12,No,1,No
1576,Rohan Singh,Female,31,Operations,Operations Executive,B.Tech,3,48372,Pune,2019-05-29,No,4,No
1577,Anjali Yadav,Female,44,IT,Analyst,M.Com,14,100196,Noida,2015-11-25,Yes,4,No
1578,Anjali Sharma,Female,36,IT,Developer,MBA,8,81087,Ahmedabad,2021-02-21,No,3,No
1579,Rahul Verma,Male,24,Operations,Operations Executive,B.Com,4,53564,Jaipur,2015-12-03,No,2,No
1580,Priya Singh,Female,41,Sales,Sales Manager,B.Tech,14,77187,Mumbai,2018-09-03,No,3,No
1581,Nisha Singh,Male,41,Finance,Financial Analyst,MBA,12,83677,Bengaluru,2022-01-10,No,1,No
1582,Neha Gupta,Male,25,Operations,Operations Executive,B.Com,5,56070,Noida,2017-12-01,No,5,No
1583,Rohan Roy,Female,42,HR,Recruiter,MBA,16,82433,Jaipur,2017-02-19,No,4,No
1584,Rohan Patel,Male,42,IT,Developer,B.Com,19,112136,Ahmedabad,2016-08-20,Yes,2,Yes
1585,Arjun Verma,Female,40,IT,QA Engineer,M.Com,11,95006,Jaipur,2018-08-17,Yes,1,Yes
1586,Pooja Joshi,Female,43,Operations,Operations Executive,Graduate,19,85696,Bengaluru,2020-04-12,No,1,Yes
1587,Pooja Kumar,Male,45,Marketing,SEO Specialist,MBA,19,95456,Kolkata,2021-04-10,Yes,4,No
1588,Neha Gupta,Female,37,Finance,Accountant,MBA,10,77161,Ahmedabad,2016-08-03,No,1,Yes
1589,Vikas Kumar,Female,37,Sales,Sales Manager,M.Com,11,72135,Mumbai,2017-12-16,No,3,No
1590,Rohan Kumar,Female,47,Marketing,SEO Specialist,M.Com,20,93871,Noida,2015-05-27,Yes,2,Yes
1591,Deepak Kumar,Male,28,Finance,Accountant,B.Tech,1,58341,Noida,2020-07-12,No,5,No
1592,Pooja Sharma,Male,31,IT,QA Engineer,B.Com,9,85257,Mumbai,2022-06-09,No,5,No
1593,Vikas Gupta,Male,25,Finance,Accountant,B.Tech,2,63161,Mumbai,2022-08-22,No,1,Yes
1594,Sneha Sharma,Male,29,HR,Recruiter,B.Tech,2,47861,Chennai,2018-01-08,No,4,No
1595,Neha Yadav,Female,26,IT,Analyst,MBA,6,79635,Pune,2021-02-19,No,3,No
1596,Arjun Kumar,Female,22,Finance,Accountant,B.Tech,2,58411,Ahmedabad,2019-07-07,No,2,Yes
1597,Anjali Roy,Male,39,Finance,Financial Analyst,M.Com,9,82387,Bengaluru,2019-02-14,Yes,2,Yes
1598,Neha Sharma,Female,45,Marketing,SEO Specialist,M.Com,19,91978,Pune,2019-11-14,No,4,No
1599,Neha Roy,Female,31,Operations,Supervisor,MBA,4,55638,Mumbai,2020-04-01,No,5,No
1600,Mohit Singh,Male,32,Operations,Supervisor,M.Com,9,68070,Noida,2015-11-10,Yes,4,No
1601,Kiran Roy,Male,42,Finance,Accountant,MBA,18,100823,Jaipur,2015-03-08,No,3,No
1602,Pooja Patel,Female,28,HR,Recruiter,MBA,2,44876,Pune,2020-02-07,No,3,No
1603,Vikas Singh,Male,31,IT,Developer,MBA,2,69248,Ahmedabad,2015-03-15,No,1,Yes
1604,Kiran Yadav,Female,42,Finance,Financial Analyst,Graduate,12,89861,Mumbai,2021-12-01,No,4,No
1605,Anjali Kumar,Male,23,IT,QA Engineer,MBA,0,61833,Jaipur,2015-04-20,No,1,No
1606,Neha Kumar,Male,40,Operations,Operations Executive,M.Com,17,80910,Ahmedabad,2019-09-25,Yes,3,No
1607,Amit Gupta,Female,27,Finance,Accountant,Graduate,0,59588,Jaipur,2021-05-21,No,2,Yes
1608,Mohit Joshi,Female,44,Finance,Financial Analyst,MBA,15,97262,Delhi,2019-06-26,Yes,5,No
1609,Nisha Roy,Female,26,Marketing,Marketing Executive,M.Com,0,52443,Chennai,2018-01-02,No,3,No
1610,Anjali Verma,Female,38,Operations,Operations Executive,B.Com,11,71647,Lucknow,2020-04-06,No,1,Yes
1611,Sonia Roy,Female,36,Marketing,Marketing Executive,B.Com,14,82806,Pune,2022-07-20,No,4,No
1612,Neha Yadav,Female,32,Sales,Sales Manager,B.Tech,2,52911,Pune,2016-10-02,No,2,Yes
1613,Deepak Mehta,Male,37,IT,Developer,Graduate,17,102797,Lucknow,2016-10-11,Yes,3,No
1614,Sonia Sharma,Female,32,Finance,Financial Analyst,MBA,3,61214,Kolkata,2018-10-25,No,1,No
1615,Neha Joshi,Male,23,Marketing,Marketing Executive,B.Com,3,57673,Delhi,2023-06-23,No,4,No
1616,Sonia Mehta,Female,25,Marketing,SEO Specialist,Graduate,3,52434,Mumbai,2018-04-11,No,2,No
1617,Priya Roy,Male,36,Operations,Supervisor,B.Tech,11,66757,Kolkata,2023-08-16,Yes,1,No
1618,Rahul Mehta,Male,26,IT,Analyst,MBA,2,71101,Mumbai,2022-06-16,No,4,No
1619,Rahul Sharma,Female,39,Finance,Accountant,Graduate,13,90016,Lucknow,2015-05-02,Yes,5,No
1620,Nisha Joshi,Male,34,Sales,Sales Executive,B.Com,12,77111,Bengaluru,2022-03-12,Yes,1,Yes
1621,Deepak Patel,Male,42,Finance,Accountant,M.Com,12,89070,Ahmedabad,2018-11-10,Yes,3,No
1622,Nisha Patel,Male,34,Operations,Operations Executive,Graduate,6,59244,Kolkata,2019-07-15,No,3,No
1623,Mohit Gupta,Female,34,Sales,Sales Executive,Graduate,12,78527,Delhi,2021-03-10,Yes,5,No
1624,Deepak Gupta,Male,42,Marketing,SEO Specialist,B.Com,18,91954,Lucknow,2016-03-28,No,3,No
1625,Anjali Gupta,Male,31,HR,HR Executive,B.Com,1,39543,Chennai,2023-04-07,No,4,No
1626,Kiran Yadav,Male,50,Operations,Operations Executive,Graduate,20,95737,Lucknow,2022-06-24,Yes,5,No
1627,Neha Singh,Female,41,Marketing,Marketing Executive,M.Com,18,93919,Mumbai,2024-04-16,No,4,No
1628,Deepak Patel,Female,33,Finance,Financial Analyst,M.Com,6,66279,Ahmedabad,2021-04-08,Yes,3,No
1629,Kiran Verma,Male,41,Operations,Supervisor,M.Com,15,77168,Delhi,2022-11-25,No,2,No
1630,Pooja Patel,Female,33,Operations,Operations Executive,B.Com,5,55551,Mumbai,2016-05-10,No,1,No
1631,Sonia Joshi,Male,35,HR,Recruiter,Graduate,11,68635,Bengaluru,2016-08-08,Yes,3,No
1632,Vikas Roy,Male,28,Sales,Sales Manager,B.Com,6,63008,Ahmedabad,2024-10-05,Yes,1,Yes
1633,Rahul Gupta,Female,39,Sales,Sales Executive,B.Com,12,79923,Chennai,2020-01-17,No,2,No
1634,Kiran Patel,Female,35,Finance,Accountant,MBA,12,86478,Delhi,2024-12-24,No,3,No
1635,Pooja Mehta,Male,44,Marketing,Marketing Executive,M.Com,20,102192,Kolkata,2021-01-28,No,1,No
1636,Deepak Joshi,Male,33,HR,Recruiter,Graduate,3,51213,Kolkata,2017-04-22,No,2,No
1637,Rahul Yadav,Female,36,Marketing,Marketing Executive,B.Com,10,77648,Lucknow,2018-10-24,No,1,Yes
1638,Rahul Patel,Male,29,Finance,Financial Analyst,MBA,8,71878,Delhi,2023-08-13,Yes,1,No
1639,Nisha Gupta,Female,32,Marketing,SEO Specialist,M.Com,10,68445,Noida,2016-08-06,Yes,1,Yes
1640,Neha Patel,Female,29,HR,HR Executive,B.Tech,6,59781,Ahmedabad,2020-08-28,No,5,No
1641,Rohan Mehta,Male,34,Marketing,Marketing Executive,MBA,13,83432,Kolkata,2024-12-08,Yes,1,Yes
1642,Sonia Kumar,Male,28,Operations,Supervisor,B.Com,4,56310,Mumbai,2024-06-28,No,4,No
1643,Arjun Kumar,Female,43,IT,Developer,Graduate,17,111595,Ahmedabad,2024-04-20,No,4,Yes
1644,Amit Kumar,Female,43,Sales,Sales Executive,B.Tech,19,93728,Noida,2024-06-05,Yes,3,No
1645,Nisha Gupta,Female,25,Finance,Financial Analyst,M.Com,3,66617,Bengaluru,2017-05-13,No,3,No
1646,Arjun Sharma,Male,35,IT,QA Engineer,M.Com,10,88450,Delhi,2022-10-04,Yes,4,No
1647,Sonia Singh,Male,31,HR,HR Executive,M.Com,5,56606,Noida,2021-01-13,No,4,No
1648,Neha Roy,Male,41,Sales,Sales Manager,MBA,12,75864,Ahmedabad,2022-10-26,No,4,No
1649,Sonia Verma,Female,27,HR,HR Executive,M.Com,7,57106,Lucknow,2022-01-04,No,3,No
1650,Neha Patel,Female,35,HR,Recruiter,MBA,8,64929,Kolkata,2022-02-28,No,2,Yes
1651,Rahul Patel,Male,48,IT,QA Engineer,MBA,18,114879,Kolkata,2023-05-14,No,5,No
1652,Amit Yadav,Female,31,Operations,Operations Executive,B.Tech,8,57378,Jaipur,2024-11-26,No,5,No
1653,Amit Patel,Male,29,Finance,Financial Analyst,B.Com,8,78491,Ahmedabad,2015-06-28,No,4,No
1654,Kiran Verma,Male,26,Sales,Sales Manager,Graduate,0,43188,Pune,2021-05-31,No,3,No
1655,Sonia Sharma,Female,30,IT,QA Engineer,B.Tech,5,77592,Bengaluru,2020-05-19,No,1,No
1656,Mohit Verma,Female,30,IT,Developer,B.Com,3,71405,Chennai,2024-03-19,No,3,No
1657,Vikas Gupta,Male,33,Finance,Accountant,MBA,3,64814,Delhi,2015-09-06,No,5,No
1658,Rohan Yadav,Male,25,Finance,Financial Analyst,Graduate,1,59575,Chennai,2015-08-17,No,1,Yes
1659,Sneha Sharma,Male,36,Finance,Financial Analyst,B.Com,7,67673,Lucknow,2024-11-13,No,4,No
1660,Arjun Mehta,Male,27,Marketing,SEO Specialist,B.Tech,6,59682,Jaipur,2017-03-04,No,1,Yes
1661,Pooja Yadav,Female,46,Finance,Financial Analyst,B.Tech,19,100546,Chennai,2016-06-06,Yes,2,Yes
1662,Amit Mehta,Female,26,Marketing,Marketing Executive,Graduate,4,60692,Pune,2018-04-07,No,3,No
1663,Sneha Verma,Male,37,Marketing,SEO Specialist,M.Com,17,92415,Chennai,2017-04-04,Yes,3,No
1664,Anjali Sharma,Male,39,Operations,Supervisor,MBA,10,71274,Delhi,2016-10-26,Yes,3,No
1665,Sonia Yadav,Female,30,Operations,Operations Executive,M.Com,7,62143,Mumbai,2023-08-14,No,5,No
1666,Priya Joshi,Female,31,HR,Recruiter,Graduate,11,63708,Delhi,2018-04-05,Yes,3,Yes
1667,Rahul Verma,Male,30,IT,Developer,MBA,6,77853,Bengaluru,2021-03-21,Yes,2,No
1668,Sneha Verma,Male,30,HR,Recruiter,M.Com,0,37248,Pune,2024-12-04,No,4,No
1669,Nisha Singh,Female,41,Sales,Sales Executive,MBA,11,70307,Mumbai,2024-11-20,No,5,No
1670,Nisha Sharma,Male,34,IT,QA Engineer,B.Com,6,81196,Pune,2022-02-18,Yes,3,No
1671,Deepak Mehta,Male,31,Marketing,SEO Specialist,MBA,9,70868,Noida,2024-10-15,No,2,Yes
1672,Anjali Mehta,Female,40,Finance,Financial Analyst,MBA,19,100243,Lucknow,2023-06-04,No,5,No
1673,Priya Verma,Male,39,Operations,Operations Executive,M.Com,11,72418,Pune,2022-02-26,No,4,No
1674,Mohit Singh,Female,30,Finance,Accountant,Graduate,6,71963,Bengaluru,2019-03-13,No,4,No
1675,Anjali Roy,Female,41,Finance,Financial Analyst,M.Com,16,93771,Lucknow,2018-10-09,No,5,Yes
1676,Sneha Singh,Male,34,Finance,Financial Analyst,B.Com,10,81264,Kolkata,2022-03-28,Yes,1,Yes
1677,Sneha Verma,Male,41,Marketing,SEO Specialist,B.Tech,20,97528,Bengaluru,2015-06-06,Yes,2,Yes
1678,Sonia Patel,Male,31,Operations,Supervisor,B.Tech,8,66896,Jaipur,2017-12-05,No,2,No
1679,Priya Verma,Female,48,Finance,Accountant,M.Com,18,95194,Pune,2016-09-03,No,4,No
1680,Vikas Yadav,Male,46,Marketing,Marketing Executive,M.Com,18,95679,Ahmedabad,2024-06-26,Yes,4,No
1681,Anjali Gupta,Male,25,Marketing,SEO Specialist,MBA,0,45276,Jaipur,2018-06-05,No,5,No
1682,Rahul Gupta,Male,40,Finance,Financial Analyst,M.Com,12,84909,Pune,2015-05-12,No,3,No
1683,Arjun Patel,Female,30,Finance,Accountant,MBA,2,61331,Noida,2018-09-08,No,2,Yes
1684,Rohan Verma,Female,39,Operations,Operations Executive,B.Tech,17,80025,Kolkata,2015-10-12,Yes,5,No
1685,Rahul Singh,Female,34,HR,HR Executive,B.Com,14,76039,Jaipur,2019-08-10,Yes,5,Yes
1686,Rahul Joshi,Female,28,Finance,Financial Analyst,B.Com,2,58382,Pune,2024-03-04,No,2,No
1687,Mohit Gupta,Male,38,Marketing,SEO Specialist,M.Com,14,81304,Ahmedabad,2021-10-13,No,1,No
1688,Vikas Joshi,Female,22,Marketing,Marketing Executive,M.Com,1,50217,Pune,2024-06-13,No,4,No
1689,Vikas Sharma,Male,45,IT,Developer,MBA,19,115001,Bengaluru,2021-05-18,Yes,4,No
1690,Neha Singh,Female,41,Operations,Supervisor,M.Com,17,80593,Ahmedabad,2016-05-11,No,2,No
1691,Vikas Gupta,Female,31,IT,QA Engineer,M.Com,8,88291,Pune,2022-10-15,Yes,1,Yes
1692,Anjali Roy,Female,21,Finance,Accountant,Graduate,1,56605,Kolkata,2022-07-08,No,1,No
1693,Pooja Singh,Male,34,Operations,Operations Executive,B.Tech,7,56797,Noida,2016-11-29,No,4,No
1694,Nisha Mehta,Male,34,Marketing,Marketing Executive,M.Com,12,74271,Delhi,2017-06-06,Yes,1,No
1695,Amit Yadav,Male,46,Operations,Operations Executive,MBA,16,78684,Lucknow,2021-09-16,Yes,4,No
1696,Arjun Singh,Male,27,IT,Developer,Graduate,6,75262,Mumbai,2024-03-14,Yes,4,Yes
1697,Mohit Verma,Female,25,Operations,Operations Executive,B.Com,5,56310,Jaipur,2018-09-01,No,5,No
1698,Vikas Gupta,Male,26,Finance,Accountant,M.Com,3,61002,Pune,2016-12-12,No,1,Yes
1699,Rohan Joshi,Female,28,Finance,Financial Analyst,Graduate,7,72062,Kolkata,2017-06-14,Yes,5,No
1700,Arjun Kumar,Female,29,Marketing,SEO Specialist,MBA,5,57052,Lucknow,2022-01-28,No,5,No
1701,Mohit Joshi,Male,36,Operations,Operations Executive,MBA,15,79990,Delhi,2022-03-08,Yes,1,No
1702,Amit Kumar,Male,27,Marketing,SEO Specialist,M.Com,3,54373,Bengaluru,2021-12-13,No,4,No
1703,Kiran Gupta,Female,30,IT,Developer,B.Tech,4,73348,Lucknow,2023-02-18,No,1,Yes
1704,Sneha Verma,Female,29,Operations,Operations Executive,B.Com,1,46297,Delhi,2017-07-27,No,3,No
1705,Arjun Sharma,Female,37,Operations,Operations Executive,M.Com,7,58144,Noida,2017-01-21,No,5,No
1706,Priya Mehta,Male,31,IT,Developer,M.Com,1,64818,Ahmedabad,2016-12-12,No,2,Yes
1707,Rohan Joshi,Female,28,Sales,Sales Manager,MBA,5,56512,Bengaluru,2017-10-16,No,4,No
1708,Mohit Joshi,Female,27,Finance,Financial Analyst,MBA,2,61524,Ahmedabad,2019-12-13,No,4,No
1709,Rohan Yadav,Male,38,HR,Recruiter,B.Tech,12,66363,Ahmedabad,2023-02-24,Yes,3,No
1710,Rahul Verma,Male,40,Sales,Sales Executive,Graduate,12,79929,Kolkata,2020-04-06,Yes,4,Yes
1711,Anjali Patel,Female,38,Operations,Operations Executive,M.Com,11,71128,Delhi,2019-03-09,No,4,No
1712,Mohit Roy,Female,41,HR,Recruiter,Graduate,12,67660,Jaipur,2023-06-06,No,2,No
1713,Rohan Joshi,Male,30,Finance,Financial Analyst,MBA,7,75327,Bengaluru,2015-04-26,No,1,No
1714,Vikas Joshi,Female,48,IT,Developer,B.Com,19,110144,Pune,2022-12-24,Yes,1,Yes
1715,Pooja Patel,Female,31,Finance,Financial Analyst,Graduate,5,66643,Noida,2020-12-23,No,3,No
1716,Amit Kumar,Female,43,Operations,Supervisor,Graduate,18,84338,Noida,2019-06-19,No,3,No
1717,Kiran Kumar,Male,41,HR,HR Executive,M.Com,13,74329,Mumbai,2019-03-15,Yes,3,No
1718,Sonia Verma,Male,30,Marketing,SEO Specialist,M.Com,3,59791,Ahmedabad,2015-08-30,No,2,Yes
1719,Sneha Sharma,Male,40,Operations,Operations Executive,M.Com,19,87221,Ahmedabad,2018-02-07,Yes,1,Yes
1720,Neha Verma,Male,23,Operations,Operations Executive,M.Com,3,45500,Chennai,2015-01-30,No,3,No
1721,Sneha Verma,Female,35,Marketing,SEO Specialist,M.Com,8,70753,Jaipur,2022-08-24,Yes,3,No
1722,Kiran Kumar,Female,26,Marketing,Marketing Executive,B.Com,1,50910,Noida,2024-10-05,No,1,Yes
1723,Arjun Verma,Female,31,Marketing,Marketing Executive,B.Tech,8,69036,Delhi,2020-04-30,No,4,No
1724,Sneha Yadav,Male,31,Operations,Supervisor,Graduate,11,69833,Jaipur,2023-04-16,No,4,No
1725,Rahul Roy,Male,42,Sales,Sales Executive,B.Tech,19,89845,Kolkata,2023-01-14,No,5,No
1726,Priya Kumar,Male,32,Finance,Accountant,Graduate,5,64395,Jaipur,2017-09-13,No,4,No
1727,Arjun Roy,Female,22,Operations,Operations Executive,MBA,0,42349,Kolkata,2017-06-21,No,4,No
1728,Vikas Yadav,Female,36,Operations,Supervisor,MBA,15,79952,Pune,2022-03-22,No,2,No
1729,Kiran Singh,Male,27,Sales,Sales Manager,MBA,3,48936,Lucknow,2023-04-22,No,1,Yes
1730,Sonia Gupta,Female,38,Finance,Accountant,B.Com,18,100092,Chennai,2019-10-02,Yes,1,No
1731,Anjali Roy,Male,28,Marketing,Marketing Executive,B.Com,7,66976,Bengaluru,2018-04-30,Yes,1,No
1732,Rohan Joshi,Male,30,IT,Analyst,MBA,1,67745,Ahmedabad,2022-09-21,No,3,No
1733,Kiran Sharma,Male,32,Sales,Sales Executive,M.Com,12,75458,Jaipur,2024-02-02,No,2,No
1734,Sneha Yadav,Female,25,Sales,Sales Manager,Graduate,5,61477,Kolkata,2022-08-08,No,4,No
1735,Deepak Patel,Male,33,Operations,Supervisor,MBA,9,62696,Chennai,2023-06-09,Yes,5,No
1736,Sneha Joshi,Male,41,IT,Developer,MBA,14,99769,Jaipur,2017-03-12,No,2,Yes
1737,Neha Mehta,Male,25,Finance,Financial Analyst,B.Com,5,64073,Jaipur,2017-01-05,No,3,No
1738,Arjun Yadav,Male,46,IT,QA Engineer,Graduate,20,114014,Ahmedabad,2018-05-24,Yes,1,Yes
1739,Arjun Mehta,Female,36,Operations,Operations Executive,Graduate,12,74292,Chennai,2016-05-14,Yes,3,Yes
1740,Rohan Joshi,Female,45,Marketing,Marketing Executive,Graduate,18,92484,Lucknow,2022-03-25,No,1,No
1741,Neha Mehta,Female,39,HR,HR Executive,MBA,17,84140,Noida,2023-10-15,No,1,Yes
1742,Pooja Verma,Male,41,IT,QA Engineer,MBA,19,107587,Noida,2015-06-10,Yes,5,No
1743,Priya Patel,Male,28,Marketing,Marketing Executive,B.Com,8,64386,Bengaluru,2019-09-29,No,1,No
1744,Kiran Singh,Male,44,Operations,Operations Executive,MBA,17,81791,Delhi,2018-12-13,Yes,5,No
1745,Rahul Joshi,Female,28,IT,Analyst,Graduate,4,73526,Kolkata,2019-01-10,No,2,No
1746,Kiran Kumar,Female,34,Sales,Sales Executive,Graduate,8,62675,Bengaluru,2022-08-03,No,4,No
1747,Vikas Kumar,Male,43,Operations,Supervisor,M.Com,20,93097,Jaipur,2021-10-13,No,5,No
1748,Neha Gupta,Female,42,HR,HR Executive,B.Tech,19,83770,Lucknow,2021-02-24,Yes,3,No
1749,Neha Singh,Female,27,Sales,Sales Executive,B.Com,4,54483,Bengaluru,2017-06-29,No,1,Yes
1750,Pooja Singh,Female,36,Marketing,Marketing Executive,MBA,15,89166,Lucknow,2021-03-09,No,3,No
1751,Anjali Joshi,Female,30,Finance,Accountant,B.Tech,5,71211,Delhi,2024-07-12,No,5,No
1752,Kiran Verma,Female,38,Operations,Supervisor,M.Com,16,79070,Mumbai,2015-08-05,No,2,Yes
1753,Rohan Singh,Male,38,Finance,Financial Analyst,M.Com,11,85728,Lucknow,2023-01-21,Yes,3,No
1754,Mohit Roy,Female,41,HR,HR Executive,M.Com,20,86256,Kolkata,2023-05-04,Yes,2,No
1755,Vikas Sharma,Male,31,Operations,Operations Executive,Graduate,4,55156,Jaipur,2022-08-04,No,5,No
1756,Arjun Mehta,Male,42,Operations,Operations Executive,MBA,17,83501,Noida,2020-01-12,Yes,5,No
1757,Sneha Singh,Male,32,Sales,Sales Manager,MBA,4,55788,Kolkata,2019-04-02,No,1,Yes
1758,Priya Patel,Female,33,HR,HR Executive,M.Com,9,65415,Chennai,2022-01-29,Yes,3,No
1759,Neha Sharma,Female,26,Finance,Financial Analyst,MBA,1,52596,Jaipur,2018-05-07,No,5,No
1760,Vikas Singh,Male,21,Sales,Sales Manager,Graduate,0,47058,Mumbai,2020-12-07,No,4,No
1761,Neha Roy,Female,31,Operations,Supervisor,MBA,8,64711,Mumbai,2017-01-16,Yes,4,No
1762,Vikas Gupta,Female,33,Sales,Sales Executive,MBA,13,78385,Pune,2016-07-01,Yes,2,Yes
1763,Sneha Yadav,Male,29,Finance,Financial Analyst,MBA,8,76899,Noida,2023-01-04,No,4,No
1764,Amit Gupta,Male,22,HR,Recruiter,B.Com,0,37548,Delhi,2023-08-10,No,3,No
1765,Kiran Mehta,Male,39,Finance,Accountant,MBA,15,92123,Bengaluru,2021-12-04,Yes,4,No
1766,Priya Joshi,Male,31,HR,HR Executive,MBA,8,62031,Noida,2016-02-27,No,2,Yes
1767,Vikas Yadav,Male,32,IT,QA Engineer,B.Tech,12,94486,Pune,2016-01-08,No,2,No
1768,Rohan Gupta,Female,36,IT,QA Engineer,M.Com,10,92851,Pune,2018-01-07,Yes,1,No
1769,Priya Patel,Female,23,Sales,Sales Manager,B.Tech,1,43169,Chennai,2023-05-09,No,1,Yes
1770,Arjun Mehta,Male,35,HR,HR Executive,B.Tech,13,71633,Lucknow,2016-02-01,Yes,4,No
1771,Neha Singh,Female,40,Operations,Operations Executive,B.Com,11,73164,Noida,2017-05-10,No,5,No
1772,Rohan Roy,Female,48,HR,HR Executive,B.Com,18,83120,Mumbai,2021-02-16,Yes,2,No
1773,Nisha Gupta,Female,27,HR,Recruiter,Graduate,4,51851,Jaipur,2024-11-01,No,5,No
1774,Rohan Sharma,Male,41,HR,HR Executive,MBA,15,81081,Jaipur,2018-01-27,Yes,5,No
1775,Vikas Joshi,Female,45,Finance,Financial Analyst,MBA,17,93728,Mumbai,2021-04-22,No,2,Yes
1776,Mohit Mehta,Female,34,HR,Recruiter,B.Tech,5,51068,Pune,2024-11-10,No,5,No
1777,Arjun Kumar,Male,36,Sales,Sales Manager,MBA,8,61951,Bengaluru,2018-04-10,No,2,Yes
1778,Sneha Singh,Female,43,HR,Recruiter,MBA,20,88440,Jaipur,2022-02-04,No,5,No
1779,Amit Mehta,Female,34,Marketing,Marketing Executive,M.Com,9,66438,Bengaluru,2016-12-24,No,1,No
1780,Rahul Roy,Female,49,Operations,Operations Executive,M.Com,20,96025,Lucknow,2021-07-10,Yes,2,No
1781,Pooja Roy,Male,36,IT,QA Engineer,MBA,15,105625,Bengaluru,2016-12-22,No,2,Yes
1782,Vikas Verma,Male,31,HR,Recruiter,M.Com,9,60411,Noida,2016-08-10,Yes,4,No
1783,Sonia Sharma,Male,38,Operations,Operations Executive,MBA,16,77193,Noida,2016-03-26,Yes,5,No
1784,Mohit Gupta,Male,34,Sales,Sales Executive,MBA,4,59824,Mumbai,2023-11-17,No,1,Yes
1785,Arjun Mehta,Female,45,Finance,Accountant,Graduate,18,97672,Delhi,2015-08-17,Yes,3,No
1786,Amit Verma,Male,41,HR,Recruiter,M.Com,17,79180,Mumbai,2015-01-05,Yes,5,No
1787,Rahul Singh,Female,44,Sales,Sales Executive,Graduate,20,93700,Bengaluru,2016-04-05,No,4,No
1788,Pooja Kumar,Male,31,Sales,Sales Executive,M.Com,2,50467,Kolkata,2015-12-14,No,1,Yes
1789,Nisha Singh,Female,41,Sales,Sales Manager,M.Com,19,94467,Lucknow,2018-03-21,No,2,No
1790,Kiran Roy,Female,22,Sales,Sales Executive,Graduate,2,47435,Chennai,2019-05-19,No,2,Yes
1791,Sneha Roy,Female,30,Finance,Financial Analyst,M.Com,8,71481,Jaipur,2019-04-27,Yes,3,No
1792,Mohit Mehta,Female,45,Marketing,Marketing Executive,M.Com,20,95264,Noida,2021-01-15,No,2,Yes
1793,Sneha Mehta,Male,41,Marketing,SEO Specialist,MBA,13,84967,Noida,2024-07-16,Yes,2,No
1794,Priya Verma,Female,36,HR,HR Executive,Graduate,11,64783,Mumbai,2021-03-08,No,3,No
1795,Arjun Joshi,Male,30,HR,HR Executive,M.Com,4,45431,Chennai,2022-11-12,No,4,No
1796,Pooja Yadav,Male,22,IT,Developer,MBA,0,65984,Ahmedabad,2015-11-12,No,2,Yes
1797,Sonia Sharma,Female,32,Operations,Supervisor,Graduate,4,51907,Mumbai,2018-10-13,No,4,No
1798,Mohit Patel,Female,40,HR,Recruiter,MBA,20,94898,Jaipur,2022-08-16,No,2,Yes
1799,Pooja Sharma,Female,29,IT,Developer,M.Com,8,88544,Mumbai,2017-05-17,Yes,4,No
1800,Rahul Sharma,Female,46,Operations,Supervisor,M.Com,17,80764,Pune,2019-07-18,No,4,No
1801,Amit Verma,Female,24,Sales,Sales Manager,MBA,3,48774,Kolkata,2024-06-29,No,3,No
1802,Arjun Sharma,Male,25,HR,HR Executive,B.Tech,2,49783,Noida,2021-03-09,No,1,No
1803,Sneha Patel,Male,38,Marketing,SEO Specialist,B.Com,18,97236,Pune,2018-06-18,Yes,4,Yes
1804,Mohit Kumar,Male,37,Sales,Sales Executive,B.Com,12,72122,Jaipur,2020-08-24,No,1,Yes
1805,Kiran Verma,Male,38,Finance,Accountant,MBA,18,99753,Mumbai,2024-12-04,No,2,Yes
1806,Pooja Yadav,Female,45,Marketing,Marketing Executive,M.Com,16,91573,Pune,2018-04-06,Yes,3,No
1807,Sonia Patel,Male,48,IT,QA Engineer,Graduate,19,108728,Ahmedabad,2015-03-03,Yes,2,No
1808,Neha Singh,Female,39,HR,HR Executive,M.Com,14,72780,Bengaluru,2019-01-28,Yes,3,No
1809,Vikas Joshi,Female,35,Finance,Accountant,M.Com,8,72301,Lucknow,2018-03-20,Yes,1,No
1810,Pooja Sharma,Male,44,Marketing,Marketing Executive,B.Com,19,96622,Delhi,2024-10-26,Yes,1,No
1811,Deepak Roy,Female,27,IT,QA Engineer,Graduate,3,73657,Lucknow,2017-07-02,No,2,No
1812,Sonia Yadav,Female,44,Finance,Accountant,M.Com,14,93767,Lucknow,2016-03-19,Yes,4,No
1813,Anjali Sharma,Female,35,HR,HR Executive,M.Com,10,69901,Mumbai,2016-04-13,No,4,No
1814,Sonia Yadav,Female,31,Operations,Supervisor,MBA,6,61309,Delhi,2024-01-25,Yes,1,No
1815,Rahul Singh,Male,30,IT,Analyst,M.Com,0,66929,Noida,2016-12-22,No,3,No
1816,Sneha Patel,Female,40,Sales,Sales Executive,MBA,14,83597,Lucknow,2016-01-14,No,2,No
1817,Deepak Sharma,Female,42,Finance,Accountant,Graduate,15,96273,Chennai,2021-05-25,No,2,No
1818,Anjali Gupta,Male,29,Marketing,Marketing Executive,M.Com,4,58185,Bengaluru,2020-02-22,No,1,Yes
1819,Amit Verma,Male,27,Marketing,Marketing Executive,M.Com,0,45059,Kolkata,2021-06-27,No,4,No
1820,Sneha Gupta,Male,45,IT,Developer,B.Tech,19,111041,Bengaluru,2022-08-15,Yes,3,No
1821,Mohit Gupta,Female,30,Marketing,Marketing Executive,MBA,3,57971,Ahmedabad,2018-12-13,No,4,No
1822,Arjun Patel,Female,33,Finance,Accountant,Graduate,11,86556,Noida,2018-03-13,Yes,5,No
1823,Arjun Roy,Male,40,HR,HR Executive,B.Tech,20,91738,Jaipur,2021-02-09,No,1,Yes
1824,Sonia Roy,Female,34,IT,Analyst,M.Com,7,86537,Delhi,2016-05-24,No,4,No
1825,Arjun Verma,Female,35,Sales,Sales Executive,M.Com,7,62146,Delhi,2024-05-27,Yes,3,No
1826,Sneha Kumar,Female,22,HR,Recruiter,MBA,0,41134,Kolkata,2021-09-23,No,5,No
1827,Kiran Kumar,Female,35,Finance,Financial Analyst,B.Tech,6,71444,Kolkata,2022-02-19,Yes,1,No
1828,Deepak Mehta,Female,36,IT,Developer,B.Tech,13,94131,Pune,2024-06-15,No,2,No
1829,Pooja Yadav,Male,22,HR,HR Executive,MBA,2,47166,Ahmedabad,2015-04-24,No,1,No
1830,Kiran Yadav,Male,45,Operations,Supervisor,Graduate,20,90056,Bengaluru,2024-06-04,Yes,2,No
1831,Nisha Joshi,Female,34,HR,HR Executive,Graduate,4,45379,Mumbai,2016-03-30,No,5,No
1832,Vikas Singh,Male,30,Sales,Sales Manager,Graduate,8,61520,Jaipur,2024-05-26,Yes,1,Yes
1833,Rahul Patel,Male,45,HR,HR Executive,MBA,15,73750,Chennai,2020-01-21,Yes,2,No
1834,Rahul Mehta,Male,39,Operations,Supervisor,Graduate,19,86420,Pune,2021-11-19,No,3,No
1835,Deepak Gupta,Male,28,Marketing,Marketing Executive,MBA,0,43377,Delhi,2016-09-16,No,5,No
1836,Neha Gupta,Male,27,Sales,Sales Manager,M.Com,4,51367,Ahmedabad,2020-05-26,No,2,Yes
1837,Vikas Singh,Female,42,Finance,Financial Analyst,MBA,16,93163,Pune,2024-12-13,No,3,No
1838,Pooja Yadav,Male,41,Operations,Supervisor,MBA,15,81809,Chennai,2018-07-29,Yes,4,No
1839,Pooja Yadav,Female,41,Sales,Sales Manager,B.Com,11,68552,Kolkata,2020-09-25,Yes,4,No
1840,Priya Gupta,Male,32,Sales,Sales Manager,MBA,12,71878,Lucknow,2017-10-01,Yes,2,No
1841,Nisha Verma,Female,25,HR,HR Executive,M.Com,0,35178,Bengaluru,2021-05-13,No,3,No
1842,Pooja Yadav,Male,34,Marketing,SEO Specialist,B.Tech,6,61562,Lucknow,2024-01-21,No,1,No
1843,Anjali Kumar,Male,26,IT,QA Engineer,B.Tech,6,83092,Chennai,2016-05-03,Yes,4,Yes
1844,Nisha Roy,Male,36,Finance,Financial Analyst,MBA,7,67848,Jaipur,2021-06-16,No,3,Yes
1845,Kiran Patel,Female,45,HR,Recruiter,B.Tech,17,78140,Lucknow,2016-01-25,Yes,3,No
1846,Kiran Roy,Female,30,Finance,Financial Analyst,Graduate,2,60131,Lucknow,2019-05-31,No,4,No
1847,Priya Kumar,Female,23,Marketing,Marketing Executive,MBA,3,54170,Lucknow,2018-08-15,No,1,No
1848,Rohan Gupta,Male,21,Marketing,SEO Specialist,B.Tech,0,47254,Mumbai,2018-05-31,No,1,Yes
1849,Arjun Roy,Female,45,IT,QA Engineer,Graduate,18,106964,Kolkata,2021-07-20,Yes,2,Yes
1850,Priya Singh,Female,36,Marketing,SEO Specialist,B.Tech,7,68330,Noida,2023-03-13,Yes,4,No
1851,Arjun Verma,Male,40,Sales,Sales Manager,M.Com,17,85873,Pune,2017-05-20,No,1,Yes
1852,Sonia Patel,Female,28,Finance,Financial Analyst,MBA,3,60918,Kolkata,2020-10-06,No,5,No
1853,Sonia Yadav,Male,27,HR,HR Executive,Graduate,4,50957,Bengaluru,2024-09-24,No,4,No
1854,Nisha Singh,Female,35,Finance,Accountant,MBA,5,67532,Delhi,2016-08-26,No,5,No
1855,Rohan Singh,Female,29,Finance,Accountant,B.Tech,5,62968,Jaipur,2020-01-29,No,4,No
1856,Rohan Gupta,Female,30,IT,Developer,Graduate,4,78227,Jaipur,2015-08-06,No,4,No
1857,Mohit Yadav,Female,36,Operations,Operations Executive,Graduate,13,74316,Pune,2020-12-09,No,2,Yes
1858,Nisha Joshi,Male,28,HR,Recruiter,M.Com,7,53370,Jaipur,2018-02-02,No,1,No
1859,Kiran Joshi,Female,31,HR,Recruiter,Graduate,7,60612,Noida,2022-02-21,Yes,2,Yes
1860,Arjun Singh,Female,45,IT,Developer,MBA,16,107811,Lucknow,2016-11-28,No,3,No
1861,Nisha Singh,Female,24,Finance,Accountant,Graduate,4,67775,Chennai,2016-12-28,No,4,No
1862,Pooja Patel,Male,44,Sales,Sales Executive,B.Com,15,77516,Kolkata,2015-07-05,No,4,No
1863,Anjali Gupta,Female,25,IT,QA Engineer,B.Tech,4,71638,Ahmedabad,2018-10-06,No,3,No
1864,Neha Patel,Female,38,Sales,Sales Executive,MBA,11,67722,Jaipur,2020-10-22,Yes,3,No
1865,Sneha Verma,Female,29,IT,QA Engineer,Graduate,4,78156,Pune,2023-04-24,No,1,Yes
1866,Rohan Gupta,Male,41,Finance,Financial Analyst,M.Com,20,104487,Chennai,2024-10-28,Yes,5,No
1867,Sonia Roy,Female,32,Finance,Financial Analyst,B.Tech,8,73122,Noida,2016-05-18,No,1,No
1868,Rohan Roy,Male,45,HR,Recruiter,Graduate,15,74910,Bengaluru,2018-04-01,No,4,No
1869,Amit Yadav,Female,34,HR,Recruiter,Graduate,14,73560,Delhi,2020-06-23,Yes,3,No
1870,Neha Patel,Male,29,Sales,Sales Executive,MBA,4,54641,Jaipur,2023-08-16,No,5,No
1871,Sonia Yadav,Male,26,Marketing,SEO Specialist,M.Com,2,51585,Noida,2018-12-23,No,1,Yes
1872,Arjun Verma,Male,38,Sales,Sales Manager,MBA,9,67591,Jaipur,2021-06-26,Yes,2,No
1873,Vikas Yadav,Male,30,Marketing,Marketing Executive,MBA,6,62997,Kolkata,2020-03-03,No,1,Yes
1874,Amit Mehta,Female,38,Finance,Accountant,M.Com,10,80858,Noida,2019-08-08,No,4,No
1875,Amit Yadav,Female,43,IT,Developer,M.Com,19,111475,Delhi,2021-02-03,Yes,5,No
1876,Sneha Joshi,Male,43,Finance,Accountant,B.Tech,16,90890,Chennai,2022-04-15,No,1,Yes
1877,Mohit Kumar,Male,30,Finance,Financial Analyst,MBA,10,76989,Pune,2015-08-06,No,5,No
1878,Pooja Verma,Female,42,Operations,Operations Executive,Graduate,20,91929,Delhi,2024-01-13,No,3,No
1879,Vikas Sharma,Female,40,IT,Developer,B.Tech,19,116016,Jaipur,2015-04-11,Yes,1,Yes
1880,Deepak Joshi,Female,28,Finance,Accountant,M.Com,5,71457,Mumbai,2022-08-22,No,3,No
1881,Anjali Roy,Male,22,Operations,Supervisor,B.Tech,0,39321,Noida,2023-04-26,No,2,Yes
1882,Deepak Yadav,Female,40,Marketing,Marketing Executive,Graduate,15,85008,Bengaluru,2020-03-15,No,4,No
1883,Amit Gupta,Female,32,Finance,Accountant,M.Com,3,63880,Ahmedabad,2022-04-18,No,1,Yes
1884,Sneha Mehta,Male,22,Sales,Sales Manager,B.Com,0,45861,Noida,2020-08-23,No,5,No
1885,Rohan Patel,Male,42,IT,Analyst,Graduate,20,115764,Ahmedabad,2023-10-28,No,5,No
1886,Rahul Gupta,Female,44,Finance,Financial Analyst,B.Com,15,90455,Chennai,2022-05-22,No,5,No
1887,Anjali Roy,Male,22,Finance,Financial Analyst,MBA,2,55483,Pune,2022-06-17,No,2,Yes
1888,Amit Singh,Male,31,HR,Recruiter,B.Tech,5,54382,Chennai,2017-10-22,No,1,Yes
1889,Priya Patel,Male,22,Operations,Supervisor,M.Com,0,42261,Bengaluru,2022-02-23,No,1,No
1890,Arjun Singh,Male,28,IT,Developer,Graduate,6,82111,Mumbai,2021-07-12,Yes,5,No
1891,Priya Verma,Female,37,HR,Recruiter,B.Com,11,71810,Lucknow,2022-08-26,Yes,5,No
1892,Pooja Singh,Male,47,Sales,Sales Executive,B.Com,19,89758,Bengaluru,2024-10-19,No,1,Yes
1893,Nisha Patel,Female,30,HR,Recruiter,B.Tech,3,46277,Noida,2017-07-06,No,1,No
1894,Vikas Joshi,Female,30,IT,Developer,B.Com,9,91255,Noida,2021-11-08,No,5,No
1895,Rahul Verma,Male,39,Marketing,SEO Specialist,Graduate,15,80991,Pune,2018-10-02,Yes,1,Yes
1896,Pooja Joshi,Female,31,Finance,Accountant,B.Com,2,64994,Ahmedabad,2015-10-17,No,1,Yes
1897,Anjali Patel,Female,28,IT,Developer,Graduate,8,81704,Delhi,2018-12-05,Yes,1,Yes
1898,Amit Yadav,Female,34,HR,Recruiter,MBA,6,59963,Jaipur,2021-03-13,No,4,No
1899,Priya Gupta,Female,41,Operations,Supervisor,Graduate,13,71757,Pune,2019-02-15,No,1,Yes
1900,Sonia Sharma,Male,31,IT,QA Engineer,MBA,2,65164,Delhi,2023-06-10,No,2,Yes
1901,Pooja Verma,Female,23,HR,Recruiter,MBA,1,44685,Chennai,2018-07-10,No,2,Yes
1902,Kiran Gupta,Female,45,Finance,Accountant,M.Com,15,89505,Bengaluru,2017-04-23,No,1,Yes
1903,Amit Gupta,Male,41,Sales,Sales Manager,B.Com,17,86501,Ahmedabad,2021-01-26,Yes,5,No
1904,Neha Gupta,Male,25,Sales,Sales Executive,Graduate,2,47246,Pune,2023-04-27,No,5,No
1905,Pooja Yadav,Female,44,Operations,Supervisor,Graduate,14,79434,Delhi,2018-01-12,No,1,Yes
1906,Rahul Yadav,Female,45,Sales,Sales Executive,B.Tech,19,95615,Delhi,2017-04-22,Yes,1,No
1907,Sonia Sharma,Male,31,Marketing,SEO Specialist,B.Com,11,80473,Jaipur,2024-02-01,No,3,No
1908,Deepak Mehta,Female,22,Finance,Financial Analyst,M.Com,1,61565,Chennai,2022-08-08,No,4,No
1909,Nisha Sharma,Male,46,Operations,Supervisor,B.Tech,18,86261,Noida,2017-09-02,No,2,No
1910,Arjun Patel,Female,41,IT,QA Engineer,B.Com,17,108030,Delhi,2019-01-21,No,5,No
1911,Amit Roy,Female,38,HR,HR Executive,B.Tech,9,62759,Ahmedabad,2015-03-12,Yes,3,No
1912,Neha Roy,Female,40,Operations,Operations Executive,B.Tech,17,86194,Bengaluru,2021-03-08,No,1,Yes
1913,Neha Sharma,Male,37,Sales,Sales Executive,B.Com,15,81226,Ahmedabad,2015-07-23,No,2,Yes
1914,Amit Gupta,Female,30,Marketing,Marketing Executive,B.Com,10,77067,Pune,2017-11-27,No,2,Yes
1915,Priya Gupta,Male,24,Sales,Sales Manager,M.Com,3,55805,Noida,2015-11-14,No,4,No
1916,Nisha Gupta,Female,37,Operations,Supervisor,B.Tech,13,71844,Chennai,2018-10-04,No,1,Yes
1917,Neha Joshi,Male,30,HR,HR Executive,B.Tech,5,48230,Kolkata,2021-08-18,No,3,No
1918,Vikas Singh,Male,45,Operations,Operations Executive,MBA,16,82636,Chennai,2022-05-15,No,2,Yes
1919,Pooja Roy,Male,48,Marketing,SEO Specialist,B.Tech,18,96982,Bengaluru,2024-11-07,Yes,4,No
1920,Anjali Gupta,Male,42,IT,QA Engineer,Graduate,18,108998,Pune,2019-01-22,No,3,No
1921,Pooja Verma,Female,38,Finance,Financial Analyst,M.Com,13,83805,Pune,2019-01-23,Yes,3,No
1922,Pooja Patel,Male,32,Marketing,SEO Specialist,B.Tech,4,57013,Lucknow,2022-06-20,No,4,No
1923,Arjun Verma,Female,28,HR,HR Executive,M.Com,2,46898,Delhi,2021-06-17,No,5,No
1924,Rahul Sharma,Male,29,IT,Analyst,Graduate,3,71815,Mumbai,2020-04-08,No,5,No
1925,Vikas Mehta,Male,32,HR,HR Executive,B.Tech,4,53672,Noida,2018-12-22,No,4,No
1926,Anjali Yadav,Female,39,Sales,Sales Manager,M.Com,10,74973,Bengaluru,2015-10-30,No,5,No
1927,Arjun Roy,Female,26,Finance,Financial Analyst,B.Tech,4,69659,Ahmedabad,2015-02-01,No,5,No
1928,Rohan Gupta,Female,45,IT,Analyst,B.Tech,16,104576,Mumbai,2015-07-17,No,1,Yes
1929,Neha Gupta,Female,24,IT,Analyst,MBA,1,69553,Noida,2024-11-11,No,5,No
1930,Nisha Verma,Male,35,Sales,Sales Manager,MBA,8,67191,Noida,2021-10-18,No,2,No
1931,Amit Roy,Male,45,IT,Developer,B.Tech,17,105266,Pune,2021-01-12,No,1,Yes
1932,Anjali Yadav,Male,44,Sales,Sales Manager,B.Tech,18,92288,Noida,2016-03-24,No,5,No
1933,Sneha Kumar,Male,38,IT,QA Engineer,B.Tech,8,81908,Bengaluru,2017-06-30,No,3,No
1934,Priya Mehta,Female,48,Finance,Accountant,Graduate,20,101213,Pune,2016-02-16,Yes,3,No
1935,Kiran Roy,Male,44,IT,Analyst,MBA,18,108607,Pune,2024-02-16,Yes,2,Yes
1936,Kiran Kumar,Male,30,Operations,Operations Executive,M.Com,2,45509,Bengaluru,2020-07-02,No,1,Yes
1937,Deepak Verma,Female,42,Marketing,SEO Specialist,M.Com,12,82566,Ahmedabad,2017-01-07,No,2,No
1938,Vikas Roy,Female,41,Operations,Supervisor,MBA,12,72851,Jaipur,2016-04-05,Yes,5,No
1939,Sonia Roy,Male,32,HR,Recruiter,B.Com,5,52724,Jaipur,2019-06-19,No,1,Yes
1940,Amit Mehta,Female,27,Operations,Supervisor,B.Tech,7,59266,Lucknow,2023-10-12,No,3,No
1941,Sneha Sharma,Male,39,Finance,Financial Analyst,M.Com,12,86966,Jaipur,2020-06-11,Yes,4,No
1942,Rahul Joshi,Female,40,IT,QA Engineer,Graduate,18,113782,Delhi,2021-11-06,No,2,No
1943,Sneha Mehta,Male,27,Finance,Accountant,MBA,2,60778,Kolkata,2015-07-21,No,5,Yes
1944,Amit Sharma,Male,31,Finance,Accountant,B.Com,7,70144,Noida,2023-03-23,Yes,3,No
1945,Amit Patel,Male,39,Marketing,Marketing Executive,M.Com,12,73692,Jaipur,2022-01-30,Yes,2,Yes
1946,Kiran Mehta,Male,29,IT,QA Engineer,MBA,8,81253,Noida,2015-03-24,No,1,No
1947,Rohan Patel,Male,44,Operations,Supervisor,MBA,18,85183,Noida,2019-10-08,No,5,No
1948,Anjali Patel,Female,49,Sales,Sales Executive,M.Com,20,97723,Delhi,2019-07-23,Yes,4,No
1949,Sonia Verma,Female,37,Finance,Financial Analyst,B.Tech,12,88955,Ahmedabad,2015-04-12,No,1,Yes
1950,Neha Mehta,Male,33,Marketing,Marketing Executive,MBA,3,55589,Ahmedabad,2022-01-24,No,3,No
1951,Amit Roy,Male,28,Marketing,SEO Specialist,M.Com,7,62815,Bengaluru,2023-02-09,No,4,No
1952,Rohan Verma,Male,32,Operations,Supervisor,B.Com,10,62598,Ahmedabad,2024-10-09,No,3,No
1953,Nisha Singh,Male,43,Sales,Sales Manager,Graduate,20,95272,Jaipur,2024-08-18,No,4,No
1954,Amit Yadav,Male,22,IT,Analyst,MBA,0,68518,Kolkata,2019-11-28,No,1,Yes
1955,Rohan Patel,Female,32,Finance,Financial Analyst,B.Com,4,66850,Lucknow,2016-04-26,No,4,Yes
1956,Mohit Joshi,Female,42,Marketing,SEO Specialist,M.Com,20,95318,Ahmedabad,2021-11-19,Yes,3,No
1957,Rahul Kumar,Female,32,IT,Analyst,Graduate,10,87690,Delhi,2018-07-25,No,5,No
1958,Pooja Kumar,Female,29,Sales,Sales Executive,B.Tech,6,56537,Kolkata,2022-01-03,Yes,5,No
1959,Pooja Patel,Female,41,IT,Analyst,B.Com,11,87731,Jaipur,2024-09-25,No,2,Yes
1960,Pooja Singh,Female,45,Sales,Sales Executive,B.Com,17,85819,Chennai,2016-12-31,Yes,1,No
1961,Priya Kumar,Female,37,Operations,Operations Executive,MBA,12,76431,Pune,2023-04-08,No,5,No
1962,Rahul Mehta,Male,41,HR,Recruiter,M.Com,19,84848,Ahmedabad,2015-11-15,Yes,2,Yes
1963,Rohan Mehta,Female,37,Sales,Sales Manager,B.Com,9,64421,Noida,2020-04-27,Yes,2,No
1964,Arjun Singh,Female,28,Marketing,SEO Specialist,B.Tech,6,62550,Mumbai,2023-11-06,No,2,No
1965,Sneha Kumar,Female,38,HR,HR Executive,MBA,11,68168,Ahmedabad,2017-02-21,No,4,No
1966,Mohit Sharma,Female,39,Sales,Sales Manager,Graduate,16,80091,Bengaluru,2019-02-19,Yes,5,No
1967,Deepak Roy,Male,41,Operations,Supervisor,M.Com,15,75219,Mumbai,2021-06-01,Yes,3,No
1968,Kiran Kumar,Male,48,Finance,Accountant,Graduate,20,101702,Jaipur,2022-12-31,No,1,Yes
1969,Deepak Verma,Female,28,HR,HR Executive,B.Tech,1,38521,Lucknow,2021-02-06,No,3,No
1970,Vikas Sharma,Female,34,Operations,Operations Executive,MBA,5,55500,Kolkata,2022-06-14,No,5,Yes
1971,Rahul Sharma,Female,29,IT,Analyst,B.Tech,8,82827,Kolkata,2022-09-21,No,4,Yes
1972,Neha Singh,Female,28,Sales,Sales Executive,MBA,3,55139,Noida,2015-12-19,No,5,No
1973,Rohan Verma,Male,39,IT,QA Engineer,MBA,10,85329,Bengaluru,2015-11-29,Yes,2,No
1974,Rohan Verma,Male,36,HR,HR Executive,B.Tech,12,67916,Bengaluru,2017-07-14,Yes,3,No
1975,Deepak Kumar,Female,38,Operations,Operations Executive,B.Com,14,73514,Jaipur,2023-08-30,Yes,4,No
1976,Priya Gupta,Female,46,IT,QA Engineer,B.Com,17,105951,Kolkata,2023-12-06,No,4,No
1977,Mohit Kumar,Male,29,Operations,Supervisor,MBA,8,65409,Ahmedabad,2015-05-09,No,2,Yes
1978,Arjun Gupta,Male,35,Marketing,Marketing Executive,MBA,10,77236,Jaipur,2018-08-13,No,4,No
1979,Anjali Joshi,Male,35,Finance,Financial Analyst,B.Com,10,76641,Chennai,2017-02-01,No,2,No
1980,Arjun Yadav,Female,39,Operations,Supervisor,Graduate,13,77259,Pune,2018-10-15,Yes,2,Yes
1981,Rahul Mehta,Male,29,Marketing,Marketing Executive,B.Tech,3,57477,Chennai,2019-06-30,No,3,No
1982,Rohan Kumar,Male,39,Operations,Supervisor,M.Com,16,86305,Jaipur,2015-08-09,Yes,2,Yes
1983,Vikas Singh,Male,34,IT,QA Engineer,MBA,14,97416,Mumbai,2017-08-25,Yes,2,No
1984,Kiran Verma,Female,42,Operations,Supervisor,M.Com,17,79581,Ahmedabad,2021-03-02,Yes,4,No
1985,Nisha Patel,Female,28,Operations,Supervisor,B.Com,7,60850,Jaipur,2019-06-26,No,2,Yes
1986,Sonia Verma,Male,27,Marketing,SEO Specialist,B.Tech,2,56000,Lucknow,2024-12-06,No,5,Yes
1987,Rahul Roy,Male,29,Marketing,Marketing Executive,Graduate,0,52816,Pune,2022-03-29,No,4,No
1988,Vikas Roy,Female,34,Sales,Sales Executive,B.Tech,13,78063,Jaipur,2018-03-13,Yes,4,No
1989,Arjun Singh,Female,31,IT,QA Engineer,M.Com,5,80976,Delhi,2015-12-05,No,1,Yes
1990,Vikas Sharma,Female,32,IT,Analyst,M.Com,10,94415,Bengaluru,2020-06-14,No,5,No
1991,Deepak Mehta,Female,41,Operations,Supervisor,Graduate,20,96889,Mumbai,2022-12-26,No,4,No
1992,Priya Mehta,Female,43,Finance,Financial Analyst,M.Com,17,93810,Delhi,2022-12-08,No,2,Yes
1993,Rohan Yadav,Female,29,Finance,Financial Analyst,B.Tech,9,74491,Delhi,2021-09-20,Yes,4,No
1994,Pooja Singh,Male,30,Marketing,SEO Specialist,Graduate,8,67804,Kolkata,2018-05-04,Yes,3,No
1995,Nisha Patel,Female,35,Operations,Supervisor,M.Com,12,69871,Chennai,2020-07-14,Yes,1,No
1996,Vikas Mehta,Male,45,IT,QA Engineer,Graduate,16,107510,Lucknow,2016-08-24,Yes,1,Yes
1997,Deepak Yadav,Male,35,Operations,Operations Executive,MBA,9,66065,Chennai,2023-02-03,No,1,Yes
1998,Sneha Joshi,Male,38,Sales,Sales Manager,MBA,9,70922,Jaipur,2023-12-17,Yes,5,No
1999,Rohan Sharma,Female,29,Sales,Sales Manager,MBA,5,60717,Delhi,2022-08-09,No,1,No
2000,Neha Verma,Female,28,Finance,Accountant,Graduate,4,64375,Lucknow,2022-02-13,No,4,No
2001,Arjun Joshi,Female,31,IT,Analyst,B.Com,2,69715,Jaipur,2021-08-05,No,5,No
2002,Deepak Roy,Female,37,Finance,Accountant,B.Com,17,98118,Mumbai,2016-09-13,No,3,No
2003,Neha Verma,Female,36,Operations,Supervisor,B.Tech,12,73601,Bengaluru,2020-06-15,Yes,1,No
2004,Pooja Yadav,Female,44,Sales,Sales Manager,Graduate,14,82657,Bengaluru,2021-12-31,No,1,Yes
2005,Neha Yadav,Male,38,Marketing,Marketing Executive,MBA,15,86648,Noida,2024-07-12,No,5,No
2006,Nisha Joshi,Female,31,Marketing,SEO Specialist,B.Tech,9,68106,Lucknow,2017-06-10,Yes,4,No
2007,Deepak Yadav,Male,33,Operations,Supervisor,M.Com,3,49706,Bengaluru,2019-05-26,No,5,No
2008,Sonia Roy,Female,27,Finance,Accountant,Graduate,5,69054,Jaipur,2024-04-22,No,3,Yes
2009,Pooja Joshi,Male,46,Marketing,Marketing Executive,B.Com,20,99852,Chennai,2017-07-07,Yes,4,No
2010,Sneha Sharma,Male,33,Operations,Supervisor,B.Com,13,74825,Kolkata,2020-04-16,No,5,No
2011,Sneha Kumar,Male,32,IT,Analyst,Graduate,5,78546,Delhi,2022-12-29,No,2,Yes
2012,Mohit Singh,Female,45,IT,QA Engineer,B.Tech,18,112523,Mumbai,2016-12-25,Yes,2,No
2013,Neha Yadav,Female,35,IT,Analyst,B.Com,14,95112,Noida,2020-04-09,No,1,No
2014,Sonia Yadav,Female,49,Operations,Operations Executive,B.Tech,19,93251,Jaipur,2015-09-02,No,1,Yes
2015,Sonia Joshi,Female,46,Operations,Operations Executive,MBA,16,84209,Lucknow,2024-07-01,Yes,4,No
2016,Anjali Roy,Male,32,Finance,Accountant,B.Tech,10,78982,Lucknow,2022-03-14,Yes,4,No
2017,Rahul Mehta,Male,39,Sales,Sales Manager,Graduate,14,82378,Pune,2023-07-16,No,3,No
2018,Anjali Roy,Female,43,Sales,Sales Manager,MBA,18,89771,Mumbai,2022-02-09,Yes,3,No
2019,Rahul Joshi,Female,43,IT,Developer,B.Tech,19,113795,Lucknow,2017-05-16,Yes,3,No
2020,Pooja Mehta,Male,44,Operations,Supervisor,B.Com,16,83649,Lucknow,2018-11-10,Yes,4,No
2021,Arjun Singh,Male,45,Finance,Financial Analyst,MBA,15,90270,Bengaluru,2019-04-05,No,5,No
2022,Sneha Roy,Male,29,IT,Analyst,B.Com,7,82059,Delhi,2022-04-16,No,5,No
2023,Mohit Singh,Female,39,Operations,Supervisor,B.Com,16,80318,Kolkata,2016-02-09,Yes,3,No
2024,Kiran Verma,Male,38,Operations,Operations Executive,M.Com,17,80417,Mumbai,2017-11-14,Yes,4,No
2025,Nisha Kumar,Male,43,HR,Recruiter,Graduate,19,91543,Pune,2024-04-25,Yes,3,No
2026,Sneha Singh,Male,36,IT,Developer,M.Com,7,87023,Noida,2023-10-06,No,4,No
2027,Pooja Sharma,Female,29,Finance,Financial Analyst,Graduate,2,58234,Ahmedabad,2020-06-18,No,1,No
2028,Arjun Kumar,Female,35,Operations,Supervisor,B.Com,6,59475,Ahmedabad,2018-01-13,Yes,1,Yes
2029,Arjun Roy,Female,39,Marketing,Marketing Executive,MBA,9,70409,Ahmedabad,2018-02-01,Yes,3,No
2030,Neha Roy,Female,38,HR,Recruiter,B.Com,10,67708,Mumbai,2019-11-05,Yes,4,No
2031,Neha Patel,Female,26,IT,QA Engineer,MBA,3,70993,Chennai,2018-08-03,No,3,No
2032,Pooja Kumar,Male,29,Operations,Supervisor,B.Com,4,49562,Ahmedabad,2024-07-23,No,2,No
2033,Rahul Patel,Female,45,Operations,Supervisor,B.Tech,19,88913,Lucknow,2018-05-28,No,2,No
2034,Vikas Gupta,Male,35,Finance,Accountant,M.Com,9,81728,Bengaluru,2019-07-14,Yes,4,No
2035,Sneha Mehta,Female,29,HR,HR Executive,MBA,6,54193,Chennai,2019-10-18,Yes,3,No
2036,Amit Yadav,Female,38,Marketing,SEO Specialist,MBA,14,79750,Bengaluru,2020-05-18,Yes,1,Yes
2037,Anjali Patel,Female,44,Marketing,Marketing Executive,M.Com,18,88971,Mumbai,2021-01-12,Yes,1,Yes
2038,Mohit Singh,Male,27,Operations,Supervisor,MBA,2,48779,Lucknow,2021-06-09,No,2,No
2039,Sonia Singh,Male,47,Marketing,SEO Specialist,B.Tech,17,89771,Ahmedabad,2015-03-31,Yes,5,No
2040,Rohan Joshi,Female,28,Operations,Operations Executive,MBA,6,57263,Noida,2017-03-26,Yes,4,No
2041,Amit Joshi,Female,39,Operations,Supervisor,Graduate,13,75993,Kolkata,2015-09-04,No,4,No
2042,Mohit Singh,Male,44,Sales,Sales Executive,B.Com,17,87130,Noida,2015-11-06,Yes,5,No
2043,Arjun Gupta,Male,43,Marketing,Marketing Executive,MBA,14,81127,Chennai,2020-01-23,Yes,1,No
2044,Amit Sharma,Female,42,Sales,Sales Executive,B.Tech,14,82084,Jaipur,2021-12-29,Yes,1,Yes
2045,Nisha Joshi,Female,31,IT,Developer,MBA,8,89574,Mumbai,2017-03-31,No,3,No
2046,Neha Gupta,Female,31,IT,Analyst,MBA,9,84153,Pune,2016-06-05,Yes,1,No
2047,Amit Kumar,Female,31,IT,Analyst,Graduate,9,89451,Jaipur,2023-08-30,No,3,No
2048,Pooja Singh,Female,37,HR,HR Executive,MBA,14,76232,Kolkata,2017-04-22,Yes,1,Yes
2049,Kiran Gupta,Female,37,Marketing,SEO Specialist,MBA,16,85668,Pune,2021-10-13,No,2,Yes
2050,Vikas Yadav,Male,41,HR,Recruiter,Graduate,16,82831,Lucknow,2015-03-08,No,3,No
2051,Nisha Roy,Female,30,Sales,Sales Executive,B.Tech,9,69613,Lucknow,2022-04-18,No,3,No
2052,Rahul Roy,Male,27,HR,HR Executive,Graduate,4,47905,Chennai,2020-10-25,No,5,Yes
2053,Kiran Kumar,Male,34,IT,Analyst,Graduate,9,89297,Mumbai,2020-10-25,Yes,2,Yes
2054,Amit Sharma,Female,38,HR,Recruiter,Graduate,15,77514,Ahmedabad,2017-12-22,No,4,No
2055,Rahul Singh,Male,30,HR,HR Executive,B.Tech,4,45761,Pune,2021-09-17,No,5,No
2056,Rahul Joshi,Female,34,HR,HR Executive,B.Tech,13,69341,Ahmedabad,2021-01-07,Yes,4,No
2057,Anjali Roy,Male,30,Finance,Accountant,MBA,8,75290,Pune,2023-01-13,No,5,No
2058,Priya Verma,Male,26,Marketing,SEO Specialist,MBA,4,56695,Bengaluru,2018-03-02,No,1,No
2059,Sneha Yadav,Male,44,Sales,Sales Manager,MBA,14,84679,Chennai,2017-12-28,No,5,No
2060,Deepak Verma,Male,27,Operations,Operations Executive,M.Com,1,40286,Lucknow,2022-02-12,No,2,Yes
2061,Anjali Verma,Female,45,HR,Recruiter,B.Com,18,87927,Bengaluru,2021-06-22,No,3,No
2062,Sneha Roy,Female,35,Marketing,SEO Specialist,Graduate,14,82576,Lucknow,2017-02-02,Yes,5,No
2063,Priya Roy,Male,29,Marketing,Marketing Executive,Graduate,8,68987,Kolkata,2016-06-01,No,4,No
2064,Vikas Mehta,Male,31,Operations,Operations Executive,MBA,9,65195,Pune,2015-12-06,No,3,No
2065,Sonia Mehta,Male,31,HR,Recruiter,B.Com,6,58611,Pune,2020-12-13,No,5,No
2066,Deepak Kumar,Male,38,Operations,Supervisor,MBA,16,83135,Bengaluru,2022-02-11,Yes,2,Yes
2067,Rahul Patel,Female,36,HR,HR Executive,Graduate,12,71386,Bengaluru,2020-03-31,No,5,No
2068,Rahul Kumar,Female,47,Operations,Supervisor,MBA,17,84605,Pune,2015-08-31,No,2,No
2069,Neha Verma,Female,35,Finance,Financial Analyst,MBA,5,69365,Jaipur,2017-10-15,No,4,No
2070,Amit Singh,Female,48,HR,Recruiter,B.Com,18,82487,Noida,2023-07-13,No,2,Yes
2071,Rahul Singh,Female,46,Operations,Supervisor,B.Tech,19,88304,Delhi,2023-05-01,Yes,4,No
2072,Sonia Patel,Female,29,Finance,Accountant,B.Com,8,77643,Noida,2022-10-03,No,4,No
2073,Amit Singh,Female,48,HR,Recruiter,B.Tech,19,88440,Bengaluru,2019-11-07,No,2,No
2074,Priya Joshi,Female,41,Operations,Supervisor,MBA,16,83875,Chennai,2016-02-19,Yes,3,No
2075,Amit Joshi,Female,29,Finance,Accountant,B.Com,8,77993,Noida,2021-10-20,No,5,No
2076,Deepak Yadav,Female,24,Marketing,Marketing Executive,B.Tech,3,54409,Ahmedabad,2022-12-15,No,3,No
2077,Arjun Sharma,Female,46,Finance,Accountant,B.Com,18,95610,Mumbai,2023-09-21,No,4,No
2078,Deepak Patel,Female,45,HR,Recruiter,B.Tech,20,86618,Lucknow,2023-03-06,No,3,No
2079,Priya Mehta,Male,35,IT,QA Engineer,B.Tech,8,80783,Jaipur,2017-12-13,No,3,No
2080,Sneha Patel,Male,32,Sales,Sales Executive,Graduate,5,53956,Jaipur,2021-01-13,No,3,No
2081,Sneha Roy,Female,46,Sales,Sales Manager,MBA,19,90550,Mumbai,2020-06-11,No,4,No
2082,Sonia Mehta,Female,21,Sales,Sales Executive,M.Com,0,43109,Chennai,2020-09-04,No,5,No
2083,Deepak Patel,Female,25,Operations,Operations Executive,B.Tech,2,43529,Kolkata,2022-06-09,No,1,No
2084,Pooja Joshi,Female,34,Sales,Sales Executive,B.Tech,12,76311,Pune,2023-12-15,No,1,No
2085,Deepak Verma,Male,24,Finance,Accountant,MBA,1,61478,Ahmedabad,2020-07-18,No,2,No
2086,Deepak Roy,Female,28,Operations,Supervisor,B.Com,6,52203,Kolkata,2021-11-12,Yes,3,No
2087,Kiran Patel,Female,32,Marketing,SEO Specialist,B.Tech,6,61048,Jaipur,2024-12-18,No,5,No
2088,Deepak Verma,Female,34,Sales,Sales Executive,Graduate,11,72745,Kolkata,2016-07-04,No,5,No
2089,Anjali Patel,Male,43,Operations,Operations Executive,M.Com,15,79636,Chennai,2023-01-18,No,1,No
2090,Nisha Gupta,Male,44,Finance,Financial Analyst,MBA,15,94646,Noida,2021-04-08,No,1,No
2091,Vikas Kumar,Female,32,Operations,Supervisor,MBA,11,69023,Ahmedabad,2015-04-23,No,5,No
2092,Rahul Mehta,Female,47,Sales,Sales Manager,Graduate,17,87491,Chennai,2020-09-11,No,3,No
2093,Priya Joshi,Male,40,HR,HR Executive,MBA,11,64460,Delhi,2023-03-20,No,1,No
2094,Sonia Yadav,Female,36,Operations,Supervisor,M.Com,15,79936,Mumbai,2022-11-11,Yes,1,Yes
2095,Anjali Singh,Female,26,Sales,Sales Executive,B.Tech,5,57598,Jaipur,2019-10-29,No,3,No
2096,Nisha Joshi,Male,32,IT,Developer,B.Com,7,78836,Delhi,2017-11-21,Yes,3,No
2097,Amit Joshi,Female,32,Operations,Supervisor,Graduate,11,67260,Mumbai,2019-04-25,Yes,1,No
2098,Pooja Gupta,Male,49,IT,QA Engineer,MBA,20,118162,Ahmedabad,2022-08-30,Yes,2,No
2099,Sonia Patel,Male,33,Operations,Supervisor,Graduate,5,51938,Lucknow,2015-06-08,No,4,Yes
2100,Pooja Gupta,Male,34,Operations,Supervisor,B.Com,5,57994,Jaipur,2021-10-07,No,2,No
2101,Priya Roy,Male,33,Finance,Accountant,M.Com,3,66584,Delhi,2019-02-06,No,1,Yes
2102,Nisha Mehta,Female,28,Sales,Sales Manager,B.Com,1,52185,Pune,2022-05-06,No,1,No
2103,Vikas Singh,Female,32,Sales,Sales Manager,Graduate,10,72338,Ahmedabad,2019-07-14,No,2,Yes
2104,Sonia Sharma,Female,38,HR,HR Executive,MBA,10,67931,Noida,2023-10-26,No,5,No
2105,Vikas Verma,Female,47,Sales,Sales Manager,B.Com,18,93893,Delhi,2015-07-13,No,2,No
2106,Anjali Kumar,Male,41,Operations,Operations Executive,B.Tech,13,78084,Noida,2017-05-28,Yes,2,No
2107,Nisha Singh,Male,33,Operations,Supervisor,Graduate,6,55387,Pune,2019-04-12,Yes,5,No
2108,Rahul Joshi,Male,32,Operations,Operations Executive,B.Com,10,68388,Bengaluru,2015-07-03,No,2,Yes
2109,Vikas Yadav,Male,48,Finance,Financial Analyst,B.Tech,18,100074,Pune,2019-08-04,No,2,No
2110,Neha Singh,Male,37,Finance,Accountant,MBA,8,70170,Ahmedabad,2016-06-11,No,4,Yes
2111,Rohan Mehta,Female,33,HR,Recruiter,B.Tech,5,52863,Chennai,2022-08-20,No,2,No
2112,Rahul Mehta,Male,24,Sales,Sales Executive,M.Com,3,53970,Ahmedabad,2020-08-01,No,2,No
2113,Priya Yadav,Male,26,HR,Recruiter,M.Com,3,43123,Mumbai,2023-07-21,No,4,No
2114,Sneha Patel,Male,39,Finance,Accountant,B.Tech,19,105751,Ahmedabad,2015-02-28,Yes,2,No
2115,Rahul Verma,Male,40,IT,Analyst,M.Com,20,116411,Delhi,2015-09-18,Yes,4,No
2116,Mohit Gupta,Male,25,Finance,Accountant,Graduate,2,64857,Noida,2016-10-21,No,5,No
2117,Amit Kumar,Female,44,Finance,Accountant,MBA,16,90286,Delhi,2018-08-10,No,5,No
2118,Sonia Sharma,Male,29,Finance,Accountant,Graduate,0,50957,Ahmedabad,2016-05-05,No,4,No
2119,Pooja Patel,Female,46,Marketing,SEO Specialist,M.Com,20,97627,Ahmedabad,2017-08-31,No,5,No
2120,Rohan Kumar,Female,42,IT,Analyst,Graduate,14,100900,Jaipur,2016-12-15,No,2,Yes
2121,Vikas Kumar,Male,24,Sales,Sales Manager,MBA,4,57535,Jaipur,2021-01-26,No,4,No
2122,Arjun Yadav,Female,40,Finance,Accountant,B.Com,13,89910,Pune,2018-10-15,No,4,No
2123,Mohit Yadav,Female,29,IT,Analyst,B.Tech,6,84312,Pune,2019-01-28,No,2,No
2124,Amit Verma,Female,31,Finance,Accountant,B.Tech,4,61780,Kolkata,2018-05-15,No,5,No
2125,Rohan Joshi,Male,40,IT,Developer,M.Com,12,97074,Chennai,2021-05-13,Yes,2,Yes
2126,Sonia Roy,Male,30,IT,Analyst,B.Com,4,75185,Chennai,2023-04-13,No,4,No
2127,Sneha Singh,Male,40,Marketing,SEO Specialist,B.Tech,20,94590,Pune,2024-09-01,Yes,1,Yes
2128,Anjali Gupta,Female,27,Operations,Operations Executive,B.Tech,4,52039,Bengaluru,2018-07-16,No,1,Yes
2129,Rahul Mehta,Female,39,HR,Recruiter,B.Tech,17,79990,Pune,2021-12-07,No,2,Yes
2130,Vikas Roy,Female,31,HR,HR Executive,Graduate,4,46590,Chennai,2019-04-10,No,1,Yes
2131,Nisha Gupta,Female,38,Operations,Operations Executive,B.Tech,11,74082,Noida,2020-07-07,No,5,No
2132,Arjun Gupta,Male,33,IT,Analyst,Graduate,4,74916,Lucknow,2016-03-30,No,4,No
2133,Mohit Patel,Male,35,Marketing,Marketing Executive,M.Com,15,90171,Lucknow,2017-11-01,Yes,4,No
2134,Amit Patel,Female,31,IT,QA Engineer,M.Com,1,66412,Noida,2019-11-09,No,3,No
2135,Priya Roy,Female,37,Sales,Sales Manager,M.Com,17,84640,Delhi,2018-05-24,No,5,Yes
2136,Vikas Gupta,Female,34,Operations,Operations Executive,B.Tech,8,62499,Bengaluru,2023-10-17,No,3,No
2137,Sonia Gupta,Male,33,Marketing,Marketing Executive,Graduate,6,62614,Mumbai,2022-07-14,Yes,3,No
2138,Deepak Singh,Male,28,HR,HR Executive,Graduate,7,55401,Lucknow,2017-08-28,No,3,Yes
2139,Pooja Singh,Male,24,Marketing,Marketing Executive,MBA,2,57547,Pune,2018-09-17,No,4,No
2140,Priya Sharma,Male,24,Operations,Operations Executive,M.Com,2,43502,Lucknow,2023-11-17,No,1,Yes
2141,Kiran Joshi,Female,39,Operations,Operations Executive,M.Com,16,84799,Mumbai,2020-04-05,No,2,No
2142,Kiran Singh,Male,21,Marketing,Marketing Executive,MBA,0,45881,Mumbai,2024-11-06,No,2,Yes
2143,Priya Yadav,Female,29,Sales,Sales Manager,B.Tech,7,63966,Pune,2022-03-08,Yes,5,No
2144,Neha Roy,Male,30,Marketing,SEO Specialist,Graduate,0,47123,Chennai,2015-09-22,No,3,No
2145,Kiran Joshi,Female,32,Finance,Accountant,B.Com,2,62306,Bengaluru,2018-07-28,No,1,No
2146,Mohit Verma,Female,37,Operations,Operations Executive,B.Com,10,67867,Mumbai,2020-06-26,Yes,4,No
2147,Deepak Roy,Female,37,HR,Recruiter,MBA,11,70117,Mumbai,2019-07-10,No,4,No
2148,Sneha Sharma,Female,38,Operations,Supervisor,MBA,12,67401,Mumbai,2016-09-03,No,2,No
2149,Sneha Verma,Female,28,Marketing,Marketing Executive,M.Com,5,57053,Jaipur,2016-09-05,No,1,Yes
2150,Vikas Kumar,Female,37,IT,Analyst,Graduate,9,87049,Lucknow,2020-08-06,No,2,Yes
2151,Sonia Verma,Female,27,HR,Recruiter,M.Com,2,47810,Delhi,2017-08-21,No,5,No
2152,Mohit Patel,Male,42,Sales,Sales Manager,B.Tech,20,95547,Mumbai,2016-05-14,Yes,3,No
2153,Kiran Verma,Female,45,Sales,Sales Manager,M.Com,18,86034,Bengaluru,2017-05-07,Yes,1,Yes
2154,Kiran Joshi,Male,39,Marketing,Marketing Executive,MBA,10,73424,Ahmedabad,2021-06-02,No,2,No
2155,Neha Mehta,Female,35,Marketing,SEO Specialist,M.Com,15,85635,Chennai,2016-08-30,Yes,5,No
2156,Sneha Sharma,Male,29,Operations,Supervisor,MBA,8,64364,Pune,2018-02-05,No,4,No
2157,Sneha Roy,Female,25,Operations,Supervisor,B.Com,0,42835,Kolkata,2016-08-21,No,5,No
2158,Mohit Mehta,Male,43,IT,Analyst,MBA,20,119790,Jaipur,2023-04-01,No,5,No
2159,Arjun Yadav,Male,24,Finance,Accountant,B.Tech,0,54276,Ahmedabad,2015-04-14,No,2,Yes
2160,Nisha Patel,Male,44,IT,Analyst,B.Tech,14,101259,Pune,2018-07-10,Yes,5,No
2161,Mohit Roy,Female,46,Operations,Supervisor,MBA,19,89165,Lucknow,2015-08-03,Yes,2,No
2162,Arjun Patel,Male,40,Operations,Supervisor,B.Com,12,67417,Chennai,2018-08-30,Yes,4,No
2163,Mohit Kumar,Male,36,HR,HR Executive,Graduate,16,77160,Lucknow,2016-09-12,Yes,4,Yes
2164,Mohit Yadav,Male,31,Sales,Sales Manager,MBA,10,71760,Kolkata,2021-02-10,No,3,No
2165,Amit Verma,Male,33,HR,Recruiter,Graduate,6,52606,Delhi,2015-08-20,Yes,1,No
2166,Amit Mehta,Female,29,IT,Analyst,M.Com,7,79755,Delhi,2022-02-11,Yes,5,No
2167,Amit Gupta,Female,41,Operations,Operations Executive,B.Com,13,70613,Lucknow,2017-07-29,Yes,1,Yes
2168,Rohan Mehta,Female,31,Marketing,SEO Specialist,B.Com,5,58986,Jaipur,2023-05-07,No,2,No
2169,Arjun Patel,Male,35,IT,Analyst,Graduate,6,79198,Ahmedabad,2019-05-28,No,3,No
2170,Kiran Verma,Male,50,Marketing,Marketing Executive,B.Com,20,101385,Bengaluru,2019-05-07,Yes,4,No
2171,Priya Mehta,Female,35,Operations,Operations Executive,B.Tech,6,56970,Delhi,2017-07-30,No,3,No
2172,Anjali Yadav,Female,30,IT,QA Engineer,MBA,5,75880,Ahmedabad,2019-05-11,No,4,No
2173,Pooja Sharma,Male,46,Finance,Accountant,B.Tech,17,97175,Delhi,2015-01-02,Yes,2,Yes
2174,Vikas Gupta,Male,40,Sales,Sales Executive,B.Tech,14,84307,Jaipur,2022-03-30,Yes,2,Yes
2175,Nisha Verma,Female,24,Operations,Operations Executive,Graduate,0,37573,Ahmedabad,2017-12-12,No,1,Yes
2176,Rohan Sharma,Female,21,IT,QA Engineer,B.Com,0,61410,Ahmedabad,2024-12-09,No,2,Yes
2177,Anjali Yadav,Male,27,HR,Recruiter,M.Com,4,46067,Mumbai,2015-05-03,No,4,No
2178,Amit Patel,Female,38,HR,HR Executive,MBA,18,81032,Ahmedabad,2017-04-10,No,3,No
2179,Kiran Sharma,Male,40,HR,Recruiter,B.Tech,20,94227,Noida,2023-11-18,No,4,No
2180,Sneha Gupta,Male,38,Marketing,SEO Specialist,MBA,11,78241,Chennai,2019-03-01,No,5,No
2181,Arjun Mehta,Female,38,Finance,Financial Analyst,B.Tech,11,83192,Jaipur,2024-12-22,No,3,No
2182,Nisha Sharma,Male,43,HR,Recruiter,B.Com,19,84755,Mumbai,2020-01-21,No,3,No
2183,Neha Yadav,Female,38,Marketing,Marketing Executive,B.Com,10,70612,Kolkata,2017-04-23,No,5,No
2184,Arjun Gupta,Male,37,HR,Recruiter,Graduate,16,84428,Lucknow,2016-11-05,No,1,Yes
2185,Kiran Yadav,Female,39,Operations,Operations Executive,MBA,11,70971,Ahmedabad,2021-06-21,Yes,5,No
2186,Priya Yadav,Female,26,IT,Analyst,MBA,6,83265,Kolkata,2022-10-17,No,1,Yes
2187,Rahul Singh,Male,26,Operations,Operations Executive,B.Tech,3,44885,Ahmedabad,2016-05-10,No,1,Yes
2188,Vikas Joshi,Female,38,HR,Recruiter,B.Com,13,74102,Chennai,2017-05-03,Yes,1,No
2189,Sonia Mehta,Female,35,HR,HR Executive,M.Com,15,80691,Chennai,2020-04-23,Yes,3,No
2190,Anjali Patel,Male,41,Marketing,Marketing Executive,Graduate,11,78533,Pune,2023-07-07,No,1,Yes
2191,Sneha Patel,Male,41,Operations,Supervisor,MBA,20,94449,Chennai,2020-04-06,Yes,4,No
2192,Nisha Mehta,Male,23,Finance,Financial Analyst,Graduate,3,59603,Kolkata,2023-10-04,No,5,No
2193,Rohan Joshi,Male,38,IT,Developer,B.Com,14,104257,Ahmedabad,2023-02-14,No,4,No
2194,Deepak Singh,Male,38,IT,Developer,M.Com,14,97666,Ahmedabad,2016-03-25,Yes,1,Yes
2195,Sneha Joshi,Male,26,IT,Analyst,MBA,0,62893,Ahmedabad,2017-01-18,No,4,Yes
2196,Anjali Roy,Male,24,Operations,Supervisor,M.Com,3,47194,Delhi,2021-10-14,No,2,Yes
2197,Neha Singh,Female,41,Operations,Operations Executive,B.Tech,16,85904,Lucknow,2019-11-23,Yes,1,Yes
2198,Arjun Verma,Male,40,Finance,Financial Analyst,B.Com,12,83985,Lucknow,2021-05-25,Yes,2,Yes
2199,Rohan Kumar,Male,35,Marketing,SEO Specialist,Graduate,8,64094,Lucknow,2017-04-09,Yes,2,No
2200,Nisha Kumar,Female,36,HR,Recruiter,MBA,16,76847,Ahmedabad,2015-02-06,No,5,No
2201,Rahul Kumar,Male,36,IT,QA Engineer,MBA,6,82778,Noida,2019-05-08,Yes,4,No
2202,Priya Patel,Female,37,Finance,Financial Analyst,Graduate,16,99275,Jaipur,2024-06-01,No,2,Yes
2203,Kiran Kumar,Male,36,HR,Recruiter,B.Com,10,60453,Kolkata,2021-10-19,Yes,2,No
2204,Vikas Singh,Male,50,Finance,Accountant,MBA,20,102576,Delhi,2019-11-08,No,2,No
2205,Deepak Mehta,Female,34,Sales,Sales Manager,B.Tech,8,64601,Ahmedabad,2018-10-30,No,4,No
2206,Anjali Gupta,Male,41,Marketing,Marketing Executive,M.Com,15,90159,Lucknow,2022-05-31,No,5,No
2207,Pooja Mehta,Female,45,Marketing,Marketing Executive,B.Tech,16,84031,Lucknow,2024-10-22,No,3,No
2208,Rohan Patel,Female,41,IT,QA Engineer,M.Com,18,110710,Pune,2022-08-01,Yes,3,No
2209,Priya Roy,Female,28,Marketing,Marketing Executive,Graduate,4,56112,Bengaluru,2021-03-14,No,3,No
2210,Priya Yadav,Female,30,Operations,Supervisor,B.Tech,7,64299,Chennai,2020-07-28,No,3,No
2211,Amit Singh,Female,42,Finance,Accountant,B.Tech,17,94897,Ahmedabad,2019-03-23,Yes,3,No
2212,Arjun Roy,Female,46,Finance,Accountant,M.Com,17,97039,Jaipur,2015-07-28,Yes,5,No
2213,Deepak Singh,Male,31,Finance,Financial Analyst,Graduate,10,77289,Kolkata,2015-08-12,No,2,Yes
2214,Amit Singh,Male,30,Marketing,SEO Specialist,B.Com,8,64571,Bengaluru,2021-05-09,No,4,No
2215,Deepak Verma,Female,36,Sales,Sales Executive,Graduate,13,76276,Kolkata,2021-03-13,Yes,2,No
2216,Pooja Joshi,Male,33,Marketing,SEO Specialist,M.Com,10,70815,Noida,2016-10-18,No,4,No
2217,Rohan Singh,Male,33,HR,HR Executive,MBA,7,56120,Bengaluru,2016-12-11,Yes,2,Yes
2218,Kiran Roy,Female,47,Finance,Financial Analyst,MBA,18,101335,Jaipur,2015-12-02,Yes,4,No
2219,Sneha Sharma,Female,32,Marketing,SEO Specialist,B.Com,12,81868,Chennai,2019-11-24,No,3,No
2220,Rahul Yadav,Female,43,Finance,Accountant,MBA,14,88366,Lucknow,2024-05-21,Yes,3,No
2221,Amit Joshi,Female,36,Sales,Sales Executive,Graduate,12,74075,Ahmedabad,2024-11-04,Yes,3,No
2222,Vikas Roy,Female,26,Operations,Supervisor,Graduate,0,46366,Jaipur,2015-03-25,No,3,No
2223,Priya Joshi,Male,34,Sales,Sales Executive,Graduate,11,71909,Jaipur,2016-10-09,Yes,3,No
2224,Rohan Singh,Male,24,Sales,Sales Manager,M.Com,1,43974,Mumbai,2022-10-19,No,2,Yes
2225,Mohit Singh,Male,30,Sales,Sales Executive,Graduate,4,54563,Chennai,2018-06-30,No,2,Yes
2226,Amit Verma,Male,48,HR,HR Executive,Graduate,18,82882,Noida,2016-11-18,No,3,No
2227,Rahul Mehta,Male,33,Sales,Sales Executive,MBA,5,54533,Delhi,2019-02-20,No,4,No
2228,Rahul Sharma,Male,29,Sales,Sales Manager,MBA,5,60909,Mumbai,2019-06-02,No,1,No
2229,Kiran Verma,Male,44,IT,Developer,B.Com,19,116902,Delhi,2022-12-19,No,3,No
2230,Mohit Mehta,Female,34,HR,Recruiter,B.Com,12,65009,Ahmedabad,2022-08-07,No,3,No
2231,Mohit Yadav,Female,41,Operations,Operations Executive,B.Com,16,86920,Ahmedabad,2023-06-06,No,5,No
2232,Neha Joshi,Female,24,IT,Analyst,M.Com,1,63702,Jaipur,2024-06-10,No,5,No
2233,Anjali Joshi,Male,31,Sales,Sales Executive,B.Tech,11,72653,Jaipur,2019-11-19,Yes,4,No
2234,Kiran Roy,Female,24,IT,Analyst,MBA,4,73720,Ahmedabad,2019-06-24,No,4,No
2235,Anjali Yadav,Female,33,IT,QA Engineer,M.Com,13,96520,Noida,2015-08-06,Yes,2,No
2236,Neha Gupta,Female,34,Marketing,SEO Specialist,MBA,9,73897,Bengaluru,2024-09-27,No,5,No
2237,Mohit Verma,Male,25,Marketing,SEO Specialist,Graduate,5,57159,Ahmedabad,2015-09-03,No,2,No
2238,Nisha Roy,Male,39,Finance,Financial Analyst,M.Com,10,82541,Kolkata,2015-07-28,Yes,3,No
2239,Kiran Patel,Female,46,HR,HR Executive,MBA,17,85789,Pune,2018-09-14,No,1,No
2240,Priya Yadav,Male,45,HR,HR Executive,M.Com,19,87018,Mumbai,2015-02-19,Yes,4,No
2241,Rohan Roy,Male,46,Finance,Accountant,MBA,17,96680,Ahmedabad,2024-08-18,Yes,2,Yes
2242,Deepak Roy,Female,36,IT,Analyst,B.Com,15,98810,Kolkata,2023-03-01,Yes,4,No
2243,Sonia Joshi,Female,40,Marketing,Marketing Executive,MBA,10,73349,Delhi,2023-01-14,No,5,No
2244,Pooja Patel,Male,39,Finance,Financial Analyst,Graduate,15,92876,Mumbai,2019-07-16,No,5,No
2245,Vikas Yadav,Female,30,Marketing,SEO Specialist,B.Com,7,64575,Lucknow,2022-10-27,No,4,No
2246,Sonia Gupta,Male,25,Sales,Sales Executive,M.Com,2,47661,Jaipur,2022-06-08,No,5,No
2247,Rohan Verma,Male,30,Finance,Financial Analyst,M.Com,4,67752,Jaipur,2019-02-26,No,1,Yes
2248,Rahul Joshi,Female,32,Marketing,SEO Specialist,B.Com,6,65046,Jaipur,2016-11-06,No,2,Yes
2249,Nisha Singh,Female,24,HR,HR Executive,Graduate,3,43848,Delhi,2019-10-22,No,1,Yes
2250,Arjun Joshi,Female,25,Finance,Accountant,Graduate,5,64686,Mumbai,2019-02-11,No,3,No
2251,Sonia Kumar,Male,31,Sales,Sales Manager,M.Com,10,65638,Noida,2015-01-01,Yes,5,No
2252,Rahul Mehta,Female,42,Sales,Sales Executive,M.Com,18,93619,Chennai,2021-10-18,Yes,1,No
2253,Sneha Mehta,Female,29,IT,Analyst,B.Tech,9,88945,Jaipur,2024-02-01,No,3,No
2254,Neha Sharma,Male,31,Finance,Accountant,MBA,7,72851,Noida,2016-09-27,Yes,2,Yes
2255,Pooja Verma,Female,26,Finance,Financial Analyst,M.Com,4,61203,Jaipur,2022-09-17,No,3,No
2256,Sneha Kumar,Male,50,HR,Recruiter,MBA,20,94045,Lucknow,2020-04-22,No,5,No
2257,Arjun Yadav,Female,21,HR,Recruiter,M.Com,1,41631,Mumbai,2020-07-31,No,4,No
2258,Rohan Yadav,Male,43,Sales,Sales Executive,M.Com,13,77657,Lucknow,2024-09-30,Yes,5,No
2259,Kiran Kumar,Male,23,IT,Analyst,Graduate,1,66432,Delhi,2018-02-12,No,5,No
2260,Priya Kumar,Male,36,Operations,Supervisor,B.Com,11,70611,Bengaluru,2024-03-30,No,3,Yes
2261,Anjali Joshi,Male,40,Marketing,SEO Specialist,B.Com,12,82674,Ahmedabad,2023-08-19,Yes,5,No
2262,Deepak Yadav,Female,34,HR,Recruiter,B.Com,9,57793,Chennai,2015-09-15,No,4,No
2263,Deepak Verma,Male,39,IT,QA Engineer,B.Com,10,88651,Bengaluru,2024-07-22,No,4,No
2264,Vikas Sharma,Male,28,Finance,Financial Analyst,Graduate,8,78695,Noida,2020-01-15,No,2,Yes
2265,Sonia Joshi,Female,45,Sales,Sales Executive,M.Com,17,89328,Chennai,2022-03-06,No,1,No
2266,Rahul Mehta,Female,47,IT,QA Engineer,MBA,17,111549,Delhi,2019-05-13,No,3,No
2267,Rahul Patel,Female,34,Operations,Supervisor,M.Com,13,74886,Mumbai,2023-05-28,Yes,2,Yes
2268,Neha Kumar,Male,28,Finance,Accountant,Graduate,6,70921,Pune,2022-10-03,No,1,No
2269,Mohit Singh,Female,30,HR,Recruiter,B.Com,8,56857,Bengaluru,2024-05-13,No,4,No
2270,Nisha Joshi,Male,32,HR,HR Executive,Graduate,11,68287,Mumbai,2017-10-22,Yes,2,Yes
2271,Amit Gupta,Female,32,IT,Analyst,M.Com,10,93553,Noida,2023-06-29,No,5,No
2272,Kiran Verma,Male,35,Marketing,SEO Specialist,B.Com,12,75744,Ahmedabad,2022-10-27,No,2,No
2273,Amit Gupta,Female,40,Finance,Financial Analyst,M.Com,10,81043,Delhi,2021-05-27,Yes,2,Yes
2274,Anjali Mehta,Female,35,Sales,Sales Manager,Graduate,14,77196,Chennai,2016-07-10,Yes,1,No
2275,Amit Patel,Male,45,HR,HR Executive,B.Tech,20,89031,Jaipur,2015-06-09,Yes,3,No
2276,Vikas Sharma,Female,33,IT,Developer,B.Tech,8,86750,Lucknow,2023-04-14,No,1,No
2277,Neha Singh,Female,24,IT,Analyst,B.Tech,2,73600,Lucknow,2016-02-15,No,5,No
2278,Rohan Patel,Male,34,HR,HR Executive,B.Com,5,50978,Chennai,2017-08-06,No,5,No
2279,Nisha Yadav,Female,41,Operations,Operations Executive,B.Tech,17,88549,Bengaluru,2015-06-16,Yes,3,No
2280,Amit Roy,Female,23,Operations,Supervisor,M.Com,1,40626,Kolkata,2016-03-13,No,1,No
2281,Rahul Joshi,Male,30,HR,HR Executive,Graduate,8,64680,Ahmedabad,2018-09-30,Yes,5,No
2282,Pooja Verma,Female,26,IT,Analyst,B.Com,4,78350,Pune,2020-11-12,No,2,Yes
2283,Nisha Joshi,Female,36,HR,Recruiter,B.Tech,13,73864,Pune,2021-08-16,Yes,2,No
2284,Pooja Verma,Female,29,Marketing,SEO Specialist,MBA,3,54677,Chennai,2016-04-14,No,5,No
2285,Kiran Singh,Male,49,IT,QA Engineer,M.Com,20,111965,Mumbai,2017-10-20,Yes,2,Yes
2286,Neha Gupta,Female,29,IT,Developer,M.Com,8,89413,Mumbai,2015-02-26,No,1,No
2287,Anjali Verma,Female,41,IT,QA Engineer,MBA,20,116041,Pune,2020-10-26,Yes,3,No
2288,Amit Yadav,Female,34,Finance,Financial Analyst,MBA,11,81477,Delhi,2015-07-20,Yes,4,No
2289,Rohan Kumar,Female,42,HR,Recruiter,Graduate,14,74736,Ahmedabad,2016-07-30,No,2,Yes
2290,Priya Patel,Female,31,Marketing,SEO Specialist,M.Com,2,55445,Bengaluru,2017-07-07,No,3,No
2291,Priya Mehta,Female,38,IT,QA Engineer,MBA,15,104678,Noida,2020-06-13,Yes,2,Yes
2292,Kiran Yadav,Female,39,Sales,Sales Executive,Graduate,11,71674,Chennai,2023-12-19,No,1,Yes
2293,Arjun Roy,Male,31,HR,HR Executive,MBA,7,56630,Delhi,2021-11-18,No,2,No
2294,Kiran Yadav,Female,43,Sales,Sales Manager,B.Tech,17,91805,Chennai,2016-03-20,Yes,3,Yes
2295,Nisha Verma,Male,46,IT,Analyst,Graduate,20,119856,Lucknow,2020-04-16,Yes,5,No
2296,Kiran Singh,Male,38,Sales,Sales Executive,B.Com,15,86224,Mumbai,2021-04-22,Yes,3,No
2297,Arjun Mehta,Male,33,IT,Analyst,MBA,13,95858,Pune,2015-10-25,No,4,No
2298,Neha Patel,Female,29,Operations,Supervisor,MBA,6,58076,Noida,2021-08-03,Yes,1,Yes
2299,Amit Roy,Male,36,Sales,Sales Manager,B.Com,7,59446,Mumbai,2022-01-20,No,1,No
2300,Mohit Joshi,Male,27,Operations,Operations Executive,B.Com,0,40544,Bengaluru,2016-02-14,No,4,No
2301,Arjun Joshi,Male,38,HR,HR Executive,B.Tech,13,73347,Pune,2023-04-15,Yes,4,No
2302,Rahul Patel,Male,28,IT,Analyst,Graduate,5,73240,Ahmedabad,2017-05-06,No,2,Yes
2303,Deepak Yadav,Female,41,IT,Developer,Graduate,19,108015,Mumbai,2023-06-26,Yes,1,No
2304,Neha Singh,Female,32,Finance,Accountant,MBA,12,82807,Noida,2024-06-14,Yes,3,Yes
2305,Nisha Roy,Female,34,IT,Developer,B.Com,13,99620,Kolkata,2023-01-02,No,2,No
2306,Sneha Patel,Female,41,Operations,Operations Executive,Graduate,18,89357,Pune,2019-12-29,No,4,No
2307,Nisha Sharma,Male,35,Finance,Accountant,B.Com,9,81272,Noida,2016-04-17,No,4,No
2308,Sonia Kumar,Male,41,Marketing,Marketing Executive,Graduate,15,90013,Kolkata,2024-10-27,Yes,2,Yes
2309,Rohan Patel,Male,38,Marketing,SEO Specialist,B.Com,17,89456,Mumbai,2021-01-10,Yes,5,No
2310,Kiran Singh,Male,27,IT,QA Engineer,MBA,1,70536,Chennai,2023-11-10,No,2,Yes
2311,Deepak Gupta,Female,28,Finance,Accountant,Graduate,2,63957,Delhi,2016-11-05,No,1,No
2312,Neha Verma,Male,21,HR,Recruiter,Graduate,0,36370,Ahmedabad,2023-04-29,No,3,No
2313,Vikas Singh,Female,45,Marketing,SEO Specialist,B.Tech,20,93937,Bengaluru,2018-12-18,Yes,5,Yes
2314,Rohan Roy,Female,30,IT,QA Engineer,Graduate,2,67423,Mumbai,2021-01-20,No,5,No
2315,Amit Sharma,Female,37,IT,QA Engineer,Graduate,9,83195,Delhi,2019-11-16,Yes,3,No
2316,Mohit Kumar,Female,31,Operations,Supervisor,M.Com,8,63191,Chennai,2023-02-13,Yes,3,No
2317,Sneha Patel,Male,33,HR,HR Executive,B.Com,7,54945,Jaipur,2019-02-22,No,3,No
2318,Vikas Joshi,Male,29,Operations,Supervisor,B.Com,1,40145,Lucknow,2017-05-01,No,4,Yes
2319,Nisha Singh,Male,49,HR,Recruiter,B.Tech,19,91115,Kolkata,2023-12-29,Yes,2,Yes
2320,Mohit Roy,Male,45,HR,Recruiter,MBA,17,77581,Kolkata,2024-08-11,Yes,3,No
2321,Rahul Yadav,Male,35,IT,QA Engineer,B.Tech,12,98656,Mumbai,2022-07-19,Yes,1,Yes
2322,Sonia Kumar,Female,48,Marketing,SEO Specialist,B.Com,18,93038,Jaipur,2024-11-11,Yes,4,No
2323,Rohan Yadav,Female,27,IT,Developer,B.Tech,3,71626,Lucknow,2015-06-17,No,1,Yes
2324,Rohan Verma,Male,23,Sales,Sales Executive,Graduate,1,49107,Ahmedabad,2021-02-04,No,2,No
2325,Sonia Verma,Male,35,Finance,Accountant,B.Tech,9,77084,Pune,2020-12-12,No,3,No
2326,Arjun Gupta,Male,44,Marketing,Marketing Executive,B.Tech,16,85923,Delhi,2020-03-22,No,3,No
2327,Pooja Gupta,Female,30,Sales,Sales Executive,M.Com,7,61041,Pune,2020-11-25,Yes,2,No
2328,Mohit Sharma,Male,24,IT,QA Engineer,MBA,3,69049,Pune,2020-03-25,No,5,No
2329,Priya Sharma,Female,32,Marketing,SEO Specialist,Graduate,2,51243,Noida,2019-07-17,No,4,No
2330,Sonia Mehta,Female,47,HR,HR Executive,Graduate,19,90637,Mumbai,2020-08-12,Yes,3,No
2331,Mohit Kumar,Male,21,IT,QA Engineer,B.Com,0,69602,Delhi,2019-08-27,No,1,Yes
2332,Kiran Yadav,Male,37,IT,Developer,B.Com,12,97737,Pune,2021-09-07,Yes,4,No
2333,Deepak Mehta,Male,40,Finance,Financial Analyst,Graduate,11,83165,Kolkata,2024-01-25,No,2,Yes
2334,Sonia Yadav,Male,30,Sales,Sales Executive,MBA,7,64004,Mumbai,2021-07-30,No,5,No
2335,Vikas Singh,Female,48,IT,Developer,B.Tech,19,115787,Delhi,2018-10-04,No,2,Yes
2336,Arjun Sharma,Female,31,Operations,Supervisor,MBA,9,68014,Ahmedabad,2024-04-20,No,5,No
2337,Sonia Sharma,Female,39,Finance,Accountant,MBA,13,83259,Delhi,2016-06-11,Yes,5,No
2338,Vikas Kumar,Male,31,Marketing,SEO Specialist,Graduate,6,64399,Lucknow,2024-10-08,Yes,4,No
2339,Mohit Mehta,Female,27,Operations,Operations Executive,M.Com,6,54875,Chennai,2015-08-02,Yes,2,Yes
2340,Mohit Patel,Male,45,HR,Recruiter,Graduate,15,80450,Noida,2016-08-07,No,4,No
2341,Priya Roy,Female,37,IT,QA Engineer,B.Com,9,82581,Kolkata,2018-11-04,No,5,No
2342,Anjali Sharma,Female,33,IT,QA Engineer,Graduate,13,95972,Kolkata,2016-02-24,Yes,2,No
2343,Rohan Joshi,Female,47,Sales,Sales Executive,M.Com,18,86062,Chennai,2015-03-06,Yes,3,No
2344,Deepak Mehta,Female,47,Operations,Supervisor,Graduate,18,88893,Kolkata,2023-10-03,Yes,5,No
2345,Rahul Gupta,Male,32,Sales,Sales Executive,B.Tech,4,55999,Delhi,2021-05-18,No,5,No
2346,Rohan Kumar,Male,38,Marketing,SEO Specialist,M.Com,9,68685,Chennai,2024-01-19,No,2,No
2347,Anjali Yadav,Male,27,Marketing,Marketing Executive,M.Com,1,45876,Mumbai,2019-06-19,No,5,No
2348,Arjun Verma,Female,30,Operations,Operations Executive,B.Com,6,61202,Delhi,2021-10-03,No,2,No
2349,Sneha Sharma,Female,25,Sales,Sales Executive,M.Com,0,46676,Chennai,2021-05-08,No,1,No
2350,Pooja Yadav,Female,47,Sales,Sales Manager,M.Com,17,84902,Noida,2021-03-05,Yes,4,No
2351,Sonia Verma,Male,28,IT,QA Engineer,B.Tech,0,67895,Chennai,2024-04-25,No,4,No
2352,Pooja Patel,Male,27,Sales,Sales Manager,Graduate,3,50646,Delhi,2016-09-02,No,3,No
2353,Neha Sharma,Female,38,IT,Developer,M.Com,15,97516,Kolkata,2024-12-04,No,1,No
2354,Amit Singh,Male,23,IT,Analyst,B.Com,2,68167,Delhi,2024-03-26,No,5,No
2355,Amit Roy,Female,44,Marketing,SEO Specialist,MBA,20,94312,Kolkata,2023-04-10,Yes,3,No
2356,Rohan Sharma,Female,45,IT,Analyst,M.Com,18,111736,Ahmedabad,2022-02-24,Yes,2,Yes
2357,Arjun Kumar,Female,35,Marketing,Marketing Executive,B.Tech,9,68159,Delhi,2019-07-10,Yes,1,No
2358,Sonia Patel,Male,29,Marketing,Marketing Executive,M.Com,2,55768,Kolkata,2016-10-21,No,4,No
2359,Nisha Gupta,Male,41,Operations,Supervisor,MBA,17,80600,Pune,2016-01-01,No,2,Yes
2360,Arjun Singh,Male,33,Sales,Sales Executive,B.Com,12,77654,Mumbai,2017-04-19,No,5,No
2361,Rahul Roy,Female,33,HR,Recruiter,B.Com,12,68585,Chennai,2022-07-05,No,4,No
2362,Rohan Patel,Female,33,Sales,Sales Executive,MBA,12,73119,Chennai,2021-02-11,No,2,Yes
2363,Vikas Patel,Male,23,Sales,Sales Manager,Graduate,1,48981,Pune,2024-03-02,No,3,No
2364,Kiran Roy,Female,36,Finance,Accountant,MBA,6,69098,Noida,2016-08-03,No,1,Yes
2365,Neha Verma,Male,35,HR,Recruiter,B.Com,5,49011,Jaipur,2021-08-09,No,4,No
2366,Sonia Yadav,Male,46,IT,Developer,B.Com,18,110572,Pune,2019-11-29,No,4,No
2367,Kiran Sharma,Female,38,HR,Recruiter,B.Com,16,83904,Kolkata,2021-06-02,Yes,3,No
2368,Priya Yadav,Female,46,Operations,Operations Executive,Graduate,20,93599,Lucknow,2019-07-08,No,1,Yes
2369,Arjun Kumar,Female,40,HR,HR Executive,M.Com,12,67353,Lucknow,2018-12-01,Yes,1,No
2370,Neha Joshi,Male,38,HR,HR Executive,B.Tech,10,67328,Chennai,2015-10-26,Yes,1,No
2371,Vikas Joshi,Male,43,Finance,Financial Analyst,B.Com,14,85646,Delhi,2018-01-04,No,5,No
2372,Kiran Joshi,Female,24,IT,QA Engineer,B.Tech,4,75421,Kolkata,2017-07-30,No,1,No
2373,Arjun Singh,Male,42,Sales,Sales Manager,B.Tech,20,94884,Ahmedabad,2020-09-28,No,5,No
2374,Nisha Mehta,Male,45,Operations,Supervisor,M.Com,17,87001,Jaipur,2017-01-03,Yes,1,No
2375,Kiran Roy,Male,34,Finance,Financial Analyst,B.Com,6,68059,Kolkata,2015-11-16,Yes,1,No
2376,Deepak Kumar,Male,40,Finance,Financial Analyst,B.Com,12,82456,Chennai,2020-07-29,Yes,5,No
2377,Arjun Verma,Male,35,IT,Analyst,Graduate,15,106218,Bengaluru,2022-03-20,Yes,3,No
2378,Arjun Singh,Male,37,HR,HR Executive,B.Tech,11,68741,Kolkata,2015-06-06,No,5,No
2379,Priya Kumar,Female,35,IT,Analyst,B.Com,10,89396,Bengaluru,2020-03-01,No,3,No
2380,Deepak Verma,Female,43,IT,Developer,B.Com,20,112180,Chennai,2023-11-08,No,5,No
2381,Mohit Gupta,Male,36,HR,Recruiter,MBA,10,62693,Lucknow,2018-09-04,No,3,Yes
2382,Sneha Mehta,Male,34,Finance,Financial Analyst,Graduate,5,65315,Pune,2017-06-26,No,4,No
2383,Mohit Patel,Female,31,Marketing,SEO Specialist,B.Com,3,56909,Lucknow,2022-03-30,No,3,No
2384,Arjun Joshi,Female,44,HR,HR Executive,B.Com,19,90491,Chennai,2017-03-06,Yes,3,No
2385,Pooja Verma,Female,30,HR,Recruiter,Graduate,3,52314,Noida,2017-03-26,No,4,No
2386,Priya Singh,Female,32,Sales,Sales Executive,MBA,6,60039,Lucknow,2018-08-31,No,1,Yes
2387,Amit Sharma,Female,32,Marketing,SEO Specialist,MBA,6,65796,Noida,2020-01-07,No,5,No
2388,Kiran Joshi,Male,22,Sales,Sales Manager,B.Com,2,50797,Delhi,2021-11-26,No,2,Yes
2389,Vikas Kumar,Female,31,Marketing,Marketing Executive,B.Tech,4,53110,Kolkata,2017-08-20,No,3,No
2390,Rohan Patel,Female,33,Finance,Accountant,MBA,13,87815,Ahmedabad,2020-01-17,No,5,No
2391,Sneha Gupta,Female,38,Operations,Supervisor,MBA,10,67526,Kolkata,2021-08-06,Yes,3,No
2392,Nisha Sharma,Male,38,IT,Developer,MBA,9,84444,Bengaluru,2016-07-11,Yes,1,No
2393,Sonia Gupta,Male,43,Sales,Sales Manager,Graduate,20,99606,Pune,2022-03-17,Yes,2,Yes
2394,Arjun Singh,Male,35,HR,Recruiter,B.Tech,10,67872,Bengaluru,2023-04-12,Yes,1,No
2395,Anjali Verma,Male,45,Marketing,SEO Specialist,M.Com,16,89276,Ahmedabad,2020-07-02,No,4,No
2396,Nisha Gupta,Male,39,Operations,Supervisor,MBA,9,66271,Noida,2023-04-14,No,2,No
2397,Nisha Sharma,Male,28,Marketing,SEO Specialist,B.Com,6,66902,Noida,2017-03-30,Yes,1,No
2398,Kiran Mehta,Male,32,HR,Recruiter,B.Tech,12,66472,Delhi,2016-10-17,Yes,5,No
2399,Rahul Kumar,Female,32,Marketing,SEO Specialist,M.Com,5,62119,Ahmedabad,2022-06-17,No,5,No
2400,Sneha Kumar,Male,33,Sales,Sales Executive,B.Com,8,69208,Ahmedabad,2024-09-03,Yes,3,No
2401,Neha Roy,Female,40,Finance,Accountant,Graduate,17,94175,Ahmedabad,2023-01-21,No,4,Yes
2402,Sneha Kumar,Male,29,Operations,Operations Executive,MBA,6,59256,Chennai,2024-05-24,No,2,No
2403,Arjun Patel,Male,42,Marketing,Marketing Executive,B.Com,19,97249,Kolkata,2022-05-16,No,2,No
2404,Sneha Mehta,Male,29,IT,Analyst,B.Tech,7,82826,Jaipur,2021-06-23,Yes,3,No
2405,Amit Joshi,Male,45,HR,Recruiter,B.Tech,15,80086,Bengaluru,2018-04-02,No,4,No
2406,Amit Kumar,Female,44,Marketing,Marketing Executive,M.Com,15,82408,Noida,2021-07-12,No,2,No
2407,Kiran Singh,Female,26,IT,Developer,M.Com,1,66538,Lucknow,2020-11-28,No,5,No
2408,Rahul Gupta,Male,46,IT,Analyst,Graduate,18,113502,Kolkata,2022-07-28,Yes,2,Yes
2409,Mohit Mehta,Female,25,IT,QA Engineer,B.Com,5,73228,Ahmedabad,2020-06-25,No,3,No
2410,Sonia Sharma,Male,31,Sales,Sales Executive,Graduate,6,63426,Bengaluru,2019-06-04,No,3,No
2411,Neha Gupta,Female,33,Sales,Sales Executive,MBA,7,58843,Chennai,2016-03-24,No,5,No
2412,Arjun Sharma,Female,22,HR,HR Executive,B.Tech,0,44456,Pune,2021-07-31,No,2,No
2413,Anjali Singh,Female,38,Finance,Accountant,B.Com,8,78378,Ahmedabad,2015-01-21,No,2,Yes
2414,Priya Kumar,Male,40,HR,HR Executive,M.Com,19,84878,Jaipur,2016-09-13,Yes,4,Yes
2415,Neha Singh,Male,24,Finance,Financial Analyst,M.Com,4,61886,Noida,2022-07-21,No,5,No
2416,Kiran Gupta,Male,25,IT,QA Engineer,B.Com,5,74481,Ahmedabad,2020-01-03,No,5,No
2417,Priya Mehta,Female,35,IT,Developer,MBA,6,78507,Ahmedabad,2019-04-07,Yes,1,Yes
2418,Sonia Mehta,Male,37,Operations,Supervisor,B.Com,9,61197,Mumbai,2018-03-11,Yes,2,No
2419,Rahul Sharma,Female,29,Sales,Sales Executive,B.Tech,0,45351,Lucknow,2018-03-20,No,2,Yes
2420,Deepak Sharma,Female,33,Operations,Operations Executive,MBA,12,67020,Ahmedabad,2023-09-27,Yes,2,No
2421,Mohit Gupta,Female,28,HR,Recruiter,B.Tech,4,48125,Mumbai,2021-03-01,No,4,No
2422,Vikas Singh,Male,24,IT,Analyst,B.Com,0,61227,Mumbai,2020-05-27,No,2,Yes
2423,Kiran Singh,Female,35,Finance,Financial Analyst,M.Com,7,75607,Chennai,2015-09-09,No,3,Yes
2424,Sneha Patel,Female,36,HR,HR Executive,Graduate,13,69629,Pune,2016-03-14,No,2,No
2425,Pooja Roy,Female,29,Operations,Supervisor,M.Com,9,63591,Bengaluru,2019-07-20,No,1,Yes
2426,Rohan Yadav,Female,27,Marketing,Marketing Executive,MBA,2,55255,Bengaluru,2018-11-26,No,5,No
2427,Mohit Sharma,Male,25,Finance,Accountant,B.Com,3,61614,Noida,2016-03-28,No,4,No
2428,Anjali Kumar,Male,26,HR,Recruiter,B.Com,6,56759,Delhi,2018-02-05,Yes,5,No
2429,Deepak Singh,Male,28,Marketing,SEO Specialist,Graduate,0,44596,Ahmedabad,2016-08-29,No,3,No
2430,Sneha Singh,Male,34,HR,HR Executive,B.Tech,6,50695,Lucknow,2020-03-07,Yes,4,No
2431,Pooja Yadav,Male,35,Marketing,Marketing Executive,B.Tech,8,67919,Kolkata,2015-04-12,No,2,No
2432,Mohit Sharma,Male,38,Marketing,SEO Specialist,MBA,11,77478,Pune,2017-04-17,No,4,No
2433,Neha Gupta,Male,34,Marketing,Marketing Executive,B.Com,12,80200,Pune,2019-11-25,No,3,No
2434,Arjun Joshi,Female,35,IT,Developer,Graduate,15,98025,Noida,2018-06-26,Yes,1,No
2435,Pooja Verma,Female,43,HR,HR Executive,B.Com,14,77956,Bengaluru,2015-03-22,Yes,4,No
2436,Rohan Joshi,Male,25,Marketing,Marketing Executive,B.Com,0,47084,Bengaluru,2016-12-06,No,1,Yes
2437,Priya Roy,Male,46,Operations,Supervisor,Graduate,19,90971,Jaipur,2017-07-05,No,5,No
2438,Priya Roy,Male,47,Finance,Financial Analyst,Graduate,19,102294,Ahmedabad,2016-02-12,Yes,1,Yes
2439,Pooja Joshi,Female,42,Finance,Accountant,B.Com,18,99067,Ahmedabad,2017-05-13,Yes,2,No
2440,Amit Verma,Male,26,HR,Recruiter,Graduate,2,42705,Kolkata,2022-05-28,No,4,No
2441,Arjun Patel,Male,39,Finance,Accountant,B.Com,17,94231,Noida,2022-05-30,No,1,Yes
2442,Nisha Kumar,Female,41,IT,Developer,Graduate,11,96864,Ahmedabad,2023-10-01,No,5,No
2443,Mohit Yadav,Male,45,HR,Recruiter,B.Tech,17,87128,Kolkata,2024-02-22,No,3,No
2444,Pooja Roy,Male,26,IT,QA Engineer,B.Tech,5,79893,Ahmedabad,2023-04-09,No,3,No
2445,Anjali Singh,Female,39,HR,HR Executive,MBA,17,78511,Jaipur,2020-04-26,Yes,1,Yes
2446,Nisha Kumar,Male,26,Marketing,SEO Specialist,B.Com,2,57759,Bengaluru,2022-04-08,No,4,No
2447,Pooja Roy,Female,49,IT,QA Engineer,Graduate,19,114438,Bengaluru,2023-02-22,Yes,5,No
2448,Neha Gupta,Female,43,HR,Recruiter,Graduate,18,83757,Ahmedabad,2023-11-11,No,1,Yes
2449,Sneha Yadav,Male,43,Marketing,SEO Specialist,Graduate,20,95900,Ahmedabad,2022-10-01,No,4,No
2450,Deepak Joshi,Female,46,Marketing,SEO Specialist,M.Com,20,95977,Kolkata,2019-09-24,No,3,No
2451,Anjali Sharma,Male,37,IT,Developer,B.Com,8,87033,Lucknow,2016-09-13,No,1,Yes
2452,Rohan Mehta,Female,34,HR,HR Executive,Graduate,12,67618,Kolkata,2022-01-25,Yes,3,No
2453,Nisha Yadav,Male,31,Marketing,Marketing Executive,B.Tech,7,69259,Jaipur,2021-11-20,No,4,No
2454,Pooja Singh,Male,32,Finance,Accountant,B.Tech,4,67293,Noida,2019-10-07,No,5,No
2455,Deepak Verma,Male,32,IT,QA Engineer,M.Com,3,71567,Noida,2021-09-22,No,3,No
2456,Sneha Mehta,Female,33,IT,QA Engineer,Graduate,6,81678,Jaipur,2015-06-29,No,1,Yes
2457,Rohan Singh,Male,22,Sales,Sales Executive,M.Com,0,45903,Lucknow,2020-07-22,No,3,No
2458,Vikas Singh,Female,24,Operations,Supervisor,M.Com,1,44237,Noida,2021-05-12,No,3,Yes
2459,Mohit Mehta,Male,28,Marketing,Marketing Executive,M.Com,4,62741,Ahmedabad,2021-02-16,No,5,No
2460,Sonia Verma,Male,25,Marketing,SEO Specialist,B.Com,4,57448,Mumbai,2019-08-22,No,1,Yes
2461,Kiran Joshi,Male,46,Finance,Financial Analyst,B.Com,20,104342,Kolkata,2021-12-03,No,5,No
2462,Sneha Joshi,Female,37,Finance,Financial Analyst,B.Tech,9,78744,Delhi,2016-01-05,No,5,No
2463,Sneha Verma,Female,32,HR,Recruiter,Graduate,3,44708,Lucknow,2015-08-28,No,5,No
2464,Deepak Joshi,Male,29,HR,Recruiter,MBA,2,41287,Jaipur,2015-09-11,No,4,No
2465,Anjali Sharma,Female,33,Sales,Sales Executive,Graduate,7,59560,Chennai,2015-08-17,Yes,1,No
2466,Amit Patel,Male,49,Operations,Supervisor,M.Com,20,91933,Bengaluru,2017-10-21,No,2,Yes
2467,Rohan Kumar,Female,46,Operations,Operations Executive,B.Tech,17,86625,Lucknow,2023-11-07,Yes,4,No
2468,Sonia Gupta,Female,38,Finance,Accountant,MBA,11,84759,Kolkata,2020-01-20,Yes,3,No
2469,Nisha Yadav,Female,26,Marketing,Marketing Executive,MBA,0,45143,Jaipur,2023-12-17,No,2,No
2470,Nisha Sharma,Male,29,Sales,Sales Executive,M.Com,9,64276,Mumbai,2018-11-22,No,4,No
2471,Vikas Roy,Female,25,IT,QA Engineer,M.Com,3,69992,Bengaluru,2023-07-19,No,3,No
2472,Rohan Singh,Male,29,Finance,Accountant,B.Tech,4,61103,Kolkata,2015-11-20,No,4,Yes
2473,Neha Roy,Male,45,Sales,Sales Manager,M.Com,17,88861,Ahmedabad,2021-01-07,No,1,Yes
2474,Nisha Sharma,Female,27,Marketing,SEO Specialist,M.Com,4,54296,Mumbai,2019-01-07,No,2,No
2475,Priya Mehta,Male,37,Operations,Supervisor,MBA,13,72188,Ahmedabad,2016-11-05,No,4,Yes
2476,Anjali Mehta,Male,33,Sales,Sales Manager,MBA,7,63164,Lucknow,2020-12-20,No,5,No
2477,Mohit Gupta,Male,38,Sales,Sales Manager,B.Tech,16,85075,Bengaluru,2023-06-04,No,2,Yes
2478,Arjun Roy,Female,31,HR,Recruiter,MBA,1,44532,Pune,2019-02-13,No,3,No
2479,Arjun Joshi,Female,25,HR,HR Executive,M.Com,3,45671,Ahmedabad,2018-03-15,No,2,No
2480,Arjun Kumar,Female,29,Finance,Accountant,M.Com,6,69808,Lucknow,2024-09-23,Yes,2,Yes
2481,Priya Sharma,Female,30,Operations,Supervisor,B.Tech,0,45894,Pune,2023-10-17,No,1,Yes
2482,Pooja Verma,Female,41,HR,Recruiter,MBA,12,68760,Bengaluru,2016-08-16,No,3,No
2483,Anjali Roy,Female,31,HR,Recruiter,B.Com,1,39201,Noida,2024-10-14,No,5,Yes
2484,Rohan Yadav,Female,33,Finance,Accountant,B.Com,11,82068,Pune,2019-01-12,No,3,No
2485,Amit Gupta,Male,32,Marketing,Marketing Executive,B.Com,11,78284,Noida,2023-10-18,No,5,No
2486,Sonia Joshi,Female,44,IT,QA Engineer,B.Com,17,110730,Jaipur,2023-03-31,No,5,No
2487,Pooja Kumar,Female,44,Marketing,SEO Specialist,Graduate,16,85539,Bengaluru,2018-07-12,No,5,Yes
2488,Kiran Patel,Female,28,Finance,Accountant,B.Tech,4,66174,Mumbai,2016-01-02,No,2,Yes
2489,Rahul Singh,Male,47,IT,QA Engineer,B.Com,17,106209,Ahmedabad,2017-09-02,No,5,No
2490,Rahul Kumar,Male,34,HR,HR Executive,Graduate,12,74282,Noida,2015-07-22,No,2,No
2491,Anjali Yadav,Female,28,HR,Recruiter,Graduate,5,50379,Delhi,2022-10-04,No,1,Yes
2492,Neha Sharma,Female,46,HR,HR Executive,B.Tech,16,84779,Pune,2023-01-07,No,5,No
2493,Arjun Singh,Male,33,Sales,Sales Executive,M.Com,12,74731,Bengaluru,2018-07-31,No,1,No
2494,Deepak Singh,Female,47,Finance,Accountant,Graduate,17,94765,Pune,2021-08-08,Yes,2,Yes
2495,Sneha Joshi,Female,27,Operations,Supervisor,M.Com,0,43623,Noida,2024-03-01,No,2,Yes
2496,Vikas Patel,Female,21,Sales,Sales Executive,Graduate,0,47141,Delhi,2022-06-30,No,4,No
2497,Amit Roy,Female,37,Operations,Supervisor,Graduate,12,71900,Jaipur,2017-07-09,No,1,No
2498,Vikas Yadav,Male,42,Marketing,Marketing Executive,B.Tech,18,95691,Kolkata,2023-07-11,No,1,Yes
2499,Sonia Sharma,Female,40,IT,QA Engineer,MBA,12,99297,Kolkata,2021-10-21,Yes,5,No
2500,Sonia Joshi,Female,45,Finance,Accountant,B.Tech,17,101020,Delhi,2022-08-25,No,5,No
2501,Amit Joshi,Female,44,Sales,Sales Executive,MBA,18,87959,Delhi,2020-02-05,Yes,3,No
2502,Vikas Sharma,Male,30,HR,Recruiter,Graduate,4,50873,Kolkata,2022-01-28,No,4,No
2503,Anjali Roy,Female,43,HR,Recruiter,Graduate,18,82280,Mumbai,2016-04-27,No,1,No
2504,Rohan Singh,Male,35,Finance,Financial Analyst,MBA,9,82365,Jaipur,2024-05-12,No,2,No
2505,Anjali Sharma,Male,27,Sales,Sales Manager,B.Tech,5,54808,Bengaluru,2018-10-01,No,5,No
2506,Sneha Yadav,Male,31,IT,QA Engineer,MBA,3,73178,Delhi,2024-05-06,No,3,No
2507,Kiran Sharma,Male,26,Marketing,Marketing Executive,M.Com,4,59015,Pune,2022-12-19,No,4,No
2508,Deepak Roy,Female,36,Operations,Operations Executive,B.Com,10,66507,Mumbai,2016-07-11,Yes,1,Yes
2509,Rahul Patel,Male,44,Marketing,SEO Specialist,MBA,19,95087,Noida,2022-04-24,No,1,Yes
2510,Anjali Singh,Male,34,IT,Developer,B.Tech,13,98881,Kolkata,2019-03-09,No,5,No
2511,Deepak Roy,Male,22,Operations,Operations Executive,Graduate,1,41403,Lucknow,2015-01-05,No,5,No
2512,Amit Joshi,Female,34,IT,Developer,MBA,13,93214,Delhi,2023-11-26,No,3,No
2513,Nisha Singh,Female,35,HR,Recruiter,B.Com,14,77048,Lucknow,2020-06-04,Yes,5,No
2514,Deepak Yadav,Male,32,Operations,Supervisor,MBA,9,61807,Chennai,2021-03-24,Yes,5,No
2515,Anjali Verma,Male,35,Sales,Sales Manager,B.Com,8,61893,Noida,2022-01-01,Yes,4,No
2516,Priya Kumar,Female,22,IT,Developer,M.Com,2,69224,Bengaluru,2018-12-11,No,3,Yes
2517,Vikas Mehta,Male,38,IT,Developer,M.Com,11,91694,Bengaluru,2018-10-13,No,5,No
2518,Nisha Patel,Female,33,Marketing,Marketing Executive,B.Com,13,82533,Bengaluru,2023-01-18,No,4,No
2519,Sneha Sharma,Female,33,IT,Analyst,M.Com,10,91268,Bengaluru,2015-07-14,Yes,3,No
2520,Sneha Yadav,Male,27,Operations,Operations Executive,MBA,1,45399,Chennai,2018-12-14,No,4,No
2521,Neha Sharma,Female,29,IT,Analyst,B.Tech,0,60557,Delhi,2023-08-03,No,5,No
2522,Neha Joshi,Female,40,Operations,Operations Executive,MBA,19,88326,Lucknow,2020-09-09,No,1,No
2523,Nisha Verma,Female,44,Sales,Sales Manager,B.Tech,14,81374,Noida,2019-07-22,No,1,No
2524,Deepak Sharma,Female,25,Operations,Operations Executive,MBA,5,50854,Jaipur,2018-07-09,No,2,Yes
2525,Nisha Gupta,Male,22,Operations,Supervisor,M.Com,1,44734,Chennai,2024-09-04,No,1,Yes
2526,Kiran Verma,Female,28,Sales,Sales Executive,M.Com,1,47128,Chennai,2023-07-31,No,1,No
2527,Amit Sharma,Male,26,Marketing,SEO Specialist,B.Tech,1,55164,Chennai,2017-08-02,No,3,No
2528,Nisha Verma,Male,29,IT,Analyst,Graduate,9,85830,Kolkata,2016-05-31,Yes,5,No
2529,Arjun Gupta,Male,30,Marketing,Marketing Executive,B.Com,9,66679,Lucknow,2016-01-20,No,5,No
2530,Amit Yadav,Male,32,Sales,Sales Manager,B.Com,7,66791,Chennai,2015-10-17,Yes,3,No
2531,Neha Mehta,Male,40,HR,Recruiter,M.Com,20,91517,Ahmedabad,2024-03-30,No,5,No
2532,Kiran Verma,Male,24,Sales,Sales Executive,B.Com,1,50347,Bengaluru,2022-08-18,No,5,No
2533,Sneha Gupta,Male,43,Sales,Sales Executive,MBA,18,88686,Mumbai,2019-03-25,No,1,Yes
2534,Nisha Yadav,Male,31,Operations,Operations Executive,B.Tech,11,65694,Noida,2017-11-10,Yes,4,No
2535,Priya Verma,Male,41,Finance,Financial Analyst,B.Tech,17,95510,Noida,2021-06-03,Yes,5,Yes
2536,Sneha Verma,Male,21,HR,HR Executive,B.Com,0,44360,Kolkata,2024-05-29,No,1,No
2537,Vikas Roy,Female,40,Finance,Accountant,MBA,16,93980,Chennai,2015-12-29,No,1,Yes
2538,Sneha Joshi,Female,39,HR,HR Executive,Graduate,9,62980,Mumbai,2021-04-23,No,4,No
2539,Vikas Kumar,Male,44,Marketing,Marketing Executive,MBA,18,93106,Ahmedabad,2024-06-15,Yes,2,Yes
2540,Kiran Joshi,Male,39,Sales,Sales Executive,Graduate,11,70556,Ahmedabad,2024-12-24,No,1,Yes
2541,Vikas Kumar,Male,27,HR,HR Executive,B.Com,2,42655,Mumbai,2017-01-11,No,2,No
2542,Pooja Singh,Female,39,HR,Recruiter,Graduate,11,64539,Noida,2015-01-18,No,5,No
2543,Pooja Roy,Female,36,Marketing,SEO Specialist,MBA,13,84274,Noida,2023-03-11,No,3,No
2544,Neha Mehta,Male,45,Finance,Financial Analyst,B.Com,17,93228,Mumbai,2020-05-14,No,1,No
2545,Arjun Singh,Male,45,Marketing,Marketing Executive,MBA,18,90824,Ahmedabad,2018-06-27,No,5,No
2546,Arjun Verma,Male,21,IT,Developer,MBA,0,62910,Delhi,2018-04-21,No,5,No
2547,Kiran Kumar,Male,26,Sales,Sales Executive,Graduate,2,49566,Jaipur,2022-05-06,No,4,No
2548,Arjun Verma,Male,47,Sales,Sales Executive,B.Tech,18,88215,Mumbai,2016-06-06,No,1,No
2549,Priya Gupta,Male,26,IT,QA Engineer,MBA,4,77191,Delhi,2016-06-04,No,4,No
2550,Amit Sharma,Male,37,IT,Analyst,B.Com,16,106847,Pune,2019-06-10,Yes,3,No
2551,Rahul Singh,Male,41,Finance,Accountant,MBA,14,90830,Chennai,2021-01-09,Yes,4,No
2552,Pooja Mehta,Male,43,HR,HR Executive,Graduate,13,68712,Delhi,2015-06-17,No,4,No
2553,Neha Yadav,Male,35,Sales,Sales Manager,Graduate,7,62020,Kolkata,2015-11-29,Yes,1,No
2554,Sonia Sharma,Female,37,HR,Recruiter,MBA,11,71628,Jaipur,2019-05-30,Yes,3,No
2555,Pooja Patel,Female,31,IT,Analyst,B.Tech,2,73390,Delhi,2015-09-05,No,4,No
2556,Sneha Sharma,Female,39,Finance,Financial Analyst,B.Com,13,85716,Jaipur,2017-07-09,Yes,3,No
2557,Neha Patel,Male,37,IT,Developer,B.Tech,14,97121,Pune,2024-05-09,Yes,2,Yes
2558,Arjun Mehta,Male,29,Finance,Accountant,B.Com,4,69089,Ahmedabad,2016-09-11,No,3,No
2559,Arjun Joshi,Male,40,Marketing,SEO Specialist,B.Tech,19,97177,Pune,2022-12-23,No,2,No
2560,Nisha Gupta,Male,42,IT,QA Engineer,Graduate,17,106422,Lucknow,2020-03-02,Yes,2,No
2561,Neha Singh,Male,30,Marketing,SEO Specialist,B.Com,7,64522,Ahmedabad,2015-05-23,No,3,No
2562,Nisha Joshi,Female,25,Finance,Financial Analyst,M.Com,0,54375,Lucknow,2023-09-24,No,3,No
2563,Sneha Joshi,Female,41,Finance,Financial Analyst,B.Tech,12,84395,Jaipur,2017-09-09,Yes,3,No
2564,Rahul Gupta,Male,47,Finance,Financial Analyst,B.Tech,19,103763,Delhi,2016-06-02,No,1,Yes
2565,Deepak Gupta,Male,29,Marketing,Marketing Executive,M.Com,0,48440,Chennai,2018-06-08,No,5,No
2566,Deepak Verma,Male,35,IT,Developer,M.Com,10,94432,Bengaluru,2017-01-14,No,4,No
2567,Amit Patel,Female,32,IT,QA Engineer,B.Com,7,87142,Chennai,2024-02-15,Yes,1,Yes
2568,Kiran Sharma,Male,29,IT,Analyst,B.Com,7,84306,Jaipur,2018-06-19,Yes,1,Yes
2569,Anjali Mehta,Male,37,IT,Analyst,MBA,14,96708,Mumbai,2023-03-13,No,1,Yes
2570,Sneha Kumar,Female,27,HR,HR Executive,B.Tech,2,48994,Bengaluru,2021-03-31,No,4,No
2571,Amit Singh,Female,31,Operations,Supervisor,MBA,5,57781,Mumbai,2024-06-19,No,4,No
2572,Priya Roy,Male,28,Operations,Supervisor,M.Com,0,43732,Mumbai,2024-03-14,No,3,No
2573,Nisha Sharma,Female,39,Marketing,Marketing Executive,B.Tech,13,80807,Mumbai,2016-04-01,No,4,No
2574,Amit Kumar,Male,38,Finance,Financial Analyst,MBA,17,92902,Mumbai,2015-07-06,No,3,No
2575,Amit Joshi,Female,31,HR,Recruiter,MBA,9,62739,Chennai,2016-05-06,No,4,No
2576,Anjali Kumar,Male,26,Operations,Operations Executive,MBA,3,51020,Noida,2022-10-14,No,5,No
2577,Nisha Sharma,Male,41,IT,QA Engineer,MBA,12,95666,Chennai,2019-05-20,No,3,No
2578,Deepak Verma,Female,47,Operations,Operations Executive,MBA,20,91032,Mumbai,2021-11-25,Yes,3,No
2579,Amit Patel,Male,47,IT,Analyst,M.Com,20,113716,Pune,2021-10-26,No,5,No
2580,Vikas Singh,Female,29,Sales,Sales Executive,B.Com,7,61213,Ahmedabad,2015-05-23,No,4,No
2581,Deepak Verma,Male,38,HR,Recruiter,Graduate,16,81374,Noida,2023-07-29,No,5,No
2582,Nisha Mehta,Male,36,HR,HR Executive,Graduate,15,75055,Ahmedabad,2024-03-27,No,4,No
2583,Sneha Roy,Male,46,Operations,Supervisor,MBA,20,91294,Mumbai,2020-05-13,No,5,No
2584,Rohan Kumar,Female,28,IT,Analyst,B.Com,6,77320,Chennai,2023-06-17,No,2,No
2585,Priya Gupta,Female,42,IT,QA Engineer,Graduate,20,112926,Jaipur,2024-03-17,Yes,3,No
2586,Rohan Singh,Female,47,IT,Developer,Graduate,20,114008,Ahmedabad,2019-06-14,Yes,1,No
2587,Amit Singh,Male,33,Operations,Operations Executive,M.Com,10,71156,Mumbai,2018-08-19,No,3,No
2588,Arjun Gupta,Female,29,Finance,Financial Analyst,Graduate,1,57199,Lucknow,2024-04-15,No,4,No
2589,Nisha Singh,Male,35,Operations,Supervisor,Graduate,8,57737,Jaipur,2023-12-18,No,3,No
2590,Rohan Sharma,Female,29,Operations,Operations Executive,B.Com,8,58269,Jaipur,2018-09-13,No,5,No
2591,Anjali Sharma,Male,35,Marketing,Marketing Executive,Graduate,6,63259,Bengaluru,2017-01-27,Yes,4,No
2592,Rahul Patel,Male,35,IT,Developer,MBA,13,92744,Chennai,2023-03-05,Yes,1,No
2593,Pooja Mehta,Male,42,IT,Analyst,MBA,13,99111,Noida,2019-07-21,No,4,No
2594,Rahul Roy,Male,40,IT,QA Engineer,M.Com,13,100427,Delhi,2023-08-22,No,2,Yes
2595,Priya Verma,Female,39,Finance,Financial Analyst,MBA,10,83690,Noida,2019-09-18,No,5,No
2596,Rahul Verma,Female,32,Marketing,Marketing Executive,MBA,2,54262,Delhi,2015-05-07,No,3,No
2597,Anjali Yadav,Female,32,IT,Analyst,B.Tech,3,68634,Chennai,2023-09-08,No,3,No
2598,Vikas Patel,Female,38,Operations,Supervisor,B.Com,14,79863,Jaipur,2021-04-17,Yes,1,Yes
2599,Vikas Verma,Male,36,Finance,Financial Analyst,B.Tech,12,89378,Jaipur,2024-12-03,No,4,No
2600,Sneha Verma,Female,25,Operations,Supervisor,MBA,1,44916,Delhi,2017-09-27,No,1,Yes
2601,Neha Joshi,Male,36,Marketing,SEO Specialist,MBA,12,82257,Chennai,2019-12-13,No,4,No
2602,Rahul Gupta,Male,35,Operations,Supervisor,Graduate,12,72260,Mumbai,2020-03-23,Yes,2,Yes
2603,Deepak Gupta,Male,32,Marketing,SEO Specialist,B.Com,5,62275,Chennai,2017-08-19,No,2,Yes
2604,Rohan Gupta,Male,43,Marketing,SEO Specialist,B.Tech,18,94446,Pune,2019-11-16,Yes,3,No
2605,Sonia Joshi,Male,29,Sales,Sales Executive,B.Tech,8,65002,Bengaluru,2021-10-07,No,5,No
2606,Mohit Mehta,Male,38,Marketing,Marketing Executive,MBA,14,81709,Pune,2017-12-16,No,5,No
2607,Pooja Mehta,Male,43,HR,Recruiter,Graduate,18,88200,Pune,2023-02-11,No,4,No
2608,Neha Roy,Male,23,IT,Developer,M.Com,3,76855,Lucknow,2022-10-02,No,4,No
2609,Anjali Joshi,Female,41,Sales,Sales Executive,MBA,16,83157,Delhi,2019-02-26,No,3,No
2610,Vikas Singh,Female,21,IT,Developer,B.Com,0,64944,Pune,2024-07-06,No,3,No
2611,Priya Roy,Male,21,Marketing,SEO Specialist,M.Com,1,47817,Lucknow,2023-09-25,No,3,No
2612,Amit Mehta,Female,45,Marketing,SEO Specialist,Graduate,19,93618,Chennai,2024-05-31,No,3,No
2613,Vikas Yadav,Female,27,Marketing,Marketing Executive,Graduate,6,62277,Noida,2022-10-20,Yes,3,No
2614,Rahul Kumar,Female,45,IT,Developer,MBA,17,108578,Pune,2024-04-17,Yes,1,No
2615,Priya Roy,Female,38,Sales,Sales Manager,B.Com,14,78000,Jaipur,2015-03-18,No,3,No
2616,Vikas Joshi,Female,21,Marketing,Marketing Executive,MBA,0,52046,Noida,2016-07-30,No,3,No
2617,Priya Gupta,Female,42,Operations,Operations Executive,MBA,15,79186,Pune,2015-06-03,Yes,1,Yes
2618,Rahul Roy,Female,31,Marketing,SEO Specialist,MBA,11,73176,Pune,2019-05-20,Yes,2,No
2619,Amit Kumar,Male,32,IT,Analyst,M.Com,4,72511,Chennai,2015-02-08,No,5,No
2620,Anjali Singh,Female,29,HR,HR Executive,M.Com,6,50163,Ahmedabad,2019-07-31,Yes,2,Yes
2621,Priya Sharma,Female,27,Sales,Sales Executive,B.Tech,0,46993,Lucknow,2018-11-23,No,2,No
2622,Rahul Verma,Female,22,IT,Developer,MBA,1,65335,Bengaluru,2017-11-24,No,2,No
2623,Neha Roy,Male,24,Operations,Operations Executive,MBA,4,49081,Mumbai,2015-10-06,No,5,No
2624,Nisha Patel,Female,26,Sales,Sales Manager,Graduate,1,43458,Ahmedabad,2023-02-06,No,4,No
2625,Nisha Patel,Male,47,Operations,Operations Executive,M.Com,20,92261,Lucknow,2024-05-02,No,3,No
2626,Sneha Mehta,Male,40,Operations,Operations Executive,MBA,17,88295,Mumbai,2022-01-20,No,4,No
2627,Nisha Mehta,Female,39,Sales,Sales Executive,MBA,19,97083,Ahmedabad,2018-02-28,No,3,No
2628,Rahul Singh,Male,43,IT,Developer,Graduate,20,117395,Noida,2017-02-02,Yes,5,No
2629,Arjun Singh,Male,42,Marketing,SEO Specialist,Graduate,14,78687,Ahmedabad,2024-01-20,No,2,No
2630,Kiran Gupta,Female,31,Sales,Sales Executive,B.Com,1,46195,Lucknow,2016-02-29,No,5,No
2631,Kiran Patel,Female,30,Operations,Operations Executive,MBA,3,46171,Kolkata,2020-07-09,No,2,Yes
2632,Neha Yadav,Male,27,Finance,Accountant,M.Com,5,62851,Lucknow,2016-09-04,No,3,No
2633,Priya Patel,Male,37,Operations,Supervisor,B.Tech,8,63266,Ahmedabad,2021-01-19,Yes,2,No
2634,Rohan Roy,Male,37,HR,HR Executive,MBA,9,65996,Delhi,2018-09-16,No,4,No
2635,Priya Roy,Female,49,Sales,Sales Manager,B.Tech,19,93685,Chennai,2023-08-04,Yes,5,No
2636,Vikas Verma,Female,31,Operations,Supervisor,MBA,5,56498,Ahmedabad,2024-11-03,No,2,Yes
2637,Sneha Mehta,Female,40,Finance,Accountant,MBA,15,90293,Chennai,2015-11-26,Yes,2,No
2638,Pooja Patel,Male,30,IT,Developer,Graduate,0,66043,Lucknow,2016-10-07,No,5,No
2639,Priya Yadav,Female,26,Finance,Accountant,M.Com,6,67484,Mumbai,2022-11-11,No,5,No
2640,Pooja Mehta,Female,35,Operations,Operations Executive,B.Com,13,74360,Lucknow,2018-10-05,Yes,2,Yes
2641,Kiran Kumar,Male,29,HR,HR Executive,Graduate,6,51752,Mumbai,2018-01-21,Yes,2,No
2642,Kiran Gupta,Male,25,IT,QA Engineer,MBA,3,68749,Jaipur,2020-09-25,No,3,No
2643,Mohit Gupta,Male,41,Marketing,SEO Specialist,B.Com,13,83683,Kolkata,2023-07-25,Yes,4,No
2644,Pooja Mehta,Male,36,HR,Recruiter,M.Com,12,70006,Kolkata,2019-05-10,Yes,2,No
2645,Rohan Yadav,Female,32,Finance,Financial Analyst,Graduate,7,76032,Chennai,2022-02-25,No,3,No
2646,Sonia Kumar,Female,27,Finance,Accountant,Graduate,4,64852,Pune,2016-07-31,No,2,Yes
2647,Mohit Verma,Female,24,IT,Developer,B.Tech,0,61047,Ahmedabad,2021-11-10,No,1,Yes
2648,Pooja Joshi,Female,39,Marketing,SEO Specialist,B.Com,18,89475,Kolkata,2024-04-03,Yes,4,No
2649,Nisha Yadav,Male,42,HR,Recruiter,M.Com,20,93416,Delhi,2015-08-22,No,2,Yes
2650,Mohit Gupta,Male,25,Operations,Operations Executive,B.Com,5,50522,Jaipur,2017-03-16,No,1,Yes
2651,Priya Mehta,Female,23,IT,Developer,B.Com,3,72771,Delhi,2017-01-05,No,1,Yes
2652,Amit Roy,Male,39,Sales,Sales Manager,B.Com,17,89347,Jaipur,2023-08-09,No,5,No
2653,Nisha Mehta,Male,40,IT,QA Engineer,M.Com,14,98998,Pune,2024-12-22,No,2,Yes
2654,Rahul Yadav,Female,41,IT,Analyst,Graduate,15,98864,Pune,2022-01-29,Yes,5,No
2655,Priya Verma,Male,41,Finance,Accountant,Graduate,17,94280,Kolkata,2023-11-15,No,1,No
2656,Sneha Sharma,Female,32,Marketing,SEO Specialist,M.Com,7,63561,Ahmedabad,2015-09-17,No,4,No
2657,Deepak Joshi,Female,33,Finance,Accountant,Graduate,3,58211,Kolkata,2023-02-10,No,4,No
2658,Vikas Singh,Female,33,Marketing,SEO Specialist,B.Com,3,54864,Noida,2020-03-28,No,2,No
2659,Arjun Roy,Female,44,Sales,Sales Executive,Graduate,18,94495,Mumbai,2018-05-09,No,5,No
2660,Pooja Singh,Female,38,Operations,Operations Executive,B.Tech,12,73039,Ahmedabad,2021-11-10,No,4,No
2661,Priya Joshi,Female,38,IT,Analyst,M.Com,9,90810,Delhi,2018-11-07,No,5,No
2662,Sonia Joshi,Male,31,Finance,Financial Analyst,M.Com,9,81991,Chennai,2020-04-30,Yes,5,Yes
2663,Mohit Joshi,Male,29,Sales,Sales Manager,B.Tech,2,54405,Ahmedabad,2015-03-30,No,5,No
2664,Sonia Joshi,Male,42,Sales,Sales Manager,Graduate,17,91854,Jaipur,2020-09-16,Yes,3,No
2665,Vikas Patel,Male,31,Finance,Accountant,B.Tech,7,75009,Bengaluru,2019-06-21,Yes,5,No
2666,Sneha Kumar,Male,29,Sales,Sales Executive,Graduate,0,42730,Mumbai,2024-10-27,No,5,No
2667,Amit Mehta,Male,31,Finance,Accountant,B.Tech,4,60640,Kolkata,2021-03-14,No,4,No
2668,Deepak Sharma,Male,39,Sales,Sales Manager,M.Com,11,69210,Bengaluru,2021-06-05,No,2,Yes
2669,Mohit Gupta,Male,45,Operations,Supervisor,MBA,17,83382,Delhi,2024-05-06,No,5,No
2670,Sonia Yadav,Female,39,IT,Developer,B.Com,14,95208,Chennai,2018-11-13,Yes,1,Yes
2671,Deepak Roy,Male,43,Sales,Sales Manager,M.Com,20,90283,Ahmedabad,2017-12-05,Yes,3,No
2672,Nisha Sharma,Female,29,Marketing,Marketing Executive,Graduate,1,53361,Pune,2016-10-25,No,1,No
2673,Pooja Joshi,Male,32,Finance,Accountant,M.Com,11,78279,Ahmedabad,2017-10-29,Yes,2,Yes
2674,Vikas Kumar,Male,36,Sales,Sales Executive,Graduate,10,74152,Lucknow,2018-05-17,Yes,4,No
2675,Rahul Kumar,Male,48,Sales,Sales Executive,B.Com,19,94646,Delhi,2023-08-13,No,4,No
2676,Nisha Yadav,Female,30,Sales,Sales Manager,B.Com,7,62331,Bengaluru,2018-06-12,Yes,4,No
2677,Mohit Verma,Male,35,Operations,Supervisor,Graduate,10,71785,Ahmedabad,2024-03-29,Yes,2,No
2678,Amit Verma,Male,28,HR,Recruiter,MBA,4,50456,Mumbai,2016-11-11,No,3,No
2679,Sonia Patel,Female,29,HR,HR Executive,B.Com,2,43880,Lucknow,2016-10-05,No,2,No
2680,Rahul Gupta,Female,40,Marketing,Marketing Executive,B.Tech,10,73263,Noida,2022-07-01,Yes,5,No
2681,Neha Sharma,Female,31,Finance,Financial Analyst,Graduate,3,62868,Kolkata,2015-12-11,No,4,No
2682,Rohan Patel,Female,26,Operations,Supervisor,MBA,1,44554,Lucknow,2020-01-10,No,5,No
2683,Neha Roy,Female,31,Operations,Operations Executive,B.Tech,6,54312,Chennai,2023-05-03,No,3,No
2684,Sneha Verma,Male,45,Sales,Sales Manager,B.Com,18,88267,Kolkata,2017-04-12,No,3,No
2685,Kiran Verma,Male,30,HR,HR Executive,B.Com,7,54544,Chennai,2023-10-31,Yes,5,No
2686,Sneha Kumar,Male,33,IT,Analyst,B.Com,13,100904,Ahmedabad,2024-02-09,No,4,No
2687,Sneha Kumar,Male,24,IT,Developer,M.Com,0,69090,Bengaluru,2022-09-03,No,4,No
2688,Neha Mehta,Male,40,Finance,Accountant,B.Tech,10,78484,Jaipur,2024-01-14,No,3,No
2689,Anjali Yadav,Female,38,Operations,Operations Executive,B.Com,15,79292,Jaipur,2023-03-31,No,3,No
2690,Nisha Yadav,Female,26,Marketing,SEO Specialist,B.Tech,2,51677,Lucknow,2021-10-12,No,2,No
2691,Mohit Joshi,Male,48,HR,Recruiter,M.Com,19,91922,Pune,2016-04-04,No,5,No
2692,Mohit Joshi,Male,28,Marketing,SEO Specialist,B.Com,0,46833,Bengaluru,2022-11-24,No,3,No
2693,Pooja Joshi,Female,35,Sales,Sales Manager,B.Com,5,57330,Lucknow,2020-10-08,No,4,No
2694,Sonia Mehta,Female,33,Finance,Accountant,B.Com,5,68577,Noida,2022-12-18,No,4,No
2695,Kiran Mehta,Female,23,Marketing,Marketing Executive,MBA,1,47850,Bengaluru,2021-07-19,No,1,Yes
2696,Nisha Patel,Female,40,Marketing,SEO Specialist,Graduate,17,95468,Bengaluru,2018-09-06,No,4,No
2697,Rahul Verma,Male,40,IT,QA Engineer,Graduate,13,95119,Pune,2016-03-05,No,5,No
2698,Deepak Mehta,Female,41,Marketing,Marketing Executive,B.Tech,16,90117,Lucknow,2017-10-03,Yes,5,No
2699,Sneha Gupta,Male,21,Marketing,Marketing Executive,B.Com,0,52385,Jaipur,2021-06-21,No,2,No
2700,Sonia Roy,Male,41,Finance,Accountant,B.Tech,18,98621,Pune,2018-07-06,No,3,No
2701,Deepak Joshi,Male,32,IT,Analyst,B.Tech,12,91991,Mumbai,2017-10-15,Yes,1,No
2702,Deepak Mehta,Female,35,Operations,Operations Executive,B.Com,10,63986,Noida,2020-12-15,Yes,2,Yes
2703,Neha Gupta,Female,34,HR,Recruiter,MBA,9,58499,Jaipur,2017-04-26,No,2,Yes
2704,Pooja Verma,Female,31,Finance,Accountant,B.Tech,4,61292,Pune,2021-09-21,No,2,No
2705,Neha Gupta,Female,21,Marketing,SEO Specialist,M.Com,1,50970,Pune,2024-10-19,No,5,No
2706,Sneha Singh,Female,45,HR,HR Executive,M.Com,20,91321,Bengaluru,2017-01-31,No,4,No
2707,Amit Kumar,Female,42,IT,QA Engineer,B.Com,12,90697,Jaipur,2017-01-14,No,2,No
2708,Vikas Patel,Male,38,Operations,Supervisor,Graduate,12,67076,Jaipur,2020-11-04,Yes,3,No
2709,Mohit Patel,Female,22,HR,Recruiter,B.Tech,1,45066,Delhi,2017-04-18,No,3,No
2710,Priya Sharma,Female,23,Sales,Sales Manager,MBA,3,50595,Ahmedabad,2016-07-08,No,5,No
2711,Anjali Singh,Female,32,Finance,Accountant,B.Com,6,67200,Lucknow,2017-11-27,Yes,5,No
2712,Vikas Patel,Female,29,IT,QA Engineer,B.Com,0,66746,Delhi,2019-09-10,No,5,No
2713,Sonia Patel,Female,27,Marketing,SEO Specialist,B.Tech,5,63784,Noida,2018-02-13,No,5,No
2714,Nisha Verma,Female,32,Operations,Operations Executive,M.Com,7,63308,Kolkata,2020-02-01,No,4,No
2715,Priya Patel,Male,24,Marketing,Marketing Executive,B.Com,3,56787,Kolkata,2023-08-03,No,3,No
2716,Mohit Verma,Female,30,Marketing,Marketing Executive,MBA,2,56084,Jaipur,2023-05-20,No,2,No
2717,Pooja Singh,Male,42,Sales,Sales Manager,MBA,15,77728,Kolkata,2021-10-14,No,3,No
2718,Amit Patel,Male,33,Operations,Operations Executive,MBA,13,72552,Pune,2017-12-19,Yes,5,No
2719,Neha Sharma,Female,39,HR,HR Executive,M.Com,19,88334,Chennai,2023-07-02,Yes,4,No
2720,Deepak Mehta,Male,29,Operations,Operations Executive,Graduate,8,66257,Chennai,2023-10-04,Yes,2,Yes
2721,Pooja Mehta,Male,43,Finance,Financial Analyst,MBA,19,99118,Jaipur,2020-03-22,Yes,2,Yes
2722,Sonia Kumar,Female,44,Sales,Sales Executive,B.Tech,18,88353,Delhi,2020-07-24,Yes,2,Yes
2723,Amit Verma,Male,50,Sales,Sales Manager,M.Com,20,93505,Kolkata,2024-04-16,Yes,2,Yes
2724,Anjali Kumar,Female,29,Finance,Accountant,MBA,3,61024,Delhi,2016-09-03,No,1,Yes
2725,Pooja Gupta,Male,44,HR,HR Executive,M.Com,19,86373,Kolkata,2016-07-09,Yes,4,No
2726,Amit Singh,Male,21,Marketing,SEO Specialist,MBA,0,48553,Mumbai,2018-07-06,No,4,No
2727,Arjun Roy,Male,38,Sales,Sales Executive,MBA,18,85425,Noida,2017-02-15,No,4,No
2728,Arjun Yadav,Male,34,HR,Recruiter,MBA,6,56236,Mumbai,2024-12-02,No,5,Yes
2729,Anjali Singh,Male,24,HR,HR Executive,B.Com,0,40180,Noida,2023-11-20,No,3,No
2730,Deepak Verma,Male,27,Finance,Financial Analyst,B.Tech,0,54207,Mumbai,2015-08-09,No,3,No
2731,Sonia Singh,Female,33,IT,Developer,Graduate,11,89021,Chennai,2017-05-29,Yes,4,Yes
2732,Vikas Gupta,Male,36,Sales,Sales Manager,Graduate,9,70273,Pune,2022-07-25,Yes,2,Yes
2733,Arjun Kumar,Male,41,IT,Analyst,B.Tech,15,98792,Lucknow,2021-04-01,Yes,4,No
2734,Sneha Mehta,Male,42,Marketing,Marketing Executive,MBA,17,87334,Jaipur,2021-06-13,Yes,4,Yes
2735,Sonia Mehta,Female,36,Marketing,SEO Specialist,MBA,12,82939,Pune,2021-03-27,Yes,5,No
2736,Mohit Verma,Male,32,Finance,Financial Analyst,B.Com,12,80158,Noida,2017-11-26,Yes,5,No
2737,Neha Yadav,Male,32,Marketing,SEO Specialist,Graduate,3,51032,Delhi,2024-06-28,No,4,No
2738,Sonia Gupta,Male,46,Finance,Accountant,B.Tech,18,98303,Kolkata,2016-06-07,No,4,No
2739,Priya Joshi,Male,42,Sales,Sales Manager,B.Tech,16,84430,Bengaluru,2016-10-08,Yes,4,No
2740,Kiran Roy,Male,27,Finance,Accountant,Graduate,5,62659,Lucknow,2016-11-12,No,2,Yes
2741,Priya Patel,Female,23,Sales,Sales Manager,M.Com,0,43568,Pune,2015-03-16,No,1,Yes
2742,Neha Patel,Male,32,Marketing,Marketing Executive,M.Com,3,50579,Delhi,2023-09-23,No,1,No
2743,Rahul Roy,Male,39,HR,HR Executive,M.Com,18,86299,Chennai,2024-03-14,No,5,No
2744,Rohan Mehta,Female,46,Operations,Operations Executive,B.Com,17,87033,Jaipur,2023-12-01,Yes,5,Yes
2745,Arjun Verma,Female,34,Finance,Accountant,M.Com,8,74013,Noida,2024-02-25,No,1,Yes
2746,Kiran Patel,Female,34,HR,Recruiter,B.Com,7,53851,Mumbai,2021-10-10,Yes,1,No
2747,Priya Gupta,Female,31,Marketing,Marketing Executive,B.Tech,9,65797,Jaipur,2015-10-08,No,2,No
2748,Rohan Joshi,Female,27,Finance,Financial Analyst,M.Com,0,55269,Jaipur,2021-10-23,No,4,No
2749,Sonia Kumar,Male,24,Finance,Accountant,B.Com,4,61564,Mumbai,2022-03-22,No,1,No
2750,Nisha Yadav,Male,43,IT,Developer,Graduate,20,118410,Kolkata,2015-01-05,No,4,No
2751,Sonia Gupta,Male,37,Sales,Sales Executive,M.Com,16,88140,Bengaluru,2020-03-30,No,3,No
2752,Sonia Mehta,Male,32,IT,Developer,B.Com,7,84945,Lucknow,2021-12-13,Yes,1,Yes
2753,Rohan Yadav,Male,38,HR,HR Executive,Graduate,17,84359,Delhi,2018-11-18,No,1,No
2754,Rahul Mehta,Male,41,Finance,Accountant,B.Com,19,101089,Mumbai,2015-08-09,Yes,1,Yes
2755,Neha Gupta,Female,22,Finance,Accountant,MBA,2,56470,Delhi,2016-06-04,No,2,Yes
2756,Priya Patel,Female,36,Operations,Supervisor,M.Com,8,63131,Delhi,2023-06-05,Yes,1,Yes
2757,Vikas Sharma,Female,42,Sales,Sales Executive,B.Com,20,92364,Noida,2022-02-09,Yes,4,No
2758,Anjali Kumar,Female,27,Sales,Sales Manager,MBA,7,63495,Lucknow,2017-04-19,No,4,No
2759,Kiran Kumar,Male,34,Marketing,SEO Specialist,MBA,13,83547,Jaipur,2018-07-25,Yes,4,No
2760,Nisha Yadav,Female,28,Finance,Accountant,MBA,0,56422,Bengaluru,2019-05-06,No,4,No
2761,Anjali Roy,Female,46,HR,HR Executive,MBA,19,89197,Chennai,2018-01-09,No,5,No
2762,Mohit Joshi,Female,43,HR,Recruiter,B.Tech,20,90924,Mumbai,2016-03-21,No,1,Yes
2763,Mohit Kumar,Female,32,IT,Developer,MBA,7,81954,Noida,2019-09-14,Yes,2,Yes
2764,Pooja Kumar,Female,46,Sales,Sales Executive,M.Com,20,94141,Bengaluru,2019-01-01,Yes,5,No
2765,Mohit Kumar,Male,41,Sales,Sales Manager,MBA,20,92027,Delhi,2021-02-17,No,1,No
2766,Kiran Singh,Male,36,Operations,Supervisor,B.Com,13,74525,Jaipur,2018-03-23,No,2,Yes
2767,Deepak Singh,Female,26,Marketing,Marketing Executive,Graduate,0,49638,Mumbai,2015-03-16,No,3,No
2768,Priya Sharma,Male,30,HR,HR Executive,M.Com,5,52595,Delhi,2023-12-30,No,2,No
2769,Amit Sharma,Female,47,Sales,Sales Executive,MBA,19,94444,Delhi,2023-01-01,Yes,1,No
2770,Neha Singh,Male,27,Operations,Supervisor,Graduate,6,61743,Delhi,2021-10-11,No,4,No
2771,Pooja Roy,Male,36,IT,QA Engineer,B.Com,9,84413,Jaipur,2023-05-20,No,2,Yes
2772,Kiran Mehta,Male,33,HR,Recruiter,Graduate,3,48856,Chennai,2022-09-01,No,2,No
2773,Neha Verma,Male,39,Operations,Supervisor,B.Tech,9,67145,Pune,2015-02-08,Yes,5,No
2774,Mohit Sharma,Female,38,Sales,Sales Manager,MBA,16,81955,Ahmedabad,2020-12-04,Yes,1,Yes
2775,Sonia Joshi,Male,24,Marketing,SEO Specialist,MBA,1,53166,Mumbai,2015-04-23,No,1,No
2776,Anjali Gupta,Male,48,IT,Developer,Graduate,19,113794,Ahmedabad,2021-01-02,No,3,No
2777,Sonia Gupta,Female,38,Finance,Financial Analyst,B.Com,17,92614,Delhi,2023-01-13,No,2,No
2778,Priya Yadav,Male,35,HR,HR Executive,MBA,5,51708,Noida,2023-08-12,No,3,No
2779,Rohan Yadav,Female,38,Finance,Financial Analyst,Graduate,18,101298,Jaipur,2018-12-14,Yes,5,No
2780,Kiran Kumar,Female,32,Finance,Accountant,B.Tech,11,84658,Delhi,2024-07-12,Yes,5,No
2781,Nisha Sharma,Female,29,Operations,Operations Executive,MBA,3,49385,Lucknow,2015-01-19,No,2,Yes
2782,Pooja Mehta,Male,48,HR,HR Executive,B.Com,20,89227,Mumbai,2023-05-23,Yes,2,Yes
2783,Pooja Singh,Female,41,Sales,Sales Executive,B.Tech,17,90747,Pune,2016-03-14,Yes,1,Yes
2784,Sonia Mehta,Female,25,HR,Recruiter,B.Tech,4,51034,Jaipur,2023-01-26,No,1,Yes
2785,Amit Singh,Female,30,Operations,Supervisor,M.Com,7,59906,Jaipur,2015-01-13,Yes,2,Yes
2786,Sneha Roy,Male,31,Sales,Sales Executive,B.Com,4,58283,Lucknow,2024-08-05,No,5,No
2787,Rahul Verma,Male,25,Sales,Sales Manager,B.Com,3,56445,Ahmedabad,2018-09-11,No,1,No
2788,Sonia Joshi,Male,28,Marketing,SEO Specialist,MBA,3,56435,Pune,2024-07-30,No,3,No
2789,Sonia Patel,Female,32,Operations,Supervisor,M.Com,12,69515,Ahmedabad,2023-04-12,Yes,3,No
2790,Amit Mehta,Male,26,IT,Analyst,Graduate,1,63559,Lucknow,2020-03-01,No,4,No
2791,Priya Singh,Male,38,Finance,Financial Analyst,B.Tech,8,77875,Bengaluru,2020-05-24,No,5,No
2792,Kiran Roy,Female,36,IT,QA Engineer,MBA,16,103042,Jaipur,2018-05-20,Yes,4,No
2793,Arjun Mehta,Female,34,HR,Recruiter,MBA,5,50330,Ahmedabad,2023-06-07,No,3,No
2794,Anjali Yadav,Male,45,IT,QA Engineer,MBA,17,107419,Mumbai,2016-07-11,Yes,1,Yes
2795,Vikas Kumar,Female,25,Finance,Financial Analyst,B.Com,2,60542,Mumbai,2019-07-01,No,2,No
2796,Sonia Patel,Male,42,IT,QA Engineer,B.Com,16,108256,Jaipur,2022-07-14,Yes,4,No
2797,Sneha Sharma,Male,29,Marketing,Marketing Executive,M.Com,7,61442,Pune,2017-11-29,No,3,No
2798,Sneha Verma,Male,34,Marketing,SEO Specialist,M.Com,13,80863,Ahmedabad,2017-11-20,Yes,5,No
2799,Vikas Singh,Male,43,HR,HR Executive,MBA,15,82254,Kolkata,2017-11-09,Yes,4,No
2800,Kiran Verma,Female,26,Sales,Sales Executive,Graduate,4,57812,Mumbai,2016-06-17,No,2,No
2801,Arjun Roy,Female,42,IT,Analyst,B.Com,20,117899,Noida,2020-03-18,Yes,1,Yes
2802,Neha Patel,Female,29,Finance,Financial Analyst,B.Com,3,60193,Jaipur,2024-11-25,No,1,No
2803,Priya Joshi,Male,40,Marketing,Marketing Executive,MBA,17,86030,Delhi,2019-10-07,Yes,3,No
2804,Arjun Yadav,Male,42,IT,Analyst,M.Com,13,101504,Noida,2017-12-26,No,1,Yes
2805,Nisha Verma,Male,41,HR,HR Executive,M.Com,13,67914,Pune,2023-07-08,No,1,Yes
2806,Rahul Yadav,Male,26,Finance,Financial Analyst,MBA,1,52676,Bengaluru,2017-03-23,No,1,Yes
2807,Vikas Verma,Female,41,Sales,Sales Executive,B.Com,12,73667,Pune,2023-10-11,No,1,No
2808,Pooja Joshi,Female,27,Marketing,SEO Specialist,Graduate,1,50826,Chennai,2024-11-17,No,3,Yes
2809,Mohit Singh,Male,42,IT,Developer,B.Com,19,109584,Noida,2020-07-13,No,4,No
2810,Rahul Yadav,Male,32,Finance,Financial Analyst,M.Com,7,68282,Jaipur,2019-10-25,No,3,No
2811,Rohan Joshi,Female,32,Operations,Supervisor,Graduate,10,69432,Ahmedabad,2021-08-05,No,2,No
2812,Kiran Roy,Female,28,Operations,Supervisor,M.Com,0,45947,Delhi,2015-01-12,No,4,No
2813,Rahul Kumar,Male,29,IT,Developer,B.Tech,1,62667,Bengaluru,2016-12-04,No,1,No
2814,Rahul Kumar,Male,39,IT,Analyst,MBA,19,112079,Pune,2021-07-23,No,3,No
2815,Sonia Gupta,Male,25,IT,QA Engineer,B.Tech,5,75248,Lucknow,2015-06-16,No,2,Yes
2816,Priya Yadav,Male,32,HR,Recruiter,MBA,3,46206,Chennai,2023-12-06,No,3,No
2817,Rahul Sharma,Female,30,IT,QA Engineer,Graduate,7,80157,Lucknow,2016-10-30,Yes,3,No
2818,Neha Kumar,Female,47,Marketing,Marketing Executive,M.Com,17,89276,Lucknow,2018-01-08,No,1,Yes
2819,Anjali Yadav,Male,37,Marketing,Marketing Executive,Graduate,12,82849,Ahmedabad,2016-08-07,Yes,5,No
2820,Pooja Patel,Male,38,Finance,Accountant,B.Com,9,78589,Pune,2019-04-22,No,3,No
2821,Neha Roy,Male,39,Finance,Financial Analyst,MBA,10,76602,Jaipur,2015-11-08,Yes,5,No
2822,Rohan Yadav,Female,37,IT,Developer,MBA,13,100257,Delhi,2022-01-22,No,3,No
2823,Sneha Kumar,Female,34,Marketing,SEO Specialist,Graduate,13,82849,Pune,2016-10-10,No,2,Yes
2824,Rohan Verma,Male,24,IT,QA Engineer,MBA,3,73297,Noida,2018-07-25,No,2,No
2825,Arjun Kumar,Female,41,Marketing,SEO Specialist,M.Com,20,97907,Chennai,2020-06-10,No,2,Yes
2826,Arjun Gupta,Female,35,IT,QA Engineer,B.Com,11,89651,Noida,2024-03-07,Yes,2,No
2827,Anjali Yadav,Female,25,Marketing,Marketing Executive,MBA,5,60456,Pune,2015-06-19,No,5,No
2828,Rahul Gupta,Male,47,IT,Analyst,B.Com,18,114145,Bengaluru,2021-12-04,Yes,4,No
2829,Deepak Mehta,Male,28,Finance,Accountant,B.Tech,8,78515,Jaipur,2019-01-11,No,3,No
2830,Rahul Joshi,Female,37,Operations,Operations Executive,B.Tech,15,81127,Bengaluru,2019-06-18,No,2,Yes
2831,Deepak Gupta,Male,45,IT,Developer,Graduate,20,116115,Kolkata,2016-12-08,No,1,No
2832,Priya Joshi,Female,41,IT,Analyst,MBA,11,94147,Delhi,2021-03-12,Yes,2,No
2833,Pooja Sharma,Male,27,HR,HR Executive,B.Com,5,51525,Jaipur,2021-05-22,No,3,No
2834,Nisha Gupta,Female,32,Finance,Accountant,B.Com,5,63151,Lucknow,2015-01-02,No,2,Yes
2835,Pooja Singh,Male,28,Finance,Accountant,Graduate,6,66093,Chennai,2015-03-18,No,4,No
2836,Neha Singh,Female,32,IT,QA Engineer,MBA,7,80789,Jaipur,2018-05-05,Yes,5,No
2837,Sneha Yadav,Male,27,HR,Recruiter,M.Com,1,37848,Noida,2020-06-13,No,5,No
2838,Amit Sharma,Female,33,Operations,Supervisor,MBA,13,77266,Ahmedabad,2017-06-13,Yes,4,No
2839,Arjun Singh,Male,30,IT,Developer,MBA,6,81941,Jaipur,2016-08-23,Yes,1,Yes
2840,Rahul Verma,Female,30,HR,HR Executive,M.Com,0,39243,Lucknow,2019-11-18,No,3,No
2841,Anjali Yadav,Female,30,Sales,Sales Executive,M.Com,9,65721,Pune,2019-05-10,No,4,No
2842,Sonia Singh,Female,43,Sales,Sales Manager,B.Tech,19,90450,Lucknow,2024-11-13,No,5,No
2843,Rahul Patel,Male,44,HR,HR Executive,Graduate,16,82231,Mumbai,2021-11-26,No,1,No
2844,Rahul Verma,Female,40,Sales,Sales Manager,B.Tech,17,89795,Jaipur,2023-08-15,Yes,3,No
2845,Sneha Patel,Male,34,Sales,Sales Manager,MBA,6,61368,Jaipur,2015-02-14,No,5,No
2846,Kiran Patel,Female,41,IT,Developer,Graduate,13,101803,Delhi,2017-03-21,No,1,Yes
2847,Rahul Singh,Female,33,Marketing,SEO Specialist,B.Tech,10,76206,Pune,2023-04-27,Yes,3,No
2848,Amit Patel,Female,47,Sales,Sales Manager,M.Com,18,85262,Noida,2017-12-08,No,1,No
2849,Kiran Yadav,Female,34,Sales,Sales Executive,B.Com,7,65777,Ahmedabad,2015-07-29,Yes,5,No
2850,Sonia Verma,Female,37,Operations,Supervisor,B.Com,11,68700,Noida,2024-10-31,Yes,4,No
2851,Amit Kumar,Male,30,Sales,Sales Manager,M.Com,9,71010,Mumbai,2021-05-28,No,3,No
2852,Arjun Mehta,Female,23,Marketing,SEO Specialist,Graduate,3,58970,Bengaluru,2022-10-27,No,3,No
2853,Anjali Patel,Male,37,IT,Analyst,B.Com,11,94518,Kolkata,2022-12-01,Yes,1,Yes
2854,Anjali Singh,Female,26,IT,QA Engineer,MBA,6,81493,Mumbai,2015-04-02,No,4,No
2855,Sonia Singh,Female,31,Operations,Operations Executive,B.Com,5,56222,Ahmedabad,2022-03-16,No,4,No
2856,Vikas Roy,Male,48,Marketing,Marketing Executive,B.Com,20,100059,Jaipur,2022-08-01,No,3,No
2857,Vikas Sharma,Female,39,IT,QA Engineer,B.Tech,9,85271,Lucknow,2020-08-25,No,5,No
2858,Rohan Mehta,Male,44,HR,Recruiter,Graduate,20,94355,Kolkata,2020-02-09,Yes,2,Yes
2859,Vikas Kumar,Male,34,Finance,Accountant,M.Com,14,91670,Pune,2023-07-21,No,4,No
2860,Anjali Singh,Male,40,Marketing,Marketing Executive,M.Com,18,96338,Lucknow,2024-02-26,No,5,No
2861,Deepak Patel,Female,34,IT,QA Engineer,B.Tech,7,78981,Mumbai,2020-12-26,No,4,No
2862,Nisha Singh,Male,42,Finance,Accountant,B.Tech,18,97584,Bengaluru,2021-01-02,No,1,Yes
2863,Anjali Sharma,Female,49,Operations,Supervisor,B.Com,20,87315,Mumbai,2021-11-05,No,1,Yes
2864,Rohan Verma,Male,44,HR,Recruiter,MBA,19,91324,Delhi,2021-10-23,Yes,4,No
2865,Anjali Mehta,Female,34,Operations,Operations Executive,M.Com,4,48234,Jaipur,2016-04-02,No,4,No
2866,Neha Yadav,Male,38,Operations,Supervisor,B.Com,8,60633,Mumbai,2021-07-03,No,1,Yes
2867,Anjali Sharma,Male,37,Operations,Operations Executive,M.Com,16,82383,Bengaluru,2015-07-09,Yes,1,Yes
2868,Anjali Kumar,Male,34,HR,Recruiter,MBA,14,73335,Kolkata,2024-09-17,No,1,No
2869,Sonia Sharma,Female,45,IT,QA Engineer,Graduate,19,116515,Ahmedabad,2024-06-12,No,2,No
2870,Arjun Patel,Female,44,IT,Developer,Graduate,16,109493,Jaipur,2022-04-03,Yes,3,No
2871,Rahul Roy,Male,26,Marketing,SEO Specialist,M.Com,0,52704,Mumbai,2019-04-26,No,1,No
2872,Nisha Yadav,Male,37,HR,HR Executive,B.Tech,17,86189,Bengaluru,2015-08-21,Yes,2,No
2873,Mohit Roy,Female,31,Sales,Sales Executive,Graduate,6,64746,Mumbai,2017-11-02,Yes,4,No
2874,Pooja Sharma,Female,39,HR,HR Executive,MBA,9,59836,Pune,2017-05-30,No,3,No
2875,Priya Joshi,Male,34,Finance,Financial Analyst,M.Com,11,77646,Delhi,2024-03-24,No,2,No
2876,Amit Gupta,Female,32,IT,Analyst,MBA,9,88651,Jaipur,2022-09-26,No,3,No
2877,Priya Yadav,Male,37,Sales,Sales Manager,B.Com,16,88729,Kolkata,2018-02-14,No,4,No
2878,Rohan Yadav,Female,28,IT,Analyst,MBA,3,76838,Pune,2017-10-15,No,4,No
2879,Rohan Joshi,Female,33,IT,Developer,MBA,7,78129,Lucknow,2023-09-12,No,4,No
2880,Pooja Mehta,Male,38,Marketing,SEO Specialist,MBA,9,73439,Mumbai,2017-11-16,Yes,2,Yes
2881,Rahul Verma,Female,47,Finance,Financial Analyst,M.Com,18,97110,Chennai,2020-02-02,Yes,1,Yes
2882,Priya Gupta,Male,49,Marketing,SEO Specialist,M.Com,19,93028,Kolkata,2023-03-26,No,5,No
2883,Rohan Singh,Male,41,Marketing,Marketing Executive,B.Tech,14,85388,Kolkata,2019-11-12,No,5,No
2884,Priya Joshi,Female,29,IT,QA Engineer,MBA,1,66620,Chennai,2016-01-27,No,5,No
2885,Rohan Sharma,Female,26,HR,Recruiter,M.Com,4,51593,Mumbai,2015-09-30,No,1,Yes
2886,Priya Patel,Male,26,Marketing,Marketing Executive,Graduate,2,51716,Pune,2021-04-29,No,1,No
2887,Arjun Gupta,Female,45,Marketing,SEO Specialist,B.Tech,18,93265,Mumbai,2015-05-16,No,2,No
2888,Amit Mehta,Male,28,Operations,Operations Executive,MBA,4,47186,Lucknow,2022-12-15,No,3,No
2889,Pooja Patel,Male,29,IT,QA Engineer,B.Com,0,67937,Jaipur,2023-12-23,No,4,No
2890,Anjali Gupta,Male,46,IT,Developer,Graduate,18,105556,Ahmedabad,2015-01-18,Yes,3,No
2891,Sonia Patel,Male,39,Marketing,Marketing Executive,B.Tech,13,77146,Pune,2020-05-21,Yes,5,No
2892,Anjali Joshi,Male,39,Sales,Sales Manager,M.Com,15,79474,Noida,2022-05-13,No,2,Yes
2893,Anjali Gupta,Male,28,HR,HR Executive,MBA,1,45531,Jaipur,2016-11-25,No,4,No
2894,Pooja Verma,Male,48,HR,Recruiter,MBA,18,82938,Pune,2021-12-22,Yes,1,Yes
2895,Deepak Roy,Female,24,Finance,Financial Analyst,B.Com,1,57386,Chennai,2018-06-25,No,2,No
2896,Sonia Verma,Male,35,HR,Recruiter,Graduate,8,62065,Delhi,2019-08-31,No,1,Yes
2897,Nisha Mehta,Male,41,Operations,Supervisor,Graduate,15,79765,Ahmedabad,2022-01-23,No,1,No
2898,Priya Patel,Female,37,Operations,Operations Executive,B.Com,7,57227,Noida,2018-12-11,Yes,5,No
2899,Sneha Roy,Male,39,Marketing,SEO Specialist,B.Tech,11,70523,Chennai,2023-03-05,No,3,No
2900,Amit Patel,Male,34,Finance,Accountant,B.Com,11,87367,Pune,2020-04-20,No,1,Yes
2901,Rahul Singh,Male,34,HR,HR Executive,MBA,9,62607,Chennai,2017-10-15,No,1,No
2902,Arjun Sharma,Female,34,Finance,Financial Analyst,B.Com,12,80653,Kolkata,2019-06-24,No,2,No
2903,Kiran Yadav,Female,30,HR,HR Executive,MBA,4,50270,Pune,2019-04-15,No,2,No
2904,Mohit Mehta,Male,35,Sales,Sales Executive,M.Com,13,75778,Ahmedabad,2017-12-15,No,1,No
2905,Arjun Singh,Male,45,HR,HR Executive,B.Com,16,84148,Bengaluru,2016-11-19,Yes,4,No
2906,Mohit Patel,Female,23,IT,QA Engineer,B.Tech,2,68271,Kolkata,2016-01-30,No,2,No
2907,Amit Patel,Female,32,HR,Recruiter,MBA,10,66542,Mumbai,2021-08-30,Yes,2,Yes
2908,Kiran Patel,Female,33,HR,Recruiter,M.Com,10,69840,Delhi,2018-01-21,No,4,No
2909,Vikas Singh,Female,34,Marketing,SEO Specialist,MBA,4,56222,Chennai,2015-09-18,No,1,Yes
2910,Kiran Joshi,Female,40,Sales,Sales Manager,Graduate,13,78848,Lucknow,2017-10-13,Yes,4,No
2911,Anjali Mehta,Female,22,IT,Analyst,Graduate,0,66297,Pune,2016-06-15,No,1,No
2912,Vikas Yadav,Male,42,Finance,Accountant,M.Com,16,90793,Delhi,2017-08-26,Yes,3,No
2913,Pooja Mehta,Male,23,Sales,Sales Executive,Graduate,1,51198,Pune,2024-05-23,No,1,No
2914,Arjun Sharma,Male,30,Marketing,Marketing Executive,B.Tech,1,47437,Mumbai,2023-04-23,No,2,Yes
2915,Kiran Joshi,Female,43,HR,Recruiter,MBA,19,88053,Noida,2019-02-28,No,2,No
2916,Rahul Roy,Male,42,Marketing,SEO Specialist,M.Com,20,99429,Bengaluru,2019-10-29,No,1,Yes
2917,Kiran Patel,Female,34,Operations,Supervisor,MBA,10,66478,Kolkata,2018-03-16,Yes,5,No
2918,Sneha Gupta,Female,31,HR,HR Executive,B.Tech,3,42766,Bengaluru,2021-02-22,No,5,No
2919,Amit Gupta,Female,38,Sales,Sales Manager,M.Com,12,72570,Delhi,2020-07-13,Yes,2,No
2920,Rohan Roy,Male,34,IT,QA Engineer,MBA,13,99381,Jaipur,2020-01-08,Yes,2,Yes
2921,Mohit Gupta,Female,22,Finance,Accountant,Graduate,0,53223,Lucknow,2015-09-15,No,3,No
2922,Anjali Singh,Female,21,IT,Analyst,M.Com,0,67228,Delhi,2016-01-05,No,2,No
2923,Priya Verma,Male,43,Sales,Sales Manager,B.Tech,16,89372,Ahmedabad,2018-05-22,Yes,1,Yes
2924,Kiran Roy,Female,28,Marketing,Marketing Executive,B.Tech,8,69150,Ahmedabad,2016-02-02,Yes,3,No
2925,Deepak Yadav,Female,39,HR,HR Executive,M.Com,18,88596,Lucknow,2023-05-04,Yes,5,No
2926,Arjun Mehta,Female,31,Finance,Financial Analyst,M.Com,3,61351,Kolkata,2020-07-20,No,2,No
2927,Deepak Roy,Female,41,HR,HR Executive,B.Com,11,70179,Bengaluru,2022-10-13,No,1,No
2928,Vikas Roy,Female,30,IT,Developer,MBA,0,61642,Pune,2015-04-15,No,5,No
2929,Rohan Sharma,Female,46,IT,Developer,B.Com,19,110984,Mumbai,2019-07-17,No,2,Yes
2930,Rohan Kumar,Male,29,Sales,Sales Manager,M.Com,7,63968,Pune,2022-04-27,No,4,No
2931,Priya Kumar,Male,28,Marketing,Marketing Executive,B.Com,5,64264,Noida,2015-07-11,No,3,No
2932,Mohit Patel,Male,21,Sales,Sales Manager,MBA,0,46935,Pune,2023-07-15,No,5,No
2933,Sonia Roy,Male,45,Sales,Sales Manager,B.Tech,15,78656,Noida,2021-10-26,Yes,5,No
2934,Pooja Joshi,Female,33,Sales,Sales Executive,MBA,8,62078,Kolkata,2018-08-18,No,4,Yes
2935,Arjun Kumar,Male,23,IT,Developer,M.Com,3,67561,Mumbai,2017-10-04,No,4,No
2936,Vikas Yadav,Male,42,IT,Analyst,M.Com,15,105158,Delhi,2019-08-24,No,4,No
2937,Sneha Joshi,Male,23,Finance,Financial Analyst,MBA,0,59150,Chennai,2019-03-31,No,3,Yes
2938,Kiran Sharma,Female,31,Marketing,Marketing Executive,M.Com,9,70213,Bengaluru,2022-12-10,No,1,Yes
2939,Sneha Joshi,Male,46,HR,HR Executive,M.Com,20,92753,Mumbai,2019-09-18,Yes,3,No
2940,Nisha Patel,Female,24,HR,Recruiter,Graduate,1,44132,Bengaluru,2019-01-01,No,2,No
2941,Pooja Joshi,Male,38,Marketing,SEO Specialist,B.Com,14,83161,Kolkata,2016-03-03,No,5,No
2942,Pooja Joshi,Male,37,Operations,Supervisor,B.Tech,8,58267,Delhi,2019-10-17,No,3,No
2943,Rahul Verma,Male,49,Sales,Sales Manager,M.Com,19,90900,Noida,2017-06-05,Yes,2,No
2944,Arjun Singh,Male,25,IT,Analyst,B.Com,3,76479,Bengaluru,2024-11-15,No,5,No
2945,Vikas Kumar,Female,33,Marketing,Marketing Executive,MBA,10,72120,Chennai,2022-09-06,Yes,1,Yes
2946,Kiran Mehta,Female,36,Marketing,SEO Specialist,Graduate,9,70418,Kolkata,2019-06-17,Yes,2,No
2947,Amit Gupta,Female,38,Marketing,SEO Specialist,Graduate,16,85109,Jaipur,2022-04-12,No,2,Yes
2948,Vikas Patel,Female,27,Marketing,SEO Specialist,B.Com,1,46762,Chennai,2022-03-16,No,2,No
2949,Pooja Yadav,Female,34,Marketing,Marketing Executive,B.Com,8,63401,Pune,2021-12-28,No,3,No
2950,Pooja Kumar,Male,46,HR,Recruiter,Graduate,19,85025,Jaipur,2024-05-31,Yes,2,Yes
2951,Arjun Mehta,Female,24,Finance,Financial Analyst,B.Tech,4,61621,Lucknow,2018-07-29,No,4,No
2952,Neha Kumar,Female,42,Finance,Financial Analyst,M.Com,16,95283,Jaipur,2020-07-14,Yes,3,No
2953,Sonia Mehta,Female,21,Sales,Sales Executive,B.Tech,0,40856,Delhi,2018-10-14,No,4,No
2954,Rahul Patel,Male,28,Sales,Sales Manager,B.Tech,2,51268,Noida,2016-03-12,No,3,No
2955,Priya Mehta,Male,47,Marketing,SEO Specialist,B.Com,18,95738,Jaipur,2024-05-05,No,3,Yes
2956,Priya Yadav,Male,39,HR,HR Executive,Graduate,16,80214,Chennai,2020-01-28,No,4,No
2957,Kiran Sharma,Female,30,Sales,Sales Executive,Graduate,8,63476,Chennai,2015-07-05,Yes,5,No
2958,Arjun Singh,Female,25,Sales,Sales Manager,B.Com,2,49409,Ahmedabad,2023-08-21,No,5,Yes
2959,Sneha Yadav,Male,37,Marketing,SEO Specialist,B.Com,15,84968,Delhi,2016-03-24,No,3,No
2960,Rohan Mehta,Female,30,Sales,Sales Executive,B.Com,10,72602,Lucknow,2023-06-07,No,2,Yes
2961,Rahul Yadav,Male,50,Finance,Accountant,MBA,20,103649,Chennai,2018-10-11,Yes,5,No
2962,Sneha Mehta,Male,30,Sales,Sales Manager,B.Com,8,60725,Delhi,2023-07-22,No,2,No
2963,Anjali Patel,Female,30,Finance,Financial Analyst,M.Com,6,67516,Lucknow,2019-12-08,No,1,Yes
2964,Priya Sharma,Male,32,Marketing,Marketing Executive,B.Com,11,75558,Lucknow,2022-09-13,Yes,1,No
2965,Rahul Yadav,Male,42,Operations,Operations Executive,B.Tech,16,85426,Kolkata,2017-09-29,Yes,3,No
2966,Neha Roy,Male,43,Finance,Accountant,Graduate,19,100215,Jaipur,2020-10-15,No,4,No
2967,Anjali Mehta,Male,34,Finance,Accountant,B.Tech,5,66000,Mumbai,2024-02-08,No,1,Yes
2968,Nisha Yadav,Male,36,Finance,Accountant,MBA,11,86726,Mumbai,2024-05-17,No,3,No
2969,Rahul Kumar,Male,27,Finance,Accountant,M.Com,4,67762,Chennai,2020-08-20,No,1,Yes
2970,Amit Mehta,Female,27,HR,Recruiter,M.Com,1,42683,Ahmedabad,2023-01-05,No,3,No
2971,Deepak Mehta,Male,34,Marketing,Marketing Executive,M.Com,10,69156,Pune,2017-04-09,Yes,4,No
2972,Sneha Mehta,Female,37,Finance,Financial Analyst,MBA,16,95779,Jaipur,2015-08-26,No,5,Yes
2973,Deepak Kumar,Male,34,Marketing,Marketing Executive,M.Com,6,62318,Jaipur,2020-11-20,Yes,5,No
2974,Nisha Joshi,Male,27,HR,HR Executive,B.Tech,4,54726,Noida,2017-01-08,No,4,No
2975,Deepak Singh,Female,38,Marketing,Marketing Executive,Graduate,17,88034,Ahmedabad,2022-03-21,No,5,No
2976,Sonia Kumar,Female,38,HR,HR Executive,M.Com,12,74764,Kolkata,2017-06-17,No,1,Yes
2977,Pooja Roy,Female,30,Marketing,Marketing Executive,MBA,7,65003,Lucknow,2022-06-01,No,5,No
2978,Priya Gupta,Male,40,HR,Recruiter,M.Com,13,72872,Delhi,2020-10-25,Yes,4,No
2979,Sneha Gupta,Female,37,Finance,Accountant,B.Tech,14,86663,Ahmedabad,2016-02-15,No,2,No
2980,Mohit Patel,Male,26,Operations,Supervisor,B.Tech,1,41580,Delhi,2022-07-29,No,1,No
2981,Nisha Roy,Female,39,Sales,Sales Executive,Graduate,11,76304,Mumbai,2015-09-19,Yes,2,Yes
2982,Arjun Yadav,Female,45,IT,QA Engineer,B.Com,20,110806,Noida,2016-04-11,No,2,Yes
2983,Deepak Kumar,Male,30,Operations,Operations Executive,B.Tech,1,46674,Bengaluru,2021-01-11,No,4,No
2984,Amit Verma,Female,41,Sales,Sales Manager,M.Com,13,77282,Bengaluru,2024-02-01,No,3,No
2985,Mohit Verma,Female,28,HR,HR Executive,B.Tech,2,43570,Chennai,2023-07-04,No,2,No
2986,Priya Singh,Female,38,Finance,Financial Analyst,B.Com,11,80124,Pune,2022-06-06,No,5,No
2987,Arjun Kumar,Female,23,Operations,Operations Executive,MBA,1,48755,Mumbai,2019-02-17,No,1,Yes
2988,Pooja Yadav,Male,28,Sales,Sales Manager,Graduate,2,51108,Ahmedabad,2017-11-07,No,1,No
2989,Sneha Joshi,Male,33,IT,Analyst,B.Com,9,88796,Bengaluru,2023-02-26,Yes,4,No
2990,Vikas Singh,Male,32,Operations,Supervisor,Graduate,2,49979,Lucknow,2021-11-02,No,3,No
2991,Arjun Patel,Male,27,HR,HR Executive,MBA,5,48760,Bengaluru,2019-07-15,No,5,No
2992,Sonia Roy,Female,41,Sales,Sales Manager,Graduate,15,78459,Mumbai,2022-10-13,No,5,No
2993,Sonia Sharma,Male,32,Marketing,Marketing Executive,M.Com,4,59636,Lucknow,2017-09-15,No,3,No
2994,Mohit Verma,Male,29,Operations,Supervisor,M.Com,0,46586,Ahmedabad,2017-02-05,No,4,No
2995,Rahul Gupta,Male,32,Finance,Financial Analyst,MBA,3,63685,Bengaluru,2015-11-16,No,4,No
2996,Neha Verma,Male,23,IT,QA Engineer,M.Com,1,64597,Jaipur,2018-01-05,No,2,No
2997,Pooja Singh,Female,33,Marketing,SEO Specialist,MBA,7,68499,Bengaluru,2020-04-26,Yes,3,No
2998,Neha Roy,Female,33,Sales,Sales Manager,M.Com,12,74494,Lucknow,2017-10-01,Yes,3,Yes
2999,Vikas Verma,Male,31,Finance,Accountant,B.Com,9,78675,Chennai,2020-06-28,Yes,1,Yes
3000,Arjun Roy,Female,46,Sales,Sales Manager,B.Tech,20,95486,Noida,2017-01-18,Yes,3,No
3001,Amit Kumar,Female,39,Sales,Sales Manager,B.Tech,19,87931,Noida,2021-02-20,No,2,No
3002,Mohit Mehta,Male,30,Operations,Operations Executive,B.Com,6,56727,Delhi,2016-07-30,Yes,3,No
3003,Sneha Roy,Male,38,Sales,Sales Manager,B.Com,15,81324,Pune,2019-03-29,Yes,1,Yes
3004,Pooja Gupta,Female,32,IT,Developer,Graduate,11,89375,Mumbai,2020-11-24,No,3,No
3005,Anjali Yadav,Female,24,Operations,Supervisor,Graduate,0,37228,Kolkata,2017-09-25,No,5,No
3006,Priya Singh,Female,29,IT,Analyst,MBA,1,68627,Chennai,2016-02-14,No,5,Yes
3007,Arjun Singh,Male,31,HR,HR Executive,M.Com,10,61063,Kolkata,2019-08-17,No,3,No
3008,Rahul Gupta,Female,44,HR,Recruiter,Graduate,17,79094,Jaipur,2019-09-30,No,1,No
3009,Sneha Patel,Male,47,Operations,Operations Executive,MBA,17,79537,Delhi,2017-09-28,No,2,No
3010,Deepak Gupta,Female,21,Finance,Financial Analyst,Graduate,1,55525,Lucknow,2020-08-19,No,2,Yes
3011,Vikas Yadav,Male,29,IT,Analyst,Graduate,5,74065,Noida,2016-09-20,No,1,Yes
3012,Deepak Yadav,Male,26,Sales,Sales Manager,MBA,2,50238,Pune,2015-03-20,No,5,No
3013,Deepak Joshi,Male,38,Operations,Operations Executive,MBA,16,79109,Mumbai,2018-08-01,Yes,2,No
3014,Deepak Singh,Male,37,HR,HR Executive,MBA,11,64791,Bengaluru,2021-11-19,No,1,Yes
3015,Rahul Mehta,Female,32,Marketing,SEO Specialist,Graduate,9,69163,Pune,2016-12-14,Yes,5,No
3016,Rahul Verma,Female,36,IT,Analyst,MBA,7,81664,Kolkata,2018-03-06,Yes,3,No
3017,Vikas Verma,Female,33,Finance,Financial Analyst,MBA,9,82484,Delhi,2017-12-16,Yes,4,No
3018,Rohan Joshi,Male,43,Operations,Supervisor,MBA,18,86055,Chennai,2020-04-23,No,4,No
3019,Sneha Gupta,Female,32,Finance,Accountant,B.Tech,7,74131,Ahmedabad,2019-04-21,Yes,1,Yes
3020,Rohan Singh,Female,30,Finance,Financial Analyst,M.Com,5,66535,Lucknow,2019-09-03,No,5,Yes
3021,Nisha Yadav,Female,33,IT,Analyst,B.Tech,7,87029,Pune,2023-09-20,No,3,No
3022,Kiran Verma,Female,34,Sales,Sales Executive,B.Tech,6,64511,Pune,2023-08-04,No,4,No
3023,Arjun Roy,Male,39,Operations,Supervisor,MBA,12,76705,Kolkata,2015-12-02,Yes,2,Yes
3024,Priya Joshi,Female,34,IT,Developer,M.Com,10,88481,Noida,2023-05-27,Yes,3,No
3025,Vikas Singh,Male,39,Finance,Financial Analyst,MBA,17,97350,Kolkata,2021-11-27,No,5,No
3026,Anjali Verma,Male,29,HR,Recruiter,MBA,3,50942,Jaipur,2017-09-29,No,2,No
3027,Mohit Sharma,Female,37,HR,HR Executive,M.Com,15,72566,Bengaluru,2024-02-19,No,1,Yes
3028,Sonia Roy,Female,27,Marketing,SEO Specialist,MBA,6,60159,Lucknow,2023-08-13,Yes,1,No
3029,Priya Verma,Female,30,Operations,Operations Executive,M.Com,8,66472,Mumbai,2018-11-11,No,2,Yes
3030,Arjun Singh,Male,47,Operations,Operations Executive,M.Com,18,86924,Jaipur,2017-12-10,No,1,Yes
3031,Priya Gupta,Male,38,Operations,Operations Executive,B.Com,9,67039,Noida,2019-08-14,No,1,No
3032,Neha Yadav,Male,29,HR,HR Executive,B.Com,3,44260,Chennai,2023-09-03,No,2,Yes
3033,Anjali Yadav,Male,38,Sales,Sales Manager,MBA,18,86332,Bengaluru,2018-01-18,Yes,2,Yes
3034,Neha Sharma,Female,27,Marketing,Marketing Executive,M.Com,3,51246,Ahmedabad,2022-10-02,No,5,No
3035,Rohan Joshi,Male,26,Marketing,Marketing Executive,Graduate,6,59210,Delhi,2019-06-29,Yes,3,No
3036,Vikas Mehta,Male,42,Sales,Sales Executive,Graduate,20,90633,Chennai,2019-09-05,Yes,2,No
3037,Rohan Mehta,Male,24,Marketing,SEO Specialist,B.Tech,1,50283,Kolkata,2024-06-25,No,2,Yes
3038,Kiran Roy,Male,24,Sales,Sales Executive,M.Com,4,53432,Chennai,2019-10-09,No,3,No
3039,Sonia Roy,Male,34,HR,HR Executive,MBA,6,56261,Mumbai,2016-02-10,No,1,Yes
3040,Rahul Mehta,Male,32,Operations,Operations Executive,B.Tech,3,49569,Noida,2020-03-15,No,1,No
3041,Sonia Joshi,Male,32,HR,HR Executive,M.Com,4,52526,Ahmedabad,2020-06-07,No,3,No
3042,Mohit Singh,Male,38,Marketing,Marketing Executive,M.Com,11,76735,Bengaluru,2015-10-21,Yes,3,No
3043,Arjun Kumar,Male,33,Marketing,Marketing Executive,B.Tech,3,56708,Bengaluru,2016-11-24,No,1,No
3044,Pooja Yadav,Female,25,HR,HR Executive,M.Com,2,41350,Noida,2015-07-30,No,3,No
3045,Kiran Patel,Female,41,Finance,Accountant,Graduate,17,98142,Mumbai,2023-07-01,Yes,3,No
3046,Mohit Mehta,Female,35,Operations,Supervisor,M.Com,11,72471,Jaipur,2022-11-26,No,1,No
3047,Pooja Gupta,Male,37,Marketing,SEO Specialist,M.Com,9,74842,Lucknow,2019-02-21,Yes,5,No
3048,Anjali Singh,Male,35,Operations,Supervisor,MBA,12,72990,Jaipur,2016-08-19,Yes,3,No
3049,Deepak Sharma,Female,34,Finance,Financial Analyst,Graduate,4,65924,Delhi,2017-11-26,No,4,No
3050,Deepak Kumar,Female,39,HR,Recruiter,Graduate,9,61996,Kolkata,2020-09-16,No,1,Yes
3051,Arjun Patel,Male,23,Finance,Accountant,M.Com,3,57556,Mumbai,2021-09-21,No,4,No
3052,Neha Gupta,Male,24,Marketing,Marketing Executive,MBA,4,60728,Pune,2020-08-16,No,4,No
3053,Deepak Kumar,Female,39,IT,QA Engineer,MBA,17,105465,Lucknow,2020-04-13,No,2,No
3054,Anjali Joshi,Female,47,Marketing,Marketing Executive,MBA,18,92868,Lucknow,2023-02-22,Yes,1,Yes
3055,Sneha Roy,Male,26,HR,HR Executive,MBA,3,48185,Kolkata,2018-07-11,No,1,No
3056,Anjali Mehta,Female,24,Marketing,Marketing Executive,B.Com,4,60154,Ahmedabad,2022-11-08,No,3,No
3057,Pooja Patel,Male,27,Marketing,SEO Specialist,MBA,7,62591,Bengaluru,2018-05-14,Yes,5,Yes
3058,Rohan Roy,Female,44,HR,Recruiter,M.Com,19,84568,Bengaluru,2022-05-10,Yes,5,No
3059,Amit Yadav,Male,42,Operations,Operations Executive,B.Tech,20,96021,Ahmedabad,2022-07-24,No,1,Yes
3060,Neha Verma,Male,40,Marketing,SEO Specialist,B.Tech,20,96724,Pune,2022-06-27,No,4,No
3061,Nisha Roy,Female,41,Operations,Supervisor,B.Com,12,76432,Chennai,2018-08-16,Yes,1,Yes
3062,Pooja Yadav,Female,28,Sales,Sales Executive,B.Tech,0,44558,Lucknow,2024-05-09,No,2,No
3063,Sneha Yadav,Female,45,IT,Analyst,MBA,16,108900,Pune,2015-07-18,Yes,4,Yes
3064,Neha Verma,Female,33,Finance,Financial Analyst,B.Com,8,77275,Noida,2019-12-25,Yes,1,Yes
3065,Priya Roy,Female,46,Sales,Sales Manager,B.Com,18,85959,Chennai,2020-09-28,No,2,Yes
3066,Deepak Kumar,Female,49,IT,Analyst,Graduate,20,116517,Kolkata,2024-05-22,No,3,No
3067,Sonia Sharma,Male,28,Sales,Sales Manager,Graduate,5,54807,Ahmedabad,2018-05-19,No,3,No
3068,Pooja Singh,Female,28,Operations,Supervisor,B.Com,4,48812,Lucknow,2024-10-16,No,3,No
3069,Amit Kumar,Female,38,Sales,Sales Manager,MBA,14,84583,Lucknow,2021-04-25,No,1,Yes
3070,Sneha Kumar,Female,24,Finance,Accountant,Graduate,1,55988,Lucknow,2018-10-16,No,2,No
3071,Pooja Yadav,Male,39,Operations,Supervisor,MBA,17,88107,Chennai,2024-04-15,Yes,4,No
3072,Deepak Kumar,Male,29,Marketing,Marketing Executive,B.Tech,2,50587,Noida,2016-10-04,No,1,Yes
3073,Vikas Joshi,Female,42,Finance,Accountant,M.Com,14,87897,Delhi,2016-12-22,Yes,1,Yes
3074,Rohan Mehta,Male,29,Finance,Financial Analyst,Graduate,7,73315,Mumbai,2016-10-04,Yes,1,No
3075,Arjun Verma,Male,27,IT,Developer,B.Tech,1,64060,Chennai,2021-06-19,No,5,Yes
3076,Vikas Singh,Female,44,IT,Analyst,MBA,15,105482,Mumbai,2017-01-22,No,1,Yes
3077,Amit Roy,Female,42,Sales,Sales Executive,MBA,12,74600,Delhi,2018-12-20,No,4,Yes
3078,Anjali Mehta,Female,34,Sales,Sales Executive,B.Tech,11,69739,Lucknow,2022-01-14,Yes,2,Yes
3079,Sonia Gupta,Female,36,Finance,Accountant,B.Com,9,77217,Noida,2016-04-29,No,2,Yes
3080,Arjun Roy,Male,41,HR,Recruiter,Graduate,14,77010,Mumbai,2018-11-12,Yes,4,No
3081,Arjun Singh,Female,40,HR,HR Executive,MBA,18,89073,Mumbai,2015-08-14,No,1,No
3082,Amit Yadav,Female,32,IT,QA Engineer,M.Com,2,66865,Jaipur,2021-02-18,No,4,No
3083,Pooja Kumar,Female,33,IT,Developer,MBA,10,87219,Jaipur,2021-01-17,No,2,Yes
3084,Rohan Kumar,Male,40,Operations,Supervisor,MBA,16,85398,Delhi,2015-12-10,No,3,No
3085,Deepak Verma,Male,23,HR,HR Executive,MBA,0,42431,Mumbai,2017-10-03,No,3,No
3086,Anjali Mehta,Male,38,Sales,Sales Manager,Graduate,13,82321,Ahmedabad,2017-05-04,Yes,5,No
3087,Nisha Mehta,Male,40,Operations,Operations Executive,Graduate,17,87641,Noida,2018-10-28,Yes,4,No
3088,Rohan Kumar,Female,38,HR,Recruiter,M.Com,8,55496,Pune,2019-10-19,Yes,4,No
3089,Sonia Verma,Male,24,Sales,Sales Manager,B.Tech,2,52992,Jaipur,2018-11-15,No,2,No
3090,Rahul Kumar,Female,41,Sales,Sales Manager,B.Com,12,77688,Bengaluru,2018-04-17,Yes,4,No
3091,Pooja Kumar,Female,32,Operations,Supervisor,B.Tech,11,64855,Jaipur,2015-01-24,Yes,3,No
3092,Kiran Roy,Female,31,Marketing,Marketing Executive,B.Com,10,70342,Pune,2024-10-27,No,1,No
3093,Deepak Kumar,Female,30,Operations,Operations Executive,MBA,10,69222,Chennai,2024-11-02,Yes,5,No
3094,Anjali Mehta,Female,35,HR,HR Executive,B.Tech,9,63582,Lucknow,2018-04-13,No,1,Yes
3095,Anjali Sharma,Male,45,Finance,Accountant,MBA,18,97243,Chennai,2022-10-30,No,3,No
3096,Sonia Verma,Male,25,Marketing,Marketing Executive,M.Com,4,57794,Mumbai,2024-06-06,No,4,No
3097,Vikas Roy,Female,30,Operations,Operations Executive,M.Com,1,43919,Pune,2019-06-05,No,3,Yes
3098,Nisha Kumar,Male,43,Finance,Accountant,Graduate,20,102303,Kolkata,2015-10-03,Yes,5,No
3099,Priya Verma,Male,40,Sales,Sales Manager,M.Com,16,82072,Chennai,2024-10-02,No,4,No
3100,Kiran Verma,Male,28,Finance,Financial Analyst,Graduate,0,52726,Lucknow,2020-08-04,No,5,No
3101,Nisha Yadav,Female,37,Operations,Supervisor,B.Com,8,61686,Delhi,2015-04-09,No,4,No
3102,Sneha Sharma,Male,28,HR,HR Executive,Graduate,6,54285,Noida,2021-04-28,No,5,No
3103,Mohit Sharma,Male,35,Sales,Sales Executive,B.Com,9,64297,Kolkata,2023-01-09,No,4,No
3104,Priya Singh,Female,40,Marketing,SEO Specialist,M.Com,20,97683,Jaipur,2015-09-09,Yes,3,No
3105,Mohit Verma,Female,31,Marketing,SEO Specialist,B.Tech,10,71499,Ahmedabad,2016-02-27,No,3,No
3106,Mohit Gupta,Female,39,Sales,Sales Manager,B.Tech,11,68318,Ahmedabad,2016-02-27,No,2,Yes
3107,Rahul Roy,Male,42,HR,HR Executive,M.Com,15,81493,Chennai,2021-10-27,No,3,Yes
3108,Mohit Yadav,Female,47,Marketing,SEO Specialist,B.Com,17,88845,Jaipur,2016-03-13,Yes,4,No
3109,Sneha Joshi,Female,31,HR,HR Executive,MBA,2,49359,Mumbai,2019-04-28,No,4,No
3110,Sneha Verma,Male,29,Finance,Financial Analyst,B.Tech,2,55682,Kolkata,2018-09-25,No,3,No
3111,Sneha Verma,Male,43,HR,HR Executive,B.Com,18,86913,Chennai,2019-02-22,Yes,3,No
3112,Anjali Roy,Male,29,Marketing,SEO Specialist,B.Com,5,58108,Delhi,2016-08-04,No,4,No
3113,Amit Verma,Male,38,HR,HR Executive,MBA,10,64385,Kolkata,2024-09-29,No,4,No
3114,Rohan Gupta,Male,28,Sales,Sales Executive,B.Tech,6,62569,Delhi,2021-08-23,Yes,2,Yes
3115,Sonia Mehta,Male,32,IT,Analyst,MBA,10,93484,Delhi,2017-09-04,Yes,3,No
3116,Anjali Roy,Male,45,Marketing,SEO Specialist,M.Com,18,90049,Noida,2024-09-13,Yes,1,No
3117,Priya Sharma,Female,40,HR,HR Executive,Graduate,16,77297,Ahmedabad,2022-04-26,No,3,No
3118,Arjun Patel,Female,25,HR,Recruiter,MBA,4,45787,Delhi,2017-03-03,No,2,No
3119,Nisha Singh,Female,45,Sales,Sales Manager,Graduate,15,84824,Jaipur,2023-10-16,No,4,No
3120,Pooja Joshi,Male,45,Sales,Sales Manager,B.Com,19,93232,Pune,2018-04-27,No,4,No
3121,Rahul Yadav,Female,33,IT,QA Engineer,B.Tech,9,82763,Pune,2024-03-29,Yes,1,No
3122,Anjali Sharma,Male,42,Finance,Financial Analyst,B.Tech,19,100486,Ahmedabad,2017-09-25,No,2,No
3123,Neha Gupta,Male,33,Operations,Operations Executive,Graduate,7,55320,Delhi,2021-07-31,No,1,Yes
3124,Mohit Joshi,Female,34,HR,HR Executive,B.Tech,12,71865,Ahmedabad,2019-07-02,Yes,1,Yes
3125,Sneha Roy,Male,46,Sales,Sales Executive,B.Com,19,96614,Mumbai,2020-08-11,Yes,2,Yes
3126,Nisha Mehta,Male,38,HR,Recruiter,M.Com,9,64101,Bengaluru,2019-04-24,No,4,No
3127,Deepak Yadav,Male,29,Operations,Supervisor,B.Tech,7,54875,Mumbai,2020-07-19,No,2,Yes
3128,Kiran Roy,Male,28,Marketing,Marketing Executive,B.Tech,4,59436,Delhi,2024-08-16,No,5,No
3129,Arjun Yadav,Female,31,HR,HR Executive,B.Tech,1,39814,Noida,2015-12-20,No,1,No
3130,Nisha Singh,Female,28,Marketing,SEO Specialist,MBA,0,48536,Delhi,2016-08-09,No,3,No
3131,Sonia Sharma,Male,29,Operations,Operations Executive,Graduate,6,57247,Delhi,2019-04-12,No,4,No
3132,Neha Mehta,Male,30,Operations,Supervisor,B.Com,1,40358,Noida,2021-08-08,No,5,No
3133,Sneha Patel,Male,24,Operations,Operations Executive,B.Tech,0,45711,Kolkata,2022-03-21,No,1,Yes
3134,Kiran Verma,Female,34,Marketing,SEO Specialist,M.Com,5,56328,Jaipur,2015-07-22,No,5,No
3135,Rahul Kumar,Male,33,HR,Recruiter,B.Com,7,58953,Noida,2024-02-03,No,2,No
3136,Nisha Verma,Female,42,Sales,Sales Executive,Graduate,18,92518,Delhi,2024-10-10,No,3,No
3137,Pooja Mehta,Female,40,Sales,Sales Manager,MBA,17,86506,Noida,2021-10-12,No,1,No
3138,Arjun Sharma,Female,39,Marketing,Marketing Executive,M.Com,18,93053,Ahmedabad,2019-07-30,No,2,No
3139,Vikas Verma,Male,36,Finance,Financial Analyst,B.Com,15,95840,Kolkata,2016-05-28,No,4,No
3140,Nisha Yadav,Female,31,Operations,Operations Executive,B.Com,11,65938,Mumbai,2016-10-23,No,4,No
3141,Anjali Yadav,Male,39,IT,Developer,M.Com,13,99626,Lucknow,2015-02-15,No,4,No
3142,Rohan Joshi,Female,33,IT,QA Engineer,MBA,5,82366,Lucknow,2015-01-03,No,5,No
3143,Vikas Gupta,Male,38,Marketing,SEO Specialist,M.Com,17,87721,Bengaluru,2020-03-19,No,3,No
3144,Nisha Singh,Male,40,HR,Recruiter,Graduate,17,86626,Ahmedabad,2018-07-22,No,3,No
3145,Pooja Gupta,Male,37,HR,Recruiter,B.Tech,12,72910,Noida,2024-03-24,No,5,No
3146,Sonia Sharma,Female,44,Marketing,Marketing Executive,B.Com,17,86815,Mumbai,2015-08-18,Yes,1,No
3147,Sneha Roy,Female,37,Sales,Sales Executive,MBA,8,62964,Delhi,2024-12-20,No,5,No
3148,Neha Mehta,Male,41,IT,Analyst,Graduate,18,105295,Ahmedabad,2018-10-24,No,1,Yes
3149,Rahul Kumar,Female,34,Sales,Sales Executive,MBA,5,52876,Pune,2021-09-26,No,4,No
3150,Sonia Roy,Male,42,Finance,Accountant,Graduate,19,99450,Mumbai,2015-06-21,Yes,5,Yes
3151,Sneha Verma,Female,31,Sales,Sales Manager,B.Tech,5,59438,Delhi,2024-01-10,No,2,Yes
3152,Nisha Yadav,Female,37,Operations,Supervisor,B.Tech,10,63507,Delhi,2021-09-13,No,3,No
3153,Rohan Gupta,Male,40,Operations,Operations Executive,B.Tech,12,75076,Jaipur,2019-03-07,Yes,2,Yes
3154,Mohit Verma,Female,41,Operations,Supervisor,B.Com,13,78289,Pune,2017-03-24,No,4,No
3155,Priya Yadav,Female,41,Operations,Supervisor,B.Tech,11,73462,Kolkata,2024-05-01,No,4,No
3156,Priya Kumar,Female,29,Sales,Sales Manager,B.Com,7,57980,Kolkata,2015-01-19,No,4,No
3157,Deepak Mehta,Female,44,IT,Developer,B.Tech,20,114927,Delhi,2022-09-29,No,2,No
3158,Vikas Roy,Female,34,Operations,Operations Executive,Graduate,9,60476,Delhi,2016-12-17,Yes,3,No
3159,Anjali Verma,Female,30,Finance,Financial Analyst,MBA,6,67821,Chennai,2022-10-25,No,5,No
3160,Rahul Gupta,Female,38,Sales,Sales Manager,Graduate,8,65658,Lucknow,2015-09-17,No,1,Yes
3161,Mohit Singh,Male,34,HR,Recruiter,MBA,4,45079,Lucknow,2015-04-05,No,3,No
3162,Deepak Verma,Male,24,IT,Analyst,B.Com,2,72602,Lucknow,2022-09-01,No,5,No
3163,Rohan Kumar,Male,23,IT,Analyst,B.Tech,2,66829,Mumbai,2018-12-15,No,2,Yes
3164,Neha Sharma,Female,30,Finance,Financial Analyst,M.Com,8,79033,Pune,2017-01-20,Yes,4,No
3165,Amit Joshi,Female,34,Marketing,Marketing Executive,B.Com,6,63735,Pune,2017-11-29,No,3,No
3166,Sonia Verma,Female,24,Sales,Sales Manager,Graduate,3,55309,Jaipur,2019-01-04,No,3,No
3167,Vikas Singh,Female,37,IT,Developer,Graduate,15,106409,Lucknow,2019-12-17,Yes,1,Yes
3168,Amit Mehta,Female,37,Finance,Financial Analyst,B.Com,11,80232,Noida,2023-06-13,Yes,4,No
3169,Pooja Verma,Female,47,Marketing,Marketing Executive,B.Com,20,99426,Jaipur,2015-08-31,No,2,Yes
3170,Amit Patel,Female,23,IT,Analyst,Graduate,0,69792,Lucknow,2019-11-21,No,3,No
3171,Anjali Verma,Female,48,Operations,Operations Executive,MBA,19,93344,Pune,2023-02-11,No,2,No
3172,Arjun Patel,Male,35,Sales,Sales Executive,Graduate,7,66610,Mumbai,2018-11-10,Yes,5,No
3173,Sonia Verma,Male,42,Sales,Sales Executive,MBA,19,94065,Bengaluru,2016-08-15,No,3,No
3174,Neha Gupta,Male,40,IT,Analyst,B.Com,15,103579,Delhi,2021-11-02,Yes,4,No
3175,Priya Yadav,Female,39,Operations,Supervisor,MBA,9,63739,Noida,2022-04-03,No,2,No
3176,Amit Yadav,Female,42,HR,HR Executive,B.Com,20,94588,Noida,2016-03-15,No,4,No
3177,Nisha Roy,Male,43,Operations,Operations Executive,MBA,14,74072,Kolkata,2024-01-27,No,4,No
3178,Neha Joshi,Male,35,HR,HR Executive,M.Com,13,68866,Chennai,2016-09-29,No,1,No
3179,Sneha Kumar,Male,37,HR,Recruiter,M.Com,10,63568,Delhi,2023-09-01,No,4,No
3180,Deepak Verma,Female,44,Finance,Accountant,B.Tech,20,105673,Bengaluru,2015-11-28,No,5,No
3181,Kiran Mehta,Female,21,Sales,Sales Executive,B.Com,1,45409,Ahmedabad,2022-03-31,No,1,Yes
3182,Mohit Yadav,Female,39,Marketing,SEO Specialist,M.Com,19,93990,Delhi,2016-11-27,No,3,No
3183,Arjun Gupta,Female,40,IT,Analyst,Graduate,20,114459,Kolkata,2019-07-30,Yes,1,No
3184,Nisha Verma,Male,27,Operations,Operations Executive,M.Com,4,53946,Mumbai,2015-07-02,No,5,No
3185,Neha Mehta,Male,26,HR,Recruiter,MBA,1,39140,Mumbai,2019-03-18,No,2,Yes
3186,Rahul Sharma,Male,26,HR,HR Executive,Graduate,3,51272,Jaipur,2023-12-05,No,5,No
3187,Mohit Joshi,Male,33,Marketing,Marketing Executive,M.Com,3,57235,Pune,2015-02-07,No,2,Yes
3188,Vikas Roy,Female,41,Operations,Operations Executive,Graduate,12,67206,Delhi,2018-06-08,No,4,No
3189,Nisha Sharma,Female,33,HR,Recruiter,Graduate,11,63823,Jaipur,2015-07-26,Yes,3,No
3190,Rahul Verma,Male,36,IT,Analyst,Graduate,8,85983,Kolkata,2018-08-06,No,1,No
3191,Rohan Gupta,Female,23,Sales,Sales Manager,B.Com,2,54570,Ahmedabad,2018-05-29,No,1,No
3192,Vikas Roy,Female,45,IT,Developer,MBA,19,113138,Ahmedabad,2017-02-01,Yes,3,No
3193,Priya Joshi,Female,33,Finance,Financial Analyst,M.Com,3,65708,Noida,2016-08-02,No,5,No
3194,Priya Roy,Female,38,IT,Developer,MBA,12,97219,Kolkata,2019-01-28,Yes,5,No
3195,Arjun Yadav,Female,39,Marketing,Marketing Executive,B.Tech,15,81262,Bengaluru,2023-01-17,No,2,No
3196,Neha Roy,Male,34,Finance,Financial Analyst,Graduate,12,88097,Bengaluru,2018-04-30,Yes,4,No
3197,Mohit Yadav,Female,50,IT,Developer,M.Com,20,111675,Bengaluru,2016-04-06,No,3,No
3198,Pooja Mehta,Female,24,Finance,Financial Analyst,Graduate,0,56361,Pune,2021-05-04,No,3,No
3199,Vikas Verma,Male,45,Finance,Accountant,B.Tech,17,96290,Chennai,2020-06-15,No,1,Yes
3200,Sneha Joshi,Female,33,IT,Developer,B.Tech,4,71861,Noida,2015-08-25,No,2,Yes
3201,Rohan Roy,Male,28,HR,HR Executive,B.Com,8,61178,Pune,2016-06-09,No,2,No
3202,Arjun Sharma,Female,30,HR,Recruiter,B.Tech,2,41871,Ahmedabad,2023-08-31,No,4,No
3203,Pooja Joshi,Female,47,Marketing,Marketing Executive,B.Tech,19,94629,Mumbai,2021-11-21,Yes,5,No
3204,Sonia Gupta,Female,30,IT,Analyst,B.Tech,3,69535,Kolkata,2024-07-28,No,1,Yes
3205,Neha Roy,Female,31,Operations,Operations Executive,B.Tech,3,53257,Jaipur,2015-02-08,No,1,No
3206,Deepak Gupta,Female,29,IT,Analyst,MBA,3,70778,Jaipur,2020-03-03,No,1,Yes
3207,Neha Joshi,Male,42,HR,HR Executive,B.Com,13,72498,Chennai,2021-04-15,No,5,No
3208,Neha Verma,Male,47,Operations,Operations Executive,M.Com,18,82877,Noida,2022-10-28,No,4,No
3209,Vikas Singh,Male,40,Finance,Accountant,Graduate,15,90588,Ahmedabad,2022-10-01,Yes,2,Yes
3210,Priya Roy,Male,41,Marketing,Marketing Executive,B.Com,16,87386,Lucknow,2018-06-25,No,5,Yes
3211,Arjun Joshi,Male,34,Operations,Operations Executive,MBA,9,67952,Ahmedabad,2019-09-21,Yes,3,No
3212,Sonia Patel,Female,35,Sales,Sales Executive,B.Com,6,57525,Mumbai,2016-03-09,No,2,No
3213,Kiran Verma,Male,38,Sales,Sales Manager,Graduate,17,86662,Noida,2016-03-11,No,4,No
3214,Kiran Mehta,Male,43,Operations,Supervisor,B.Tech,17,83321,Pune,2016-02-05,Yes,5,No
3215,Mohit Gupta,Female,36,HR,HR Executive,B.Com,10,63565,Jaipur,2020-04-10,No,1,Yes
3216,Mohit Joshi,Male,34,Operations,Operations Executive,Graduate,9,68991,Ahmedabad,2023-03-07,No,5,No
3217,Priya Joshi,Male,43,Finance,Financial Analyst,MBA,20,105384,Jaipur,2015-09-30,No,1,Yes
3218,Amit Kumar,Female,27,Finance,Financial Analyst,MBA,0,52229,Mumbai,2017-07-16,No,1,Yes
3219,Sonia Sharma,Male,29,Operations,Supervisor,MBA,5,51041,Mumbai,2023-11-18,No,5,No
3220,Arjun Patel,Male,33,Operations,Supervisor,B.Tech,7,59622,Mumbai,2021-02-07,Yes,3,No
3221,Amit Joshi,Female,41,Sales,Sales Manager,M.Com,17,85044,Jaipur,2024-01-25,Yes,1,Yes
3222,Rohan Sharma,Female,23,Sales,Sales Manager,Graduate,2,53433,Bengaluru,2018-10-09,No,4,No
3223,Sneha Patel,Male,34,Finance,Accountant,B.Tech,11,86333,Lucknow,2020-03-29,No,5,No
3224,Arjun Singh,Male,49,HR,HR Executive,MBA,20,85914,Lucknow,2024-08-23,Yes,5,No
3225,Priya Roy,Male,39,Finance,Financial Analyst,M.Com,10,79377,Jaipur,2022-02-10,Yes,2,No
3226,Neha Singh,Female,42,Marketing,Marketing Executive,B.Com,13,78338,Delhi,2016-01-18,No,2,No
3227,Vikas Yadav,Male,31,Marketing,Marketing Executive,B.Com,7,62577,Pune,2018-04-19,No,3,No
3228,Rohan Verma,Male,36,Sales,Sales Manager,B.Tech,13,75802,Noida,2017-07-31,No,3,No
3229,Sonia Patel,Female,42,Operations,Operations Executive,B.Tech,16,84146,Pune,2019-11-16,Yes,5,No
3230,Anjali Patel,Male,39,Operations,Operations Executive,B.Tech,17,85786,Delhi,2018-11-08,No,5,No
3231,Nisha Roy,Female,33,Marketing,Marketing Executive,MBA,11,79665,Chennai,2021-10-29,No,5,No
3232,Vikas Gupta,Female,45,Finance,Accountant,B.Tech,19,102142,Ahmedabad,2024-05-31,No,3,No
3233,Rohan Kumar,Female,45,HR,Recruiter,MBA,17,80799,Bengaluru,2021-08-08,No,1,Yes
3234,Anjali Sharma,Female,49,Sales,Sales Manager,Graduate,19,94085,Ahmedabad,2020-01-18,Yes,4,No
3235,Nisha Singh,Female,40,Operations,Operations Executive,Graduate,20,94098,Pune,2021-12-19,No,5,Yes
3236,Kiran Gupta,Female,35,Marketing,Marketing Executive,B.Tech,8,64681,Noida,2019-09-12,No,3,No
3237,Priya Patel,Male,42,Marketing,Marketing Executive,B.Tech,16,83327,Chennai,2017-12-04,No,1,Yes
3238,Sonia Sharma,Female,42,Operations,Supervisor,M.Com,13,77972,Jaipur,2018-02-13,No,3,Yes
3239,Nisha Kumar,Female,41,Operations,Supervisor,Graduate,18,89937,Ahmedabad,2022-12-26,Yes,3,No
3240,Sneha Sharma,Male,46,Operations,Operations Executive,B.Com,17,82249,Lucknow,2015-05-17,Yes,3,No
3241,Arjun Yadav,Male,41,Operations,Operations Executive,B.Com,15,77325,Bengaluru,2023-11-09,Yes,4,No
3242,Kiran Singh,Male,33,Marketing,Marketing Executive,Graduate,7,69663,Mumbai,2017-06-23,No,1,No
3243,Amit Patel,Male,46,Finance,Financial Analyst,MBA,17,98682,Ahmedabad,2021-11-05,No,5,No
3244,Rahul Sharma,Female,39,Finance,Accountant,M.Com,11,83661,Pune,2018-09-03,Yes,4,Yes
3245,Kiran Verma,Female,39,Sales,Sales Executive,Graduate,9,67108,Kolkata,2021-09-14,No,2,No
3246,Anjali Sharma,Male,27,HR,Recruiter,MBA,4,48642,Noida,2019-09-24,No,3,No
3247,Nisha Kumar,Female,33,Finance,Financial Analyst,MBA,9,78354,Jaipur,2022-07-28,Yes,4,No
3248,Deepak Roy,Female,42,Finance,Financial Analyst,M.Com,17,93174,Lucknow,2024-12-10,No,5,No
3249,Deepak Verma,Female,38,Marketing,SEO Specialist,M.Com,8,67699,Bengaluru,2016-07-20,No,2,No
3250,Deepak Kumar,Female,34,HR,HR Executive,M.Com,7,58878,Jaipur,2015-04-13,No,4,No
3251,Sneha Roy,Male,32,Finance,Accountant,MBA,11,82548,Delhi,2015-12-28,Yes,5,No
3252,Vikas Gupta,Female,38,Marketing,Marketing Executive,MBA,18,88529,Bengaluru,2019-08-03,Yes,1,No
3253,Sneha Verma,Female,33,Operations,Supervisor,MBA,8,61000,Pune,2022-05-05,No,5,No
3254,Deepak Sharma,Male,30,Operations,Supervisor,M.Com,4,54042,Delhi,2022-07-11,No,1,No
3255,Deepak Yadav,Female,23,Marketing,Marketing Executive,Graduate,2,48981,Chennai,2023-06-14,No,2,No
3256,Mohit Singh,Male,47,Operations,Supervisor,B.Com,19,93801,Pune,2015-11-26,No,5,No
3257,Vikas Singh,Female,38,Operations,Supervisor,B.Com,14,78582,Ahmedabad,2020-04-10,No,4,Yes
3258,Mohit Kumar,Female,24,Operations,Operations Executive,B.Tech,0,44562,Mumbai,2022-07-12,No,5,No
3259,Rohan Kumar,Male,37,Sales,Sales Executive,MBA,12,79836,Delhi,2021-12-09,No,5,No
3260,Sneha Patel,Male,34,Operations,Supervisor,MBA,5,52546,Chennai,2018-03-16,No,4,No
3261,Mohit Yadav,Male,35,Marketing,SEO Specialist,Graduate,13,78048,Bengaluru,2017-06-04,Yes,1,Yes
3262,Rahul Patel,Female,36,Finance,Financial Analyst,B.Tech,9,76491,Bengaluru,2023-03-23,Yes,2,No
3263,Nisha Kumar,Male,23,IT,QA Engineer,MBA,0,65362,Kolkata,2016-02-27,No,5,No
3264,Vikas Patel,Female,43,Finance,Financial Analyst,M.Com,20,105854,Bengaluru,2024-08-21,No,1,No
3265,Sneha Mehta,Male,27,HR,Recruiter,MBA,6,53335,Bengaluru,2015-02-05,No,3,Yes
3266,Arjun Kumar,Female,38,Finance,Accountant,M.Com,10,76286,Kolkata,2020-11-29,No,3,No
3267,Nisha Kumar,Male,35,Marketing,SEO Specialist,B.Tech,10,68948,Lucknow,2022-08-06,No,5,No
3268,Mohit Verma,Male,29,Marketing,Marketing Executive,B.Com,3,58048,Pune,2016-12-29,No,3,No
3269,Priya Mehta,Male,46,Sales,Sales Executive,B.Tech,17,84002,Jaipur,2023-03-19,No,5,No
3270,Pooja Roy,Female,30,IT,QA Engineer,MBA,8,89940,Delhi,2022-09-23,Yes,2,Yes
3271,Rohan Singh,Male,25,Marketing,Marketing Executive,B.Tech,3,51537,Jaipur,2020-04-18,No,5,No
3272,Neha Gupta,Male,29,HR,HR Executive,Graduate,6,51373,Pune,2017-03-12,Yes,3,No
3273,Nisha Sharma,Male,33,HR,Recruiter,B.Tech,9,57668,Chennai,2022-12-27,Yes,4,No
3274,Priya Patel,Female,39,Marketing,SEO Specialist,B.Tech,9,70625,Noida,2022-12-09,No,3,No
3275,Sneha Kumar,Female,34,Marketing,Marketing Executive,M.Com,5,65183,Bengaluru,2021-11-19,No,1,Yes
3276,Arjun Yadav,Female,31,Operations,Operations Executive,Graduate,2,43687,Delhi,2016-03-04,No,1,Yes
3277,Vikas Mehta,Male,46,Operations,Operations Executive,MBA,16,79169,Noida,2019-07-15,No,2,No
3278,Rahul Sharma,Female,40,Operations,Operations Executive,B.Tech,15,81088,Ahmedabad,2023-09-27,No,2,No
3279,Anjali Kumar,Female,22,Marketing,Marketing Executive,B.Com,2,48182,Ahmedabad,2016-07-23,No,3,No
3280,Mohit Gupta,Female,28,HR,Recruiter,MBA,6,52388,Bengaluru,2020-03-12,No,1,Yes
3281,Sneha Mehta,Male,44,IT,QA Engineer,Graduate,17,104500,Mumbai,2023-01-16,Yes,2,No
3282,Rohan Sharma,Male,42,Operations,Supervisor,B.Tech,16,77261,Bengaluru,2016-12-11,No,4,Yes
3283,Rohan Singh,Male,35,Finance,Financial Analyst,M.Com,8,76539,Jaipur,2021-07-01,Yes,5,No
3284,Priya Mehta,Male,31,Operations,Supervisor,B.Com,8,57577,Kolkata,2019-11-03,No,1,No
3285,Neha Verma,Male,40,Marketing,SEO Specialist,Graduate,14,83694,Jaipur,2021-11-17,No,4,No
3286,Mohit Yadav,Male,26,Operations,Operations Executive,B.Tech,4,56692,Ahmedabad,2023-12-19,No,1,No
3287,Sneha Singh,Male,38,Marketing,SEO Specialist,B.Com,8,70327,Chennai,2015-03-10,Yes,1,No
3288,Rohan Roy,Male,35,Sales,Sales Executive,B.Tech,7,60260,Pune,2022-12-23,Yes,5,No
3289,Priya Sharma,Female,36,Sales,Sales Manager,MBA,14,84188,Mumbai,2019-08-02,No,2,No
3290,Deepak Mehta,Female,39,Operations,Supervisor,B.Tech,12,67128,Jaipur,2020-10-18,No,5,No
3291,Deepak Kumar,Male,33,Operations,Operations Executive,B.Com,4,49732,Delhi,2022-06-06,No,3,No
3292,Vikas Mehta,Female,39,HR,Recruiter,M.Com,16,77527,Ahmedabad,2020-09-19,Yes,2,Yes
3293,Anjali Patel,Male,47,Finance,Financial Analyst,B.Com,20,108231,Lucknow,2021-03-09,Yes,1,No
3294,Sneha Gupta,Female,40,Marketing,SEO Specialist,B.Com,15,82901,Mumbai,2015-11-29,No,1,Yes
3295,Kiran Patel,Male,46,Marketing,SEO Specialist,MBA,19,94998,Jaipur,2015-12-23,No,5,No
3296,Rohan Joshi,Male,31,Finance,Financial Analyst,B.Tech,10,76930,Lucknow,2018-10-02,Yes,5,No
3297,Priya Sharma,Female,41,HR,HR Executive,B.Com,11,69640,Pune,2019-12-10,No,3,No
3298,Sonia Gupta,Male,38,Sales,Sales Manager,MBA,16,80999,Mumbai,2015-06-04,Yes,1,Yes
3299,Rohan Joshi,Male,26,Sales,Sales Executive,M.Com,4,58590,Jaipur,2023-11-18,No,3,No
3300,Neha Mehta,Male,37,Finance,Accountant,B.Tech,17,101801,Delhi,2022-10-14,Yes,5,No
3301,Anjali Verma,Male,30,IT,Analyst,B.Com,6,84069,Jaipur,2024-10-05,No,1,Yes
3302,Priya Joshi,Female,36,Finance,Accountant,M.Com,15,93167,Delhi,2015-03-06,Yes,3,No
3303,Arjun Gupta,Male,40,Marketing,Marketing Executive,M.Com,13,79879,Bengaluru,2016-07-11,Yes,4,No
3304,Vikas Roy,Female,39,Marketing,Marketing Executive,B.Com,18,89754,Lucknow,2024-03-16,No,5,No
3305,Mohit Verma,Male,23,Operations,Operations Executive,M.Com,1,40900,Ahmedabad,2023-02-07,No,3,No
3306,Vikas Roy,Female,38,Sales,Sales Manager,B.Tech,10,67273,Jaipur,2017-06-10,Yes,1,No
3307,Pooja Mehta,Male,42,HR,HR Executive,M.Com,14,79986,Ahmedabad,2023-10-06,Yes,1,No
3308,Pooja Kumar,Female,32,Sales,Sales Manager,MBA,11,70009,Noida,2016-01-29,Yes,5,No
3309,Arjun Joshi,Female,37,Finance,Financial Analyst,B.Tech,8,78871,Ahmedabad,2023-10-03,Yes,2,No
3310,Sneha Patel,Female,38,Finance,Financial Analyst,MBA,13,88713,Bengaluru,2015-03-18,Yes,3,No
3311,Rahul Sharma,Male,41,IT,QA Engineer,B.Tech,13,100212,Chennai,2023-12-24,No,4,No
3312,Anjali Singh,Female,41,HR,HR Executive,Graduate,15,76448,Noida,2019-01-14,Yes,3,No
3313,Priya Singh,Female,40,HR,Recruiter,B.Com,10,64133,Ahmedabad,2018-03-24,Yes,4,No
3314,Rohan Singh,Female,30,IT,Developer,B.Tech,5,78484,Bengaluru,2018-10-11,No,4,No
3315,Anjali Verma,Female,47,Operations,Supervisor,MBA,20,92062,Pune,2022-04-11,Yes,1,Yes
3316,Anjali Joshi,Female,42,IT,Analyst,M.Com,17,108609,Lucknow,2022-07-24,No,3,No
3317,Arjun Singh,Female,33,Marketing,Marketing Executive,M.Com,3,57197,Mumbai,2023-10-31,No,4,Yes
3318,Vikas Joshi,Female,36,IT,Analyst,Graduate,6,79947,Bengaluru,2016-02-21,Yes,4,Yes
3319,Rohan Singh,Male,45,Operations,Supervisor,B.Tech,15,84164,Chennai,2022-10-11,No,4,No
3320,Amit Singh,Female,29,Sales,Sales Manager,Graduate,1,46051,Pune,2019-03-08,No,4,No
3321,Sonia Singh,Male,33,Marketing,SEO Specialist,Graduate,12,73316,Jaipur,2015-05-08,No,1,Yes
3322,Mohit Gupta,Male,48,Finance,Financial Analyst,Graduate,18,99418,Jaipur,2022-11-10,No,5,Yes
3323,Anjali Yadav,Female,25,Operations,Operations Executive,B.Tech,4,52982,Pune,2017-08-26,No,5,No
3324,Amit Roy,Female,38,Finance,Accountant,MBA,15,93529,Kolkata,2015-07-06,No,3,No
3325,Pooja Sharma,Male,30,Marketing,Marketing Executive,B.Tech,6,59398,Pune,2016-03-12,Yes,2,Yes
3326,Vikas Yadav,Male,46,HR,HR Executive,B.Tech,19,87577,Ahmedabad,2021-11-21,Yes,2,Yes
3327,Arjun Sharma,Male,44,Operations,Supervisor,MBA,18,89235,Lucknow,2017-03-13,No,1,No
3328,Rahul Yadav,Female,38,Operations,Operations Executive,M.Com,13,78686,Chennai,2016-12-14,Yes,2,Yes
3329,Neha Kumar,Male,24,Sales,Sales Executive,MBA,2,53299,Mumbai,2021-07-17,No,5,No
3330,Pooja Roy,Male,38,HR,HR Executive,B.Tech,8,57726,Chennai,2015-12-05,No,3,No
3331,Rahul Gupta,Male,37,Sales,Sales Manager,B.Tech,12,77397,Bengaluru,2019-03-05,Yes,3,No
3332,Neha Verma,Female,31,HR,Recruiter,M.Com,3,44098,Pune,2023-07-29,No,5,No
3333,Kiran Joshi,Male,30,Marketing,Marketing Executive,M.Com,0,48539,Jaipur,2021-03-13,No,2,Yes
3334,Arjun Kumar,Female,30,Marketing,Marketing Executive,Graduate,9,74299,Noida,2017-12-01,No,3,No
3335,Rahul Roy,Male,39,Sales,Sales Executive,B.Com,16,83249,Pune,2016-02-04,No,2,Yes
3336,Nisha Patel,Female,23,Finance,Financial Analyst,M.Com,0,50026,Delhi,2023-09-21,No,5,No
3337,Vikas Kumar,Female,38,Operations,Supervisor,Graduate,18,88910,Ahmedabad,2017-08-29,No,4,No
3338,Rohan Mehta,Male,47,Finance,Financial Analyst,B.Com,20,101076,Delhi,2016-08-26,Yes,4,No
3339,Vikas Patel,Male,30,Operations,Supervisor,M.Com,9,67708,Bengaluru,2017-07-15,Yes,4,No
3340,Pooja Sharma,Male,40,Marketing,SEO Specialist,B.Tech,13,80390,Chennai,2023-01-19,Yes,1,No
3341,Kiran Joshi,Male,45,HR,Recruiter,Graduate,18,80253,Noida,2022-06-04,Yes,2,Yes
3342,Pooja Yadav,Male,27,Marketing,SEO Specialist,Graduate,2,57152,Ahmedabad,2019-06-15,No,5,No
3343,Kiran Kumar,Female,26,Sales,Sales Manager,MBA,5,57941,Jaipur,2017-10-16,No,2,Yes
3344,Mohit Mehta,Male,26,HR,Recruiter,B.Tech,4,46852,Bengaluru,2023-06-27,No,4,No
3345,Sonia Mehta,Male,22,Marketing,SEO Specialist,MBA,0,52887,Chennai,2019-02-16,No,2,Yes
3346,Deepak Singh,Female,22,Operations,Supervisor,B.Tech,2,48688,Lucknow,2024-12-05,No,3,No
3347,Rohan Sharma,Male,41,Sales,Sales Executive,MBA,12,73566,Kolkata,2023-03-28,No,3,No
3348,Pooja Joshi,Female,27,IT,Developer,MBA,6,84361,Lucknow,2021-07-15,No,3,No
3349,Amit Gupta,Male,35,Marketing,SEO Specialist,B.Com,14,86073,Ahmedabad,2015-04-20,No,4,No
3350,Sneha Singh,Male,42,HR,Recruiter,B.Tech,18,81207,Kolkata,2019-04-14,No,2,Yes
3351,Neha Mehta,Female,50,IT,Analyst,M.Com,20,119097,Ahmedabad,2019-04-27,Yes,5,No
3352,Arjun Verma,Female,33,Finance,Accountant,M.Com,13,82653,Pune,2022-05-11,Yes,4,No
3353,Sneha Roy,Female,30,HR,Recruiter,B.Tech,7,55400,Noida,2024-04-17,Yes,3,No
3354,Kiran Verma,Female,37,HR,HR Executive,B.Com,9,62102,Noida,2022-11-10,No,5,No
3355,Deepak Joshi,Female,32,Sales,Sales Manager,M.Com,12,75585,Jaipur,2021-08-31,Yes,3,No
3356,Vikas Patel,Female,24,HR,Recruiter,B.Tech,3,43339,Bengaluru,2021-06-17,No,4,No
3357,Rahul Yadav,Male,37,Operations,Operations Executive,B.Tech,11,70093,Kolkata,2020-02-11,No,4,No
3358,Mohit Gupta,Female,38,Sales,Sales Manager,Graduate,8,60405,Jaipur,2022-09-07,Yes,2,No
3359,Amit Joshi,Female,47,Finance,Financial Analyst,M.Com,18,97981,Ahmedabad,2019-08-06,No,4,Yes
3360,Rahul Yadav,Female,44,Finance,Accountant,M.Com,19,105174,Ahmedabad,2024-04-03,No,1,No
3361,Sneha Singh,Male,32,Marketing,Marketing Executive,B.Com,5,56642,Chennai,2019-11-29,No,1,Yes
3362,Rohan Verma,Male,27,Finance,Accountant,MBA,5,63032,Pune,2022-04-29,No,4,No
3363,Sonia Yadav,Male,27,Operations,Operations Executive,M.Com,7,56844,Chennai,2019-04-02,Yes,2,No
3364,Anjali Mehta,Female,37,Sales,Sales Manager,B.Tech,7,57537,Mumbai,2017-02-20,No,4,No
3365,Amit Yadav,Male,30,Marketing,SEO Specialist,B.Tech,9,67737,Kolkata,2024-05-11,No,5,No
3366,Pooja Mehta,Male,34,Marketing,Marketing Executive,B.Tech,10,76711,Mumbai,2016-03-12,Yes,4,No
3367,Sonia Patel,Female,35,Sales,Sales Executive,B.Tech,11,69845,Lucknow,2019-12-24,Yes,5,No
3368,Amit Kumar,Female,43,HR,HR Executive,MBA,15,79451,Chennai,2021-02-07,No,5,No
3369,Mohit Yadav,Female,26,IT,Analyst,MBA,5,76581,Chennai,2016-01-17,No,1,Yes
3370,Nisha Mehta,Male,32,Marketing,SEO Specialist,MBA,4,60732,Noida,2020-06-05,No,5,No
3371,Anjali Joshi,Male,29,Sales,Sales Manager,B.Tech,5,61796,Bengaluru,2016-12-12,No,3,No
3372,Amit Gupta,Male,33,HR,HR Executive,Graduate,13,71341,Mumbai,2020-04-13,No,2,No
3373,Kiran Sharma,Male,39,Marketing,Marketing Executive,M.Com,15,86045,Lucknow,2022-08-21,Yes,1,Yes
3374,Amit Patel,Male,35,Sales,Sales Manager,M.Com,11,68594,Mumbai,2016-07-17,No,4,No
3375,Rohan Patel,Female,40,Finance,Accountant,Graduate,10,75293,Pune,2022-08-19,Yes,1,Yes
3376,Priya Sharma,Male,32,Operations,Supervisor,B.Com,12,74885,Ahmedabad,2023-03-30,Yes,5,No
3377,Sonia Singh,Male,35,IT,Analyst,B.Tech,7,81041,Ahmedabad,2019-10-12,No,4,No
3378,Mohit Singh,Female,27,Marketing,SEO Specialist,Graduate,4,55204,Noida,2018-01-02,No,4,No
3379,Arjun Kumar,Female,22,Sales,Sales Executive,B.Com,1,51765,Mumbai,2024-07-01,No,4,No
3380,Mohit Gupta,Male,31,Sales,Sales Executive,MBA,2,47141,Pune,2021-04-22,No,1,Yes
3381,Sonia Roy,Male,33,Operations,Supervisor,B.Com,4,54372,Mumbai,2024-07-17,No,1,No
3382,Neha Yadav,Male,28,Marketing,Marketing Executive,B.Com,3,59274,Ahmedabad,2024-02-03,No,3,No
3383,Kiran Singh,Female,38,HR,Recruiter,MBA,9,60201,Bengaluru,2020-02-26,No,1,No
3384,Mohit Mehta,Male,37,Marketing,Marketing Executive,Graduate,14,87548,Mumbai,2021-09-28,Yes,4,No
3385,Anjali Kumar,Female,49,Sales,Sales Manager,B.Tech,20,97697,Pune,2019-11-14,No,4,No
3386,Pooja Yadav,Male,32,Operations,Supervisor,M.Com,9,65113,Noida,2020-07-22,No,3,No
3387,Pooja Joshi,Male,36,Sales,Sales Executive,MBA,12,73650,Bengaluru,2024-05-12,No,5,No
3388,Arjun Sharma,Male,40,Marketing,Marketing Executive,B.Com,20,97863,Bengaluru,2019-09-12,No,2,Yes
3389,Nisha Kumar,Female,40,HR,Recruiter,M.Com,19,89364,Mumbai,2016-06-06,No,3,No
3390,Pooja Singh,Male,35,IT,QA Engineer,B.Tech,11,97230,Delhi,2017-08-03,No,2,No
3391,Rahul Kumar,Female,32,HR,Recruiter,B.Tech,10,67647,Noida,2023-06-08,No,2,Yes
3392,Mohit Patel,Male,40,Sales,Sales Executive,B.Com,15,84399,Pune,2015-02-17,Yes,5,No
3393,Deepak Gupta,Male,39,IT,QA Engineer,M.Com,10,93642,Jaipur,2016-10-08,Yes,3,No
3394,Rahul Yadav,Male,42,Operations,Operations Executive,B.Tech,15,75850,Ahmedabad,2023-11-09,No,3,No
3395,Pooja Sharma,Male,33,Operations,Operations Executive,M.Com,7,59815,Bengaluru,2021-10-14,Yes,1,Yes
3396,Sneha Patel,Female,34,Finance,Accountant,B.Tech,13,87607,Mumbai,2017-10-18,No,3,No
3397,Kiran Yadav,Male,28,Operations,Supervisor,B.Tech,7,61062,Bengaluru,2022-11-29,Yes,5,No
3398,Rohan Gupta,Male,36,Marketing,Marketing Executive,B.Com,7,63718,Mumbai,2019-06-28,No,3,No
3399,Priya Mehta,Male,33,Operations,Operations Executive,MBA,11,72911,Pune,2020-02-14,Yes,4,No
3400,Amit Kumar,Male,38,HR,HR Executive,M.Com,15,77042,Bengaluru,2022-08-14,No,3,No
3401,Priya Roy,Female,27,HR,HR Executive,Graduate,5,52302,Pune,2015-03-30,No,4,No
3402,Sneha Singh,Male,31,IT,Developer,M.Com,11,92811,Noida,2024-03-18,Yes,1,Yes
3403,Rohan Kumar,Male,36,Sales,Sales Executive,B.Tech,11,76254,Lucknow,2017-12-28,No,4,Yes
3404,Rahul Gupta,Male,30,Finance,Accountant,B.Com,9,73789,Delhi,2019-03-05,Yes,5,No
3405,Nisha Sharma,Female,37,Finance,Financial Analyst,MBA,16,99607,Bengaluru,2024-12-07,No,1,No
3406,Sneha Roy,Female,29,Marketing,Marketing Executive,M.Com,8,70707,Jaipur,2023-06-26,No,1,Yes
3407,Neha Yadav,Female,33,IT,Developer,Graduate,5,74653,Kolkata,2015-03-13,No,3,No
3408,Vikas Singh,Female,37,Operations,Supervisor,Graduate,11,68390,Bengaluru,2015-01-04,No,3,No
3409,Arjun Yadav,Female,26,IT,QA Engineer,M.Com,1,72446,Ahmedabad,2020-08-13,No,5,No
3410,Neha Sharma,Male,32,HR,HR Executive,B.Tech,9,61035,Jaipur,2015-06-22,No,4,Yes
3411,Mohit Joshi,Male,23,Operations,Operations Executive,Graduate,3,48047,Bengaluru,2024-04-27,No,5,No
3412,Kiran Mehta,Female,29,Finance,Financial Analyst,Graduate,3,61482,Kolkata,2019-07-28,No,5,No
3413,Vikas Mehta,Female,37,Operations,Operations Executive,M.Com,11,74262,Ahmedabad,2019-04-13,No,1,No
3414,Kiran Mehta,Male,36,IT,Developer,B.Tech,16,100197,Ahmedabad,2016-10-03,No,4,No
3415,Kiran Sharma,Male,43,IT,QA Engineer,MBA,20,117505,Delhi,2020-03-24,Yes,2,Yes
3416,Arjun Patel,Male,46,Finance,Financial Analyst,B.Tech,19,106026,Chennai,2019-03-01,No,5,No
3417,Vikas Yadav,Male,32,Marketing,SEO Specialist,M.Com,6,65560,Lucknow,2021-04-30,No,1,Yes
3418,Sneha Joshi,Male,42,HR,Recruiter,M.Com,17,85551,Pune,2019-11-01,Yes,1,Yes
3419,Kiran Sharma,Male,28,Sales,Sales Executive,B.Tech,7,65753,Kolkata,2016-08-23,Yes,1,No
3420,Arjun Verma,Male,38,Sales,Sales Executive,M.Com,13,76004,Ahmedabad,2017-09-18,No,2,No
3421,Rohan Mehta,Female,44,Operations,Supervisor,MBA,17,81273,Delhi,2016-03-17,No,5,No
3422,Sneha Sharma,Female,28,HR,HR Executive,B.Tech,4,45943,Bengaluru,2018-04-03,No,2,No
3423,Pooja Roy,Male,29,Marketing,SEO Specialist,M.Com,1,46097,Pune,2021-03-05,No,5,No
3424,Sonia Patel,Male,43,Marketing,Marketing Executive,B.Com,16,85213,Pune,2015-02-24,Yes,3,No
3425,Rahul Joshi,Female,21,Operations,Supervisor,B.Com,1,39990,Pune,2017-07-04,No,5,Yes
3426,Sneha Patel,Female,39,HR,Recruiter,M.Com,15,74242,Mumbai,2022-03-22,No,4,No
3427,Rahul Gupta,Male,46,Marketing,Marketing Executive,M.Com,19,93689,Lucknow,2019-03-27,No,3,No
3428,Amit Gupta,Female,32,Operations,Supervisor,M.Com,12,67068,Ahmedabad,2017-07-08,Yes,2,Yes
3429,Deepak Patel,Male,30,HR,HR Executive,B.Com,5,48791,Mumbai,2023-04-06,No,3,No
3430,Deepak Kumar,Male,25,Marketing,Marketing Executive,B.Com,0,44137,Mumbai,2015-06-27,No,4,No
3431,Sonia Verma,Female,44,Finance,Financial Analyst,Graduate,16,94815,Lucknow,2021-07-18,No,3,No
3432,Rohan Kumar,Female,41,IT,Developer,MBA,15,102791,Mumbai,2018-02-28,No,5,No
3433,Priya Roy,Male,39,Sales,Sales Executive,M.Com,17,86613,Noida,2023-02-14,Yes,5,No
3434,Vikas Yadav,Male,31,Sales,Sales Executive,B.Tech,11,71208,Noida,2015-05-10,No,1,No
3435,Nisha Singh,Female,37,Marketing,Marketing Executive,Graduate,7,69900,Chennai,2017-12-16,Yes,4,Yes
3436,Vikas Mehta,Female,29,Marketing,Marketing Executive,B.Tech,4,59199,Noida,2018-05-29,No,5,No
3437,Neha Mehta,Male,31,HR,HR Executive,B.Tech,7,53786,Delhi,2020-10-13,No,3,No
3438,Rohan Patel,Male,25,Sales,Sales Manager,Graduate,2,47565,Kolkata,2019-12-28,No,3,No
3439,Neha Patel,Female,33,Sales,Sales Manager,B.Com,13,81880,Pune,2019-05-02,No,3,No
3440,Rohan Gupta,Female,23,HR,Recruiter,MBA,0,36713,Mumbai,2018-12-19,No,3,No
3441,Amit Verma,Female,40,Finance,Accountant,M.Com,10,82739,Bengaluru,2023-02-20,Yes,5,No
3442,Priya Joshi,Male,49,Sales,Sales Executive,MBA,19,97012,Jaipur,2015-01-16,No,5,No
3443,Amit Verma,Female,43,Operations,Operations Executive,M.Com,19,85957,Ahmedabad,2015-01-18,Yes,2,No
3444,Neha Sharma,Male,28,Sales,Sales Executive,Graduate,7,66618,Kolkata,2019-06-13,No,1,Yes
3445,Vikas Sharma,Male,42,Marketing,SEO Specialist,B.Tech,12,78444,Delhi,2018-08-12,Yes,3,No
3446,Sonia Joshi,Female,35,HR,Recruiter,B.Com,8,59761,Bengaluru,2024-10-31,No,5,No
3447,Amit Roy,Male,29,Marketing,SEO Specialist,Graduate,2,48198,Noida,2016-03-12,No,2,Yes
3448,Deepak Sharma,Male,38,Finance,Financial Analyst,B.Com,15,95372,Noida,2017-03-19,Yes,3,No
3449,Amit Patel,Male,29,HR,HR Executive,MBA,2,41746,Noida,2019-09-30,No,5,No
3450,Priya Verma,Female,33,Sales,Sales Executive,B.Com,9,63911,Bengaluru,2020-01-08,No,3,No
3451,Sonia Sharma,Female,44,Operations,Operations Executive,MBA,18,87610,Lucknow,2016-03-22,Yes,3,No
3452,Vikas Yadav,Male,21,IT,Analyst,MBA,0,65097,Jaipur,2021-07-26,No,5,No
3453,Pooja Patel,Male,32,Operations,Supervisor,MBA,3,52325,Bengaluru,2020-02-05,No,4,No
3454,Arjun Verma,Female,37,Marketing,Marketing Executive,M.Com,15,83712,Jaipur,2019-03-21,No,5,No
3455,Pooja Verma,Female,44,Marketing,Marketing Executive,M.Com,14,79515,Chennai,2017-09-15,No,3,No
3456,Deepak Verma,Female,34,Finance,Financial Analyst,M.Com,14,92052,Chennai,2016-02-19,No,1,Yes
3457,Nisha Gupta,Male,24,IT,Analyst,M.Com,3,73866,Bengaluru,2019-05-30,No,2,Yes
3458,Sneha Roy,Female,35,Finance,Accountant,MBA,6,73767,Chennai,2018-04-27,Yes,5,No
3459,Vikas Joshi,Female,31,Operations,Operations Executive,B.Tech,7,56667,Lucknow,2023-02-14,No,4,No
3460,Amit Sharma,Male,49,IT,QA Engineer,Graduate,19,108397,Noida,2019-05-15,No,3,Yes
3461,Priya Mehta,Female,22,Operations,Supervisor,B.Tech,1,44852,Chennai,2015-10-16,No,4,Yes
3462,Arjun Verma,Male,37,Operations,Supervisor,M.Com,16,79282,Chennai,2021-03-27,No,1,Yes
3463,Neha Sharma,Male,31,Marketing,SEO Specialist,B.Tech,1,54686,Kolkata,2017-03-16,No,4,No
3464,Kiran Yadav,Female,45,HR,HR Executive,B.Com,15,80138,Mumbai,2019-01-26,No,2,No
3465,Mohit Yadav,Male,30,IT,Analyst,Graduate,2,73961,Ahmedabad,2017-05-23,No,2,Yes
3466,Sonia Singh,Female,32,Finance,Financial Analyst,B.Com,2,58659,Pune,2019-08-21,No,1,Yes
3467,Rohan Sharma,Female,39,Finance,Accountant,MBA,16,95191,Pune,2020-03-09,Yes,5,No
3468,Nisha Yadav,Male,31,Marketing,SEO Specialist,Graduate,2,51737,Mumbai,2020-12-25,No,2,No
3469,Deepak Kumar,Female,42,Finance,Accountant,B.Tech,19,105054,Mumbai,2021-05-14,No,5,No
3470,Sonia Mehta,Female,37,Marketing,SEO Specialist,B.Com,13,79729,Noida,2017-10-14,Yes,3,No
3471,Pooja Mehta,Male,26,HR,HR Executive,B.Tech,2,43646,Kolkata,2017-11-20,No,2,Yes
3472,Sonia Yadav,Male,36,Finance,Accountant,M.Com,15,92971,Kolkata,2022-05-27,No,3,No
3473,Vikas Verma,Female,39,Finance,Financial Analyst,MBA,19,100313,Noida,2015-03-06,No,3,No
3474,Mohit Patel,Female,31,Finance,Accountant,B.Com,5,68976,Delhi,2017-02-18,No,1,Yes
3475,Kiran Roy,Male,44,IT,QA Engineer,MBA,19,113147,Chennai,2020-04-02,No,5,No
3476,Rohan Roy,Male,44,Sales,Sales Manager,Graduate,15,82674,Noida,2024-02-25,No,3,Yes
3477,Rahul Gupta,Female,45,HR,Recruiter,M.Com,15,76048,Jaipur,2017-06-13,No,4,No
3478,Priya Verma,Male,25,HR,HR Executive,Graduate,3,48476,Kolkata,2024-07-14,No,5,No
3479,Arjun Mehta,Female,37,HR,HR Executive,B.Com,11,66583,Ahmedabad,2016-11-11,Yes,1,No
3480,Neha Kumar,Male,26,IT,QA Engineer,M.Com,5,73144,Pune,2020-11-06,No,4,No
3481,Amit Singh,Male,38,Operations,Supervisor,Graduate,13,74261,Kolkata,2020-04-17,Yes,5,No
3482,Arjun Kumar,Female,32,Sales,Sales Manager,B.Com,4,57699,Jaipur,2015-10-12,No,3,No
3483,Sneha Singh,Female,46,IT,QA Engineer,Graduate,20,115345,Delhi,2018-09-02,No,1,Yes
3484,Kiran Kumar,Female,22,Sales,Sales Executive,M.Com,2,53409,Mumbai,2023-08-15,No,1,No
3485,Rahul Verma,Male,21,IT,Analyst,Graduate,1,65937,Mumbai,2020-01-25,No,4,Yes
3486,Priya Roy,Female,48,Operations,Supervisor,MBA,20,90783,Chennai,2016-08-06,Yes,1,No
3487,Kiran Yadav,Female,42,HR,HR Executive,Graduate,13,69819,Jaipur,2024-10-08,No,5,Yes
3488,Deepak Sharma,Male,45,Finance,Financial Analyst,B.Tech,19,106644,Bengaluru,2017-10-15,Yes,4,No
3489,Amit Sharma,Female,22,Sales,Sales Manager,B.Tech,2,51382,Lucknow,2017-12-16,No,1,Yes
3490,Pooja Yadav,Male,21,Marketing,Marketing Executive,B.Com,0,48393,Delhi,2018-05-11,No,1,Yes
3491,Arjun Joshi,Male,28,Marketing,SEO Specialist,B.Com,4,54571,Chennai,2018-07-25,No,1,Yes
3492,Rahul Verma,Female,34,Operations,Operations Executive,MBA,13,72697,Kolkata,2018-09-19,Yes,1,Yes
3493,Nisha Patel,Female,38,HR,HR Executive,B.Tech,10,68982,Ahmedabad,2017-08-20,No,2,No
3494,Neha Singh,Male,30,Finance,Financial Analyst,MBA,5,65751,Lucknow,2023-08-27,No,5,No
3495,Vikas Sharma,Male,46,Sales,Sales Executive,Graduate,16,87133,Ahmedabad,2021-03-11,No,2,Yes
3496,Kiran Joshi,Male,46,Sales,Sales Manager,Graduate,17,82806,Kolkata,2019-01-09,No,2,Yes
3497,Kiran Patel,Female,26,Finance,Financial Analyst,B.Com,2,57150,Mumbai,2019-02-16,No,2,No
3498,Neha Verma,Male,35,HR,Recruiter,B.Com,10,69232,Kolkata,2021-09-21,Yes,4,No
3499,Deepak Patel,Female,24,IT,Analyst,Graduate,0,65428,Noida,2016-08-07,No,4,No
3500,Nisha Sharma,Female,28,Finance,Accountant,B.Tech,0,59338,Mumbai,2021-05-25,No,3,No
3501,Amit Sharma,Female,26,IT,QA Engineer,MBA,3,70800,Bengaluru,2021-09-03,No,4,No
3502,Amit Roy,Male,43,Finance,Financial Analyst,M.Com,13,83652,Noida,2021-07-31,No,2,No
3503,Anjali Singh,Male,26,Operations,Supervisor,M.Com,3,53875,Delhi,2020-05-16,No,5,No
3504,Mohit Gupta,Male,34,IT,QA Engineer,B.Com,6,82958,Chennai,2024-11-23,No,5,No
3505,Vikas Verma,Female,40,Marketing,Marketing Executive,B.Com,12,74718,Delhi,2017-08-19,Yes,5,No
3506,Sonia Patel,Female,27,Operations,Supervisor,M.Com,0,40886,Bengaluru,2021-11-25,No,4,No
3507,Rahul Yadav,Female,29,Sales,Sales Manager,B.Tech,8,60708,Pune,2016-11-28,No,4,No
3508,Sneha Joshi,Male,39,Sales,Sales Executive,B.Com,14,84306,Kolkata,2017-11-27,No,1,Yes
3509,Sneha Mehta,Female,50,Sales,Sales Manager,M.Com,20,99301,Kolkata,2023-10-12,No,1,Yes
3510,Rohan Sharma,Male,40,IT,Analyst,MBA,15,104326,Delhi,2018-06-21,No,5,Yes
3511,Sneha Sharma,Male,50,Finance,Accountant,M.Com,20,101603,Kolkata,2024-11-14,Yes,4,No
3512,Rohan Sharma,Female,32,Marketing,Marketing Executive,MBA,6,67566,Jaipur,2022-12-24,Yes,2,Yes
3513,Priya Singh,Male,47,Marketing,Marketing Executive,M.Com,18,93571,Lucknow,2023-03-02,No,2,No
3514,Sonia Singh,Female,32,IT,Analyst,B.Com,5,76397,Ahmedabad,2022-12-21,No,3,No
3515,Anjali Singh,Female,37,IT,Analyst,M.Com,8,80878,Chennai,2018-01-02,Yes,2,Yes
3516,Amit Kumar,Female,30,Sales,Sales Executive,Graduate,1,46481,Jaipur,2018-11-12,No,3,No
3517,Pooja Patel,Female,39,HR,Recruiter,M.Com,15,73706,Noida,2023-11-22,Yes,2,Yes
3518,Anjali Sharma,Male,31,IT,Analyst,B.Tech,3,76735,Delhi,2022-02-13,No,2,No
3519,Sneha Yadav,Male,33,Finance,Financial Analyst,B.Tech,12,82520,Jaipur,2017-08-28,No,2,No
3520,Amit Kumar,Female,34,Marketing,SEO Specialist,MBA,11,70571,Lucknow,2018-10-25,Yes,3,No
3521,Nisha Verma,Female,27,Finance,Accountant,MBA,0,58166,Ahmedabad,2021-10-17,No,4,No
3522,Mohit Kumar,Male,35,Finance,Accountant,M.Com,6,74840,Chennai,2015-05-25,No,1,Yes
3523,Rahul Sharma,Male,30,Finance,Financial Analyst,B.Tech,4,69221,Lucknow,2022-09-09,No,1,Yes
3524,Arjun Roy,Female,26,Operations,Operations Executive,Graduate,0,38706,Lucknow,2015-06-02,No,4,No
3525,Rohan Patel,Male,25,Operations,Operations Executive,M.Com,3,45133,Jaipur,2024-07-06,No,1,Yes
3526,Arjun Verma,Male,37,Marketing,Marketing Executive,B.Com,15,82376,Noida,2022-04-12,Yes,4,No
3527,Deepak Gupta,Male,41,Operations,Operations Executive,Graduate,19,93969,Ahmedabad,2016-04-05,No,4,No
3528,Mohit Verma,Male,27,HR,Recruiter,M.Com,5,54346,Bengaluru,2016-05-30,No,1,No
3529,Sonia Kumar,Female,34,IT,QA Engineer,MBA,14,100170,Delhi,2023-03-31,Yes,3,No
3530,Rahul Yadav,Male,28,Finance,Accountant,B.Tech,6,67601,Bengaluru,2015-04-16,No,5,No
3531,Vikas Sharma,Female,38,Finance,Financial Analyst,Graduate,13,90745,Jaipur,2018-01-13,No,5,No
3532,Kiran Patel,Female,36,Sales,Sales Manager,M.Com,14,79211,Kolkata,2020-01-30,No,3,No
3533,Anjali Roy,Female,28,Marketing,Marketing Executive,M.Com,8,70233,Noida,2018-07-26,Yes,1,No
3534,Rahul Yadav,Female,47,IT,QA Engineer,Graduate,19,115694,Chennai,2021-02-13,No,5,No
3535,Amit Gupta,Male,38,IT,Developer,M.Com,16,106570,Noida,2019-11-28,Yes,1,No
3536,Sonia Verma,Male,42,Operations,Operations Executive,M.Com,16,77545,Jaipur,2021-02-01,No,3,No
3537,Nisha Kumar,Male,44,Sales,Sales Manager,MBA,15,83524,Kolkata,2017-02-20,No,1,Yes
3538,Pooja Joshi,Male,34,Operations,Operations Executive,B.Com,11,70612,Kolkata,2015-03-15,Yes,3,No
3539,Amit Mehta,Female,36,Operations,Supervisor,M.Com,8,57323,Noida,2016-04-30,No,5,No
3540,Anjali Patel,Male,25,Sales,Sales Executive,B.Tech,5,60356,Pune,2023-02-15,No,4,No
3541,Arjun Patel,Male,41,IT,Analyst,Graduate,13,101986,Delhi,2020-01-30,No,3,No
3542,Amit Singh,Female,23,Sales,Sales Manager,B.Com,2,45573,Lucknow,2015-07-29,No,5,No
3543,Pooja Roy,Female,25,HR,HR Executive,MBA,5,53598,Chennai,2022-06-17,No,1,Yes
3544,Rohan Roy,Female,22,IT,QA Engineer,B.Tech,1,62695,Pune,2019-02-01,No,2,No
3545,Sneha Kumar,Male,38,Marketing,SEO Specialist,B.Com,13,85248,Bengaluru,2023-07-11,Yes,4,No
3546,Anjali Patel,Male,42,Operations,Operations Executive,B.Tech,20,87920,Noida,2018-12-01,Yes,3,No
3547,Vikas Mehta,Female,34,IT,Developer,M.Com,7,81264,Delhi,2019-06-08,No,4,No
3548,Mohit Patel,Female,35,Marketing,SEO Specialist,B.Com,10,76133,Kolkata,2015-07-10,No,1,No
3549,Mohit Yadav,Female,32,HR,HR Executive,B.Tech,8,64637,Delhi,2024-03-10,Yes,5,Yes
3550,Priya Kumar,Female,38,Operations,Supervisor,B.Tech,11,68685,Pune,2021-06-23,No,3,No
3551,Kiran Sharma,Male,31,Sales,Sales Manager,Graduate,4,59685,Kolkata,2016-04-22,No,1,Yes
3552,Pooja Verma,Female,43,Sales,Sales Executive,Graduate,13,79451,Pune,2023-02-25,No,5,No
3553,Kiran Verma,Female,44,Sales,Sales Manager,B.Com,18,86929,Delhi,2022-05-23,Yes,5,No
3554,Arjun Kumar,Female,26,HR,HR Executive,B.Tech,4,51858,Lucknow,2021-11-28,No,3,No
3555,Kiran Joshi,Male,39,Sales,Sales Executive,Graduate,17,91911,Bengaluru,2023-11-17,No,5,No
3556,Pooja Verma,Male,37,Finance,Financial Analyst,Graduate,8,78844,Ahmedabad,2018-04-22,Yes,3,No
3557,Anjali Gupta,Male,41,Operations,Operations Executive,B.Tech,17,87273,Lucknow,2020-02-20,Yes,2,Yes
3558,Pooja Mehta,Female,41,IT,QA Engineer,M.Com,19,114443,Ahmedabad,2021-12-13,No,4,No
3559,Priya Patel,Male,33,Sales,Sales Executive,Graduate,9,67896,Chennai,2018-04-22,No,5,No
3560,Sneha Singh,Female,41,IT,QA Engineer,B.Com,18,111814,Pune,2022-10-19,Yes,1,No
3561,Sonia Patel,Female,35,Sales,Sales Manager,B.Com,12,78453,Pune,2018-02-15,Yes,5,Yes
3562,Kiran Verma,Male,37,Finance,Accountant,M.Com,11,79446,Delhi,2016-07-11,No,1,No
3563,Vikas Sharma,Male,38,Operations,Operations Executive,MBA,13,73634,Ahmedabad,2017-08-08,Yes,5,Yes
3564,Sonia Roy,Male,32,Operations,Operations Executive,B.Com,9,63564,Jaipur,2022-07-28,Yes,1,Yes
3565,Deepak Singh,Male,42,Operations,Operations Executive,MBA,20,91657,Noida,2019-09-10,No,3,No
3566,Nisha Yadav,Male,37,IT,Analyst,Graduate,17,110553,Lucknow,2020-06-22,No,5,No
3567,Sneha Patel,Female,34,Operations,Operations Executive,B.Com,9,67866,Delhi,2018-12-19,Yes,3,No
3568,Vikas Joshi,Female,48,IT,Developer,B.Tech,20,118556,Chennai,2016-12-02,Yes,2,Yes
3569,Kiran Mehta,Male,41,Sales,Sales Manager,M.Com,12,79924,Delhi,2020-08-16,Yes,5,No
3570,Neha Kumar,Female,24,Sales,Sales Executive,MBA,4,53973,Delhi,2016-11-17,No,1,No
3571,Mohit Yadav,Female,39,IT,Developer,M.Com,13,101068,Kolkata,2019-12-18,Yes,4,No
3572,Rahul Sharma,Male,32,Operations,Supervisor,M.Com,10,69720,Kolkata,2023-02-06,No,2,No
3573,Rohan Gupta,Male,35,IT,QA Engineer,B.Tech,8,81310,Ahmedabad,2017-07-21,No,1,Yes
3574,Anjali Sharma,Female,36,IT,Developer,B.Tech,10,87842,Lucknow,2024-05-30,No,2,No
3575,Priya Kumar,Female,38,IT,Developer,B.Com,10,90840,Lucknow,2016-05-30,Yes,5,No
3576,Sneha Gupta,Male,24,Finance,Financial Analyst,B.Tech,0,52674,Jaipur,2023-02-25,No,3,Yes
3577,Rohan Singh,Male,49,Marketing,Marketing Executive,M.Com,19,94152,Ahmedabad,2020-02-20,No,5,No
3578,Deepak Roy,Female,38,Marketing,Marketing Executive,B.Com,17,91393,Jaipur,2018-03-15,No,5,No
3579,Kiran Yadav,Female,41,Sales,Sales Manager,MBA,12,70166,Pune,2022-07-12,Yes,3,No
3580,Sneha Mehta,Female,34,IT,Analyst,M.Com,5,73655,Delhi,2021-10-02,No,2,Yes
3581,Rahul Yadav,Female,35,HR,Recruiter,Graduate,13,71418,Ahmedabad,2024-06-03,Yes,5,No
3582,Rahul Sharma,Male,30,Finance,Accountant,MBA,0,59095,Chennai,2015-08-31,No,5,No
3583,Rahul Mehta,Female,21,Marketing,Marketing Executive,MBA,0,46953,Lucknow,2024-09-21,No,5,No
3584,Mohit Sharma,Male,46,Finance,Accountant,B.Tech,17,93373,Pune,2015-11-07,No,3,No
3585,Anjali Kumar,Female,38,IT,QA Engineer,M.Com,14,98239,Noida,2022-02-17,Yes,3,No
3586,Sneha Roy,Female,37,Sales,Sales Manager,B.Com,12,79963,Lucknow,2022-10-25,Yes,4,No
3587,Rahul Joshi,Female,43,Marketing,Marketing Executive,M.Com,18,94026,Noida,2022-09-20,No,1,No
3588,Rahul Gupta,Female,41,Sales,Sales Executive,Graduate,16,84689,Ahmedabad,2022-09-25,No,1,No
3589,Pooja Kumar,Male,46,Operations,Operations Executive,B.Tech,16,85202,Lucknow,2016-01-30,No,2,Yes
3590,Anjali Yadav,Male,33,Finance,Financial Analyst,M.Com,9,77737,Pune,2023-11-08,Yes,2,Yes
3591,Arjun Verma,Female,44,HR,HR Executive,Graduate,16,77318,Mumbai,2023-03-05,Yes,3,No
3592,Pooja Patel,Male,33,Operations,Operations Executive,MBA,9,59657,Noida,2018-04-01,Yes,2,No
3593,Kiran Sharma,Male,26,Marketing,SEO Specialist,M.Com,1,48199,Chennai,2018-07-22,No,3,No
3594,Neha Mehta,Male,24,Sales,Sales Executive,Graduate,2,48877,Pune,2019-07-24,No,2,Yes
3595,Kiran Kumar,Female,31,Sales,Sales Manager,M.Com,7,65730,Kolkata,2021-09-26,Yes,3,No
3596,Sonia Singh,Male,24,Finance,Accountant,Graduate,2,63086,Mumbai,2016-06-10,No,2,Yes
3597,Mohit Sharma,Female,25,Marketing,Marketing Executive,B.Com,2,56232,Kolkata,2018-04-02,No,1,Yes
3598,Arjun Yadav,Female,29,Marketing,SEO Specialist,B.Tech,1,54429,Mumbai,2021-06-27,No,5,No
3599,Neha Verma,Male,32,IT,Developer,B.Tech,3,69264,Jaipur,2015-05-28,No,5,No
3600,Anjali Sharma,Female,27,Marketing,SEO Specialist,Graduate,6,65246,Ahmedabad,2024-09-03,Yes,2,Yes
3601,Nisha Mehta,Male,30,HR,Recruiter,B.Tech,0,38566,Delhi,2016-01-13,No,5,No
3602,Rohan Patel,Male,21,Sales,Sales Manager,M.Com,0,43918,Delhi,2024-12-13,No,2,Yes
3603,Deepak Roy,Male,26,Finance,Financial Analyst,B.Tech,2,63507,Mumbai,2018-11-13,No,4,No
3604,Neha Yadav,Male,47,Sales,Sales Executive,MBA,20,92490,Ahmedabad,2023-05-16,Yes,2,Yes
3605,Deepak Sharma,Female,37,Operations,Operations Executive,B.Com,16,78520,Chennai,2023-06-20,No,1,Yes
3606,Vikas Joshi,Female,26,Finance,Financial Analyst,M.Com,6,71955,Chennai,2018-11-15,Yes,4,No
3607,Kiran Gupta,Male,27,IT,QA Engineer,Graduate,4,73574,Delhi,2020-07-12,No,4,Yes
3608,Deepak Sharma,Male,36,Marketing,SEO Specialist,B.Tech,15,84994,Kolkata,2018-05-06,Yes,1,No
3609,Priya Roy,Male,33,Finance,Financial Analyst,B.Com,9,81375,Delhi,2022-04-20,No,5,No
3610,Arjun Gupta,Male,37,Marketing,SEO Specialist,B.Tech,15,82828,Lucknow,2021-01-27,Yes,5,No
3611,Priya Patel,Male,26,Sales,Sales Executive,MBA,3,49373,Jaipur,2023-10-07,No,5,No
3612,Rahul Verma,Male,45,Finance,Accountant,Graduate,17,95878,Bengaluru,2024-11-05,Yes,5,No
3613,Mohit Yadav,Female,33,Operations,Supervisor,B.Tech,7,58683,Noida,2019-09-21,Yes,4,No
3614,Sneha Kumar,Female,34,Finance,Financial Analyst,M.Com,7,68947,Jaipur,2020-02-17,Yes,2,Yes
3615,Neha Patel,Male,27,HR,Recruiter,Graduate,3,48371,Lucknow,2020-10-01,No,5,No
3616,Nisha Singh,Female,33,Finance,Accountant,M.Com,5,64347,Kolkata,2022-11-19,No,3,No
3617,Nisha Yadav,Male,24,Finance,Accountant,Graduate,3,62528,Kolkata,2024-08-22,No,4,No
3618,Vikas Gupta,Female,31,Marketing,SEO Specialist,MBA,5,55862,Jaipur,2022-12-15,No,3,No
3619,Anjali Roy,Male,33,Marketing,Marketing Executive,B.Tech,7,68799,Delhi,2024-06-25,No,3,No
3620,Arjun Yadav,Female,39,IT,Analyst,Graduate,9,86967,Delhi,2021-05-09,Yes,3,No
3621,Rahul Roy,Male,21,IT,Developer,MBA,0,61519,Kolkata,2022-03-20,No,5,No
3622,Kiran Verma,Female,45,Finance,Financial Analyst,B.Com,18,99375,Pune,2023-08-04,No,2,No
3623,Sonia Joshi,Male,41,Marketing,Marketing Executive,B.Tech,11,71406,Delhi,2020-01-22,No,5,No
3624,Neha Verma,Male,48,Operations,Supervisor,B.Tech,19,85893,Delhi,2015-05-16,No,4,No
3625,Amit Sharma,Female,36,IT,QA Engineer,M.Com,8,84126,Mumbai,2020-04-24,No,5,No
3626,Pooja Gupta,Male,43,Finance,Financial Analyst,B.Tech,18,104443,Chennai,2024-02-06,Yes,3,No
3627,Deepak Gupta,Female,38,Operations,Supervisor,MBA,12,76438,Ahmedabad,2023-04-27,No,3,No
3628,Arjun Roy,Male,33,Sales,Sales Executive,B.Tech,5,52627,Bengaluru,2023-04-30,No,1,Yes
3629,Deepak Yadav,Male,48,Finance,Accountant,B.Com,18,99662,Pune,2022-07-24,Yes,3,No
3630,Amit Singh,Male,37,IT,Analyst,Graduate,13,100927,Ahmedabad,2022-08-31,Yes,5,No
3631,Amit Patel,Male,25,Marketing,SEO Specialist,B.Com,3,55150,Bengaluru,2015-11-03,No,3,No
3632,Arjun Verma,Male,31,HR,Recruiter,MBA,9,61517,Kolkata,2023-10-30,No,3,No
3633,Nisha Kumar,Male,37,Finance,Financial Analyst,B.Tech,11,85559,Jaipur,2017-05-02,Yes,5,No
3634,Deepak Mehta,Male,47,Sales,Sales Manager,Graduate,20,97739,Kolkata,2024-11-27,No,1,No
3635,Neha Patel,Male,29,Marketing,SEO Specialist,B.Tech,8,63033,Bengaluru,2019-09-03,Yes,4,No
3636,Sneha Patel,Female,41,Finance,Accountant,B.Tech,20,101688,Ahmedabad,2023-07-03,Yes,5,No
3637,Rohan Mehta,Female,44,IT,QA Engineer,M.Com,16,105512,Ahmedabad,2022-07-03,No,2,Yes
3638,Sneha Verma,Male,28,HR,HR Executive,B.Tech,1,46680,Noida,2022-02-03,No,5,No
3639,Anjali Joshi,Female,32,IT,QA Engineer,Graduate,2,74091,Chennai,2016-11-10,No,1,No
3640,Deepak Joshi,Male,38,Finance,Financial Analyst,M.Com,12,80319,Noida,2017-04-12,No,2,No
3641,Arjun Roy,Male,35,Finance,Accountant,B.Com,9,81177,Delhi,2015-02-26,Yes,2,No
3642,Nisha Yadav,Female,24,Finance,Accountant,MBA,1,60485,Delhi,2020-12-01,No,5,No
3643,Arjun Yadav,Male,30,Finance,Financial Analyst,B.Tech,1,60935,Kolkata,2018-01-16,No,2,Yes
3644,Arjun Patel,Female,43,Finance,Financial Analyst,M.Com,13,85383,Lucknow,2020-04-28,Yes,5,No
3645,Sonia Joshi,Male,30,Finance,Accountant,B.Com,4,67715,Noida,2018-02-05,No,4,No
3646,Priya Patel,Male,42,Finance,Financial Analyst,MBA,18,103165,Mumbai,2024-01-17,Yes,4,No
3647,Priya Kumar,Male,31,HR,Recruiter,B.Tech,5,50441,Lucknow,2017-07-13,No,4,No
3648,Anjali Patel,Male,38,IT,Developer,M.Com,11,91148,Pune,2023-07-06,No,2,Yes
3649,Anjali Yadav,Female,28,Sales,Sales Manager,B.Tech,2,53436,Noida,2016-08-31,No,3,No
3650,Kiran Gupta,Male,38,IT,Developer,M.Com,10,88278,Jaipur,2015-04-12,No,4,No
3651,Rahul Mehta,Male,29,Marketing,SEO Specialist,M.Com,6,60228,Mumbai,2017-11-22,Yes,4,No
3652,Neha Sharma,Male,34,Marketing,Marketing Executive,MBA,7,62790,Ahmedabad,2018-10-12,Yes,2,Yes
3653,Rohan Sharma,Male,21,Operations,Operations Executive,M.Com,1,48400,Delhi,2022-05-06,No,5,No
3654,Mohit Patel,Male,29,Sales,Sales Manager,M.Com,6,58821,Noida,2024-02-03,No,2,No
3655,Anjali Singh,Male,41,IT,QA Engineer,B.Com,11,95476,Lucknow,2020-03-18,Yes,5,No
3656,Nisha Yadav,Male,30,Operations,Supervisor,B.Tech,3,51397,Lucknow,2021-01-22,No,5,No
3657,Anjali Joshi,Male,31,Sales,Sales Executive,M.Com,9,64070,Bengaluru,2023-11-17,No,3,No
3658,Mohit Mehta,Female,33,HR,Recruiter,B.Com,10,62383,Pune,2021-10-03,No,4,No
3659,Pooja Joshi,Female,32,Sales,Sales Manager,B.Com,4,59111,Pune,2017-06-24,No,2,No
3660,Sonia Joshi,Female,27,Operations,Supervisor,B.Tech,6,58099,Lucknow,2020-09-19,Yes,1,Yes
3661,Arjun Sharma,Female,22,HR,Recruiter,M.Com,0,40433,Pune,2019-11-15,No,1,Yes
3662,Priya Kumar,Female,41,Sales,Sales Manager,B.Com,15,85217,Noida,2020-12-18,No,1,No
3663,Vikas Kumar,Female,23,Operations,Operations Executive,Graduate,0,45646,Lucknow,2016-08-23,No,3,No
3664,Pooja Joshi,Male,44,Sales,Sales Manager,B.Com,18,88965,Lucknow,2019-08-26,No,4,No
3665,Vikas Gupta,Female,29,Marketing,SEO Specialist,B.Tech,9,68794,Pune,2023-05-06,Yes,5,No
3666,Amit Kumar,Male,35,HR,Recruiter,MBA,15,80913,Jaipur,2023-04-13,Yes,4,No
3667,Kiran Kumar,Male,35,Operations,Operations Executive,MBA,12,69748,Bengaluru,2020-03-04,No,3,No
3668,Pooja Singh,Male,38,Marketing,Marketing Executive,B.Com,14,87245,Delhi,2015-01-21,No,2,Yes
3669,Priya Kumar,Female,45,Sales,Sales Manager,B.Tech,17,89558,Bengaluru,2023-05-21,No,4,No
3670,Neha Roy,Female,46,Finance,Financial Analyst,Graduate,17,95739,Chennai,2022-01-24,No,4,No
3671,Nisha Gupta,Female,29,Operations,Operations Executive,Graduate,0,40241,Bengaluru,2019-08-27,No,4,No
3672,Nisha Roy,Female,38,Sales,Sales Executive,MBA,15,81954,Kolkata,2018-05-14,No,4,No
3673,Sneha Singh,Female,37,Finance,Accountant,M.Com,17,97834,Kolkata,2019-05-13,No,2,No
3674,Anjali Patel,Male,41,Sales,Sales Executive,B.Tech,14,76483,Lucknow,2020-08-20,No,5,No
3675,Kiran Gupta,Male,45,HR,HR Executive,MBA,19,90824,Pune,2019-06-07,No,3,No
3676,Rohan Verma,Male,45,HR,Recruiter,MBA,16,84694,Lucknow,2022-03-05,No,4,No
3677,Arjun Gupta,Male,42,Sales,Sales Manager,Graduate,16,89746,Pune,2024-03-13,Yes,3,No
3678,Vikas Joshi,Female,35,Marketing,SEO Specialist,M.Com,14,78083,Jaipur,2024-09-24,Yes,5,No
3679,Vikas Joshi,Female,38,HR,HR Executive,Graduate,9,58460,Jaipur,2018-02-05,Yes,2,Yes
3680,Kiran Joshi,Male,27,HR,Recruiter,B.Tech,5,49397,Lucknow,2023-06-18,No,3,Yes
3681,Neha Gupta,Female,41,Marketing,Marketing Executive,MBA,13,76649,Pune,2023-11-01,Yes,5,No
3682,Mohit Gupta,Male,32,Sales,Sales Manager,Graduate,4,56815,Delhi,2024-02-20,No,4,Yes
3683,Neha Kumar,Male,43,IT,Analyst,B.Tech,18,112895,Ahmedabad,2024-12-01,No,2,Yes
3684,Pooja Patel,Male,38,HR,HR Executive,MBA,17,83640,Jaipur,2022-05-03,No,5,Yes
3685,Deepak Joshi,Male,31,Operations,Supervisor,B.Com,11,70336,Ahmedabad,2024-02-12,Yes,3,No
3686,Pooja Kumar,Female,42,HR,HR Executive,MBA,16,83068,Kolkata,2022-03-14,No,1,Yes
3687,Deepak Kumar,Male,31,Operations,Operations Executive,MBA,11,72534,Bengaluru,2017-06-20,No,1,No
3688,Arjun Sharma,Male,33,Marketing,Marketing Executive,M.Com,11,72708,Noida,2017-12-22,No,1,No
3689,Mohit Sharma,Female,40,Finance,Financial Analyst,M.Com,15,96054,Noida,2020-01-13,Yes,5,No
3690,Neha Yadav,Female,31,HR,Recruiter,M.Com,5,49651,Noida,2019-05-10,No,1,No
3691,Mohit Singh,Male,24,IT,Developer,MBA,3,76582,Pune,2022-03-19,No,4,Yes
3692,Pooja Kumar,Female,48,Operations,Operations Executive,M.Com,19,88131,Mumbai,2021-07-18,Yes,2,Yes
3693,Deepak Sharma,Male,27,IT,QA Engineer,M.Com,3,73084,Noida,2022-05-19,No,5,No
3694,Rahul Sharma,Male,40,Marketing,Marketing Executive,M.Com,12,73793,Delhi,2015-12-31,Yes,3,No
3695,Rohan Patel,Male,29,Marketing,SEO Specialist,Graduate,3,54990,Kolkata,2023-08-15,No,1,No
3696,Rohan Yadav,Male,31,Operations,Supervisor,B.Tech,2,50184,Bengaluru,2024-01-08,No,1,Yes
3697,Vikas Kumar,Male,31,Marketing,SEO Specialist,B.Tech,11,77118,Lucknow,2024-04-17,No,1,No
3698,Anjali Patel,Male,42,Finance,Accountant,B.Com,13,91634,Bengaluru,2018-11-27,No,2,No
3699,Nisha Yadav,Female,31,HR,HR Executive,B.Tech,9,57763,Pune,2024-08-21,No,3,No
3700,Priya Sharma,Female,48,Operations,Operations Executive,M.Com,20,91712,Bengaluru,2015-12-17,Yes,4,No
3701,Nisha Mehta,Female,32,Finance,Financial Analyst,B.Com,4,66567,Delhi,2018-04-17,No,1,Yes
3702,Vikas Kumar,Female,34,IT,QA Engineer,B.Com,12,99973,Jaipur,2023-07-05,Yes,4,No
3703,Nisha Mehta,Female,23,Finance,Financial Analyst,M.Com,0,55053,Delhi,2018-01-11,No,5,No
3704,Rahul Singh,Male,37,HR,Recruiter,M.Com,12,71200,Mumbai,2018-04-24,No,2,No
3705,Rahul Gupta,Female,24,IT,QA Engineer,M.Com,2,70280,Delhi,2017-04-11,No,2,Yes
3706,Rahul Singh,Female,41,HR,Recruiter,Graduate,16,83560,Lucknow,2015-09-14,Yes,5,No
3707,Priya Singh,Male,30,IT,QA Engineer,B.Tech,0,65897,Lucknow,2023-08-10,No,2,Yes
3708,Rahul Singh,Male,25,Finance,Accountant,B.Com,0,53767,Noida,2017-09-19,No,3,No
3709,Rohan Sharma,Male,42,IT,QA Engineer,M.Com,18,109229,Kolkata,2022-10-31,Yes,2,No
3710,Amit Kumar,Female,31,IT,Developer,Graduate,8,87628,Jaipur,2022-09-23,No,4,No
3711,Mohit Singh,Male,27,Marketing,Marketing Executive,Graduate,4,54519,Chennai,2021-05-06,No,2,Yes
3712,Sonia Verma,Female,28,Finance,Financial Analyst,B.Tech,4,62664,Kolkata,2020-03-12,No,4,No
3713,Priya Roy,Male,38,Finance,Accountant,B.Tech,14,90682,Bengaluru,2018-05-15,No,2,Yes
3714,Mohit Mehta,Female,27,Sales,Sales Executive,B.Com,5,57774,Delhi,2015-10-04,No,2,Yes
3715,Mohit Roy,Male,24,Sales,Sales Executive,Graduate,1,46624,Bengaluru,2021-03-19,No,3,No
3716,Mohit Mehta,Male,39,Finance,Financial Analyst,B.Tech,12,87129,Lucknow,2020-12-20,No,4,No
3717,Arjun Verma,Male,43,Operations,Supervisor,B.Com,16,78294,Lucknow,2017-04-30,No,2,Yes
3718,Anjali Patel,Male,27,Marketing,Marketing Executive,B.Tech,6,64085,Bengaluru,2022-05-06,Yes,2,Yes
3719,Rahul Joshi,Female,30,IT,QA Engineer,M.Com,0,61995,Bengaluru,2018-03-18,No,1,No
3720,Neha Singh,Female,38,Sales,Sales Manager,MBA,14,79443,Pune,2021-11-13,No,2,Yes
3721,Sonia Sharma,Male,37,IT,QA Engineer,MBA,8,87387,Bengaluru,2016-01-13,No,2,No
3722,Deepak Mehta,Female,33,IT,QA Engineer,M.Com,9,92326,Noida,2021-02-01,No,5,No
3723,Neha Gupta,Male,44,Operations,Operations Executive,M.Com,16,85299,Chennai,2022-12-20,Yes,1,No
3724,Nisha Verma,Male,33,Sales,Sales Executive,Graduate,6,62161,Mumbai,2024-09-23,Yes,2,No
3725,Amit Patel,Female,28,IT,Analyst,MBA,5,82364,Noida,2015-06-17,No,3,No
3726,Rohan Sharma,Female,39,Sales,Sales Manager,Graduate,16,86493,Pune,2023-02-09,No,5,No
3727,Kiran Kumar,Female,38,Finance,Accountant,B.Com,12,85787,Mumbai,2020-01-15,No,4,Yes
3728,Deepak Mehta,Male,35,HR,Recruiter,B.Com,5,56327,Mumbai,2024-04-18,No,2,Yes
3729,Priya Sharma,Male,41,Finance,Financial Analyst,B.Tech,17,99714,Chennai,2017-06-01,No,2,Yes
3730,Mohit Gupta,Female,40,Finance,Accountant,Graduate,18,95601,Mumbai,2015-05-13,No,4,No
3731,Neha Mehta,Male,38,IT,QA Engineer,B.Tech,8,84335,Jaipur,2021-06-26,No,2,No
3732,Kiran Verma,Female,25,Sales,Sales Manager,B.Com,3,51782,Noida,2024-10-15,No,2,Yes
3733,Neha Yadav,Male,24,Finance,Financial Analyst,B.Com,0,59160,Lucknow,2020-12-06,No,2,No
3734,Anjali Joshi,Male,47,Sales,Sales Executive,Graduate,17,88599,Pune,2021-12-25,Yes,5,No
3735,Mohit Roy,Female,32,Finance,Financial Analyst,M.Com,6,70512,Lucknow,2020-03-04,No,5,No
3736,Anjali Patel,Male,31,Marketing,Marketing Executive,B.Com,6,67158,Lucknow,2018-06-18,No,4,Yes
3737,Deepak Kumar,Female,37,IT,Developer,MBA,17,111473,Chennai,2023-10-28,Yes,5,No
3738,Amit Singh,Male,30,Marketing,Marketing Executive,Graduate,0,51028,Pune,2024-09-16,No,4,No
3739,Rahul Verma,Female,28,Marketing,SEO Specialist,B.Tech,3,55545,Ahmedabad,2018-06-14,No,5,No
3740,Deepak Mehta,Male,26,Marketing,SEO Specialist,Graduate,5,59785,Jaipur,2015-12-23,No,5,No
3741,Sneha Roy,Male,43,Sales,Sales Executive,B.Com,14,75303,Delhi,2022-05-21,No,3,No
3742,Amit Joshi,Male,43,Finance,Financial Analyst,Graduate,14,94376,Delhi,2020-01-26,Yes,4,No
3743,Mohit Yadav,Female,33,IT,QA Engineer,B.Com,6,77968,Ahmedabad,2015-08-23,No,4,No
3744,Pooja Verma,Female,33,IT,Developer,M.Com,8,87683,Ahmedabad,2022-08-25,Yes,1,No
3745,Arjun Roy,Female,24,HR,HR Executive,MBA,3,47999,Jaipur,2016-01-28,No,3,No
3746,Sonia Singh,Female,44,HR,HR Executive,B.Com,18,88322,Lucknow,2021-01-04,No,3,No
3747,Deepak Verma,Female,46,Operations,Operations Executive,M.Com,19,87784,Bengaluru,2020-05-15,No,3,No
3748,Arjun Yadav,Female,35,Sales,Sales Manager,B.Com,15,80256,Jaipur,2024-06-01,No,4,No
3749,Anjali Singh,Female,38,Sales,Sales Manager,B.Tech,10,72281,Pune,2021-07-17,Yes,4,No
3750,Anjali Roy,Male,38,Sales,Sales Executive,B.Com,14,80238,Delhi,2019-02-02,Yes,1,No
3751,Sneha Sharma,Female,38,Marketing,Marketing Executive,M.Com,8,71588,Lucknow,2022-03-13,No,5,No
3752,Kiran Mehta,Male,37,Sales,Sales Manager,M.Com,17,90397,Chennai,2017-06-03,Yes,5,Yes
3753,Kiran Mehta,Female,34,IT,Developer,B.Tech,5,74480,Delhi,2019-04-05,No,2,Yes
3754,Priya Kumar,Female,34,Finance,Financial Analyst,Graduate,7,70924,Lucknow,2015-01-06,Yes,1,No
3755,Arjun Joshi,Female,23,HR,Recruiter,MBA,1,44178,Pune,2024-09-30,No,3,No
3756,Deepak Yadav,Female,39,Sales,Sales Executive,MBA,12,74606,Pune,2023-11-05,No,4,No
3757,Sonia Sharma,Male,38,IT,QA Engineer,B.Com,15,106845,Bengaluru,2021-09-01,Yes,5,No
3758,Arjun Joshi,Male,22,HR,Recruiter,Graduate,1,37846,Jaipur,2020-06-01,No,2,No
3759,Priya Sharma,Male,40,Sales,Sales Manager,Graduate,16,89697,Bengaluru,2017-04-08,No,4,No
3760,Deepak Gupta,Male,31,Sales,Sales Executive,B.Tech,6,62326,Mumbai,2020-12-03,No,3,No
3761,Vikas Roy,Female,23,Finance,Accountant,M.Com,1,60156,Noida,2020-04-10,No,1,No
3762,Pooja Singh,Male,47,Operations,Operations Executive,MBA,17,81461,Ahmedabad,2016-01-24,No,2,No
3763,Kiran Verma,Male,33,Finance,Accountant,M.Com,8,79801,Jaipur,2022-07-16,Yes,5,No
3764,Sonia Sharma,Male,34,Marketing,SEO Specialist,B.Tech,14,83479,Noida,2021-06-28,Yes,5,No
3765,Anjali Mehta,Female,37,HR,Recruiter,B.Com,13,68168,Pune,2017-04-19,No,4,Yes
3766,Arjun Patel,Female,31,HR,HR Executive,B.Tech,7,60979,Bengaluru,2024-09-17,Yes,3,No
3767,Neha Roy,Male,31,Marketing,Marketing Executive,M.Com,4,56026,Bengaluru,2015-02-10,No,5,Yes
3768,Rohan Patel,Female,28,IT,Developer,B.Com,2,73068,Kolkata,2021-12-31,No,5,No
3769,Anjali Gupta,Male,43,Operations,Supervisor,Graduate,18,91627,Lucknow,2022-01-06,No,2,Yes
3770,Nisha Kumar,Male,42,IT,QA Engineer,B.Com,13,93386,Chennai,2022-04-12,No,1,No
3771,Deepak Yadav,Female,35,Finance,Financial Analyst,B.Tech,12,83587,Delhi,2017-10-04,Yes,1,No
3772,Sonia Sharma,Female,27,IT,Developer,M.Com,0,69785,Pune,2018-12-17,No,5,No
3773,Amit Sharma,Female,21,IT,Analyst,MBA,0,62391,Pune,2016-01-18,No,5,No
3774,Mohit Singh,Female,39,HR,HR Executive,B.Com,17,78138,Pune,2015-08-16,Yes,4,No
3775,Anjali Roy,Female,35,HR,Recruiter,MBA,11,71194,Chennai,2020-10-15,Yes,3,No
3776,Sneha Singh,Male,28,Marketing,Marketing Executive,M.Com,4,58398,Mumbai,2024-04-22,No,3,No
3777,Deepak Singh,Female,34,Operations,Supervisor,MBA,6,54262,Lucknow,2021-07-31,No,4,No
3778,Nisha Gupta,Female,47,Sales,Sales Executive,MBA,20,96861,Delhi,2015-11-21,No,5,No
3779,Kiran Mehta,Female,32,Marketing,SEO Specialist,M.Com,3,57434,Noida,2018-05-27,No,5,No
3780,Kiran Sharma,Female,30,Operations,Operations Executive,B.Tech,10,66819,Bengaluru,2016-04-16,No,5,No
3781,Sneha Gupta,Female,29,Finance,Accountant,B.Tech,9,76388,Lucknow,2019-08-19,No,3,Yes
3782,Anjali Gupta,Female,37,Marketing,SEO Specialist,M.Com,16,84015,Ahmedabad,2016-09-16,Yes,5,No
3783,Rahul Verma,Male,42,Operations,Supervisor,MBA,15,78948,Bengaluru,2018-03-08,Yes,3,No
3784,Kiran Patel,Male,41,Operations,Supervisor,B.Tech,18,89905,Chennai,2020-07-14,Yes,5,No
3785,Vikas Yadav,Male,41,Sales,Sales Executive,MBA,17,91825,Chennai,2023-01-26,Yes,4,No
3786,Nisha Sharma,Female,43,Sales,Sales Executive,M.Com,13,80504,Jaipur,2017-06-24,Yes,1,Yes
3787,Anjali Kumar,Male,37,Finance,Financial Analyst,M.Com,8,70341,Lucknow,2023-09-13,No,4,No
3788,Nisha Sharma,Female,26,IT,Developer,B.Tech,2,71026,Bengaluru,2016-02-27,No,1,No
3789,Nisha Yadav,Female,38,Sales,Sales Executive,Graduate,10,68942,Jaipur,2018-10-09,No,3,No
3790,Mohit Sharma,Female,29,Marketing,SEO Specialist,Graduate,6,64111,Bengaluru,2019-08-26,No,4,No
3791,Neha Roy,Male,39,Operations,Operations Executive,B.Tech,18,82491,Lucknow,2018-04-18,No,5,No
3792,Priya Yadav,Male,43,Operations,Supervisor,Graduate,15,79760,Chennai,2020-02-15,No,2,Yes
3793,Arjun Sharma,Female,28,Operations,Operations Executive,Graduate,7,61385,Lucknow,2020-09-04,No,1,No
3794,Amit Kumar,Male,40,Sales,Sales Manager,B.Tech,17,92284,Delhi,2017-04-18,Yes,1,Yes
3795,Nisha Sharma,Male,42,HR,HR Executive,B.Com,19,86388,Kolkata,2015-06-24,No,2,No
3796,Mohit Singh,Female,42,Operations,Supervisor,M.Com,14,74778,Jaipur,2018-03-06,No,1,No
3797,Rahul Yadav,Female,31,Finance,Financial Analyst,B.Tech,7,69713,Ahmedabad,2017-01-30,No,1,No
3798,Arjun Mehta,Female,30,Sales,Sales Executive,MBA,4,55029,Ahmedabad,2017-11-21,No,3,No
3799,Arjun Mehta,Male,39,Marketing,SEO Specialist,M.Com,13,79425,Bengaluru,2020-10-23,No,4,No
3800,Nisha Patel,Female,48,Sales,Sales Manager,B.Com,19,90265,Pune,2015-12-28,Yes,3,No
3801,Priya Joshi,Male,44,Marketing,SEO Specialist,Graduate,19,94584,Mumbai,2018-06-27,Yes,1,No
3802,Vikas Yadav,Female,41,Operations,Operations Executive,Graduate,12,67182,Kolkata,2018-01-03,No,5,No
3803,Rohan Yadav,Male,33,IT,QA Engineer,M.Com,4,72390,Mumbai,2024-11-17,No,2,No
3804,Amit Yadav,Female,24,IT,QA Engineer,Graduate,1,70162,Pune,2022-12-05,No,2,Yes
3805,Nisha Patel,Male,40,Marketing,SEO Specialist,B.Tech,13,80428,Chennai,2017-09-28,No,5,No
3806,Deepak Roy,Female,40,Finance,Financial Analyst,B.Com,10,82362,Delhi,2023-11-14,No,4,No
3807,Arjun Patel,Female,36,HR,Recruiter,MBA,11,63599,Jaipur,2019-10-05,No,2,No
3808,Sneha Verma,Female,32,IT,Analyst,B.Tech,5,73096,Mumbai,2017-11-11,No,3,No
3809,Anjali Singh,Female,25,HR,Recruiter,MBA,1,39972,Delhi,2019-12-20,No,1,No
3810,Sonia Gupta,Male,31,IT,Analyst,B.Tech,10,94411,Noida,2022-05-16,No,1,No
3811,Nisha Kumar,Male,32,IT,Developer,B.Com,7,86467,Kolkata,2017-12-13,Yes,3,Yes
3812,Rahul Verma,Female,39,Finance,Accountant,B.Com,13,85855,Noida,2015-07-15,No,2,No
3813,Amit Gupta,Male,32,HR,HR Executive,MBA,12,73280,Chennai,2020-07-04,No,5,No
3814,Pooja Yadav,Female,40,HR,Recruiter,B.Com,16,80727,Chennai,2024-05-06,No,4,No
3815,Sonia Patel,Male,32,HR,HR Executive,B.Tech,10,67750,Kolkata,2016-01-27,No,1,No
3816,Neha Verma,Female,25,IT,Developer,M.Com,1,62602,Noida,2023-04-28,No,4,No
3817,Sonia Verma,Female,41,HR,Recruiter,Graduate,19,84792,Bengaluru,2018-03-23,No,1,Yes
3818,Priya Singh,Female,29,Finance,Accountant,M.Com,7,68216,Jaipur,2019-12-22,No,3,No
3819,Sneha Mehta,Female,37,Finance,Accountant,M.Com,11,78208,Mumbai,2019-08-23,Yes,2,Yes
3820,Arjun Verma,Male,39,Sales,Sales Manager,M.Com,14,80435,Delhi,2016-07-22,No,3,No
3821,Mohit Roy,Female,39,IT,Developer,M.Com,14,96847,Chennai,2023-05-24,No,1,Yes
3822,Anjali Joshi,Female,37,HR,HR Executive,MBA,10,61245,Pune,2024-07-11,No,1,No
3823,Kiran Joshi,Female,35,Sales,Sales Manager,Graduate,6,58762,Jaipur,2018-01-21,No,2,Yes
3824,Amit Kumar,Male,35,Sales,Sales Manager,MBA,15,84747,Jaipur,2016-03-19,Yes,5,No
3825,Pooja Sharma,Male,34,Operations,Operations Executive,Graduate,8,65656,Bengaluru,2023-04-16,No,3,No
3826,Amit Joshi,Male,41,HR,HR Executive,MBA,20,90291,Bengaluru,2018-07-18,Yes,3,No
3827,Kiran Gupta,Female,34,Finance,Financial Analyst,MBA,11,81174,Ahmedabad,2018-07-17,Yes,4,No
3828,Sonia Patel,Female,21,Operations,Operations Executive,M.Com,1,48964,Ahmedabad,2016-05-04,No,5,No
3829,Amit Singh,Female,50,HR,HR Executive,B.Tech,20,87403,Chennai,2018-01-09,No,1,Yes
3830,Anjali Mehta,Male,47,IT,Analyst,M.Com,17,106169,Kolkata,2020-04-11,No,2,No
3831,Kiran Verma,Female,40,HR,HR Executive,Graduate,14,79914,Noida,2016-01-22,Yes,4,No
3832,Anjali Joshi,Male,36,HR,HR Executive,M.Com,11,72161,Bengaluru,2017-10-10,No,1,No
3833,Vikas Gupta,Male,35,Operations,Supervisor,B.Tech,15,83005,Mumbai,2018-05-13,Yes,5,No
3834,Deepak Gupta,Female,39,Operations,Operations Executive,B.Com,10,65319,Bengaluru,2024-07-23,No,3,No
3835,Rahul Kumar,Female,25,Finance,Financial Analyst,Graduate,5,70183,Chennai,2018-08-05,No,5,No
3836,Sonia Singh,Female,31,Operations,Operations Executive,B.Com,5,49927,Jaipur,2022-05-17,No,2,No
3837,Vikas Sharma,Male,21,Marketing,Marketing Executive,B.Com,0,43432,Bengaluru,2023-11-02,No,5,No
3838,Rahul Roy,Male,28,Marketing,SEO Specialist,MBA,0,44101,Kolkata,2024-10-13,No,4,Yes
3839,Neha Patel,Male,41,HR,Recruiter,MBA,11,71083,Jaipur,2020-07-23,No,4,No
3840,Rohan Yadav,Female,25,Marketing,Marketing Executive,M.Com,4,54723,Ahmedabad,2022-04-06,No,5,No
3841,Pooja Kumar,Male,45,IT,Developer,Graduate,20,119742,Lucknow,2022-09-10,No,3,No
3842,Sonia Patel,Female,31,HR,HR Executive,B.Tech,6,56574,Delhi,2023-04-14,No,2,No
3843,Arjun Roy,Female,40,HR,HR Executive,B.Tech,15,74234,Kolkata,2024-02-02,Yes,4,No
3844,Anjali Roy,Female,39,HR,HR Executive,B.Tech,17,79351,Chennai,2020-01-15,Yes,4,No
3845,Sonia Singh,Female,40,Marketing,Marketing Executive,B.Tech,10,77012,Mumbai,2019-05-03,Yes,3,No
3846,Rahul Yadav,Male,31,HR,Recruiter,Graduate,2,43279,Chennai,2019-10-11,No,1,No
3847,Priya Singh,Male,44,HR,HR Executive,B.Com,18,89589,Ahmedabad,2022-08-10,Yes,5,No
3848,Sneha Verma,Female,26,Marketing,Marketing Executive,B.Tech,6,63258,Lucknow,2023-04-12,No,4,No
3849,Anjali Mehta,Female,35,IT,Developer,Graduate,13,93372,Mumbai,2020-07-03,No,2,No
3850,Neha Roy,Female,31,Marketing,Marketing Executive,B.Com,5,65181,Mumbai,2023-05-14,No,5,No
3851,Sneha Sharma,Female,33,IT,Developer,B.Com,4,73621,Bengaluru,2020-02-28,No,1,Yes
3852,Kiran Roy,Female,39,Operations,Operations Executive,M.Com,14,72908,Bengaluru,2022-05-28,No,3,No
3853,Sneha Verma,Male,24,IT,QA Engineer,Graduate,2,69935,Noida,2018-07-31,No,2,Yes
3854,Pooja Patel,Male,37,Operations,Operations Executive,MBA,10,67762,Jaipur,2016-10-08,No,1,No
3855,Pooja Singh,Male,38,Marketing,SEO Specialist,B.Com,11,76272,Jaipur,2017-03-18,No,4,No
3856,Priya Joshi,Female,28,Finance,Financial Analyst,B.Tech,0,58799,Noida,2019-06-26,No,3,No
3857,Rohan Joshi,Female,22,HR,HR Executive,B.Tech,2,44912,Bengaluru,2021-08-25,No,2,No
3858,Pooja Joshi,Female,25,Marketing,Marketing Executive,MBA,4,53022,Mumbai,2020-08-30,No,1,No
3859,Sonia Mehta,Female,41,Operations,Operations Executive,Graduate,18,88057,Noida,2020-12-05,Yes,4,No
3860,Deepak Yadav,Male,35,Sales,Sales Manager,MBA,15,80590,Jaipur,2022-03-18,Yes,3,No
3861,Deepak Verma,Male,34,IT,Analyst,B.Tech,9,87797,Jaipur,2016-12-29,Yes,3,No
3862,Sonia Roy,Male,27,Marketing,Marketing Executive,B.Tech,5,59595,Pune,2020-06-30,No,5,No
3863,Arjun Sharma,Female,38,Sales,Sales Executive,M.Com,12,71016,Delhi,2017-11-27,No,5,No
3864,Vikas Verma,Male,46,IT,Analyst,MBA,18,106261,Noida,2019-01-04,No,1,Yes
3865,Vikas Singh,Female,41,Sales,Sales Manager,B.Com,20,92905,Delhi,2020-06-20,No,1,No
3866,Priya Verma,Male,36,Marketing,SEO Specialist,M.Com,10,72146,Lucknow,2016-05-14,Yes,1,No
3867,Sneha Yadav,Male,22,Operations,Supervisor,B.Com,0,45485,Noida,2021-09-12,No,3,No
3868,Kiran Gupta,Male,49,Finance,Accountant,B.Tech,20,101620,Chennai,2021-05-06,No,3,No
3869,Pooja Joshi,Male,26,IT,QA Engineer,B.Tech,5,82082,Kolkata,2018-03-05,No,1,No
3870,Nisha Joshi,Female,30,HR,HR Executive,B.Com,9,62157,Noida,2019-01-22,No,1,No
3871,Deepak Sharma,Male,31,Sales,Sales Executive,M.Com,5,57766,Bengaluru,2016-05-09,No,2,Yes
3872,Vikas Gupta,Female,24,HR,Recruiter,B.Com,4,53291,Noida,2019-11-21,No,3,No
3873,Nisha Gupta,Female,39,Operations,Operations Executive,M.Com,17,87091,Bengaluru,2019-04-29,Yes,2,No
3874,Nisha Singh,Male,49,Sales,Sales Executive,MBA,20,92027,Delhi,2016-04-10,Yes,3,No
3875,Nisha Verma,Male,32,Marketing,SEO Specialist,MBA,10,71567,Kolkata,2020-12-25,No,1,Yes
3876,Deepak Singh,Female,22,Sales,Sales Executive,MBA,0,42417,Delhi,2019-05-29,No,3,No
3877,Deepak Roy,Male,33,IT,Analyst,M.Com,10,89147,Delhi,2023-12-21,Yes,2,Yes
3878,Kiran Yadav,Female,33,Sales,Sales Manager,B.Tech,4,53242,Delhi,2020-07-14,No,5,No
3879,Deepak Sharma,Female,42,Marketing,Marketing Executive,MBA,15,82696,Pune,2017-01-01,No,1,Yes
3880,Nisha Kumar,Female,26,Operations,Supervisor,M.Com,1,40696,Mumbai,2023-06-17,No,1,No
3881,Pooja Kumar,Male,30,Sales,Sales Manager,M.Com,8,67082,Pune,2023-05-10,Yes,3,No
3882,Nisha Yadav,Male,42,Marketing,Marketing Executive,MBA,17,88535,Ahmedabad,2023-12-01,No,2,No
3883,Rahul Verma,Female,46,Marketing,SEO Specialist,M.Com,20,101453,Pune,2015-06-12,No,1,Yes
3884,Arjun Joshi,Female,45,HR,HR Executive,Graduate,16,84864,Pune,2015-11-27,Yes,3,No
3885,Anjali Roy,Male,31,Sales,Sales Manager,Graduate,7,65160,Kolkata,2024-08-01,No,1,Yes
3886,Sonia Gupta,Male,38,Marketing,SEO Specialist,M.Com,9,70129,Kolkata,2019-06-25,No,5,No
3887,Neha Joshi,Female,35,Finance,Financial Analyst,B.Com,13,83658,Bengaluru,2021-06-28,Yes,2,Yes
3888,Kiran Sharma,Male,35,Operations,Supervisor,B.Com,11,67306,Noida,2017-03-14,Yes,2,No
3889,Amit Joshi,Male,30,Sales,Sales Manager,M.Com,9,72032,Bengaluru,2016-03-25,No,4,No
3890,Kiran Joshi,Female,33,Sales,Sales Executive,B.Tech,3,51274,Delhi,2023-06-25,No,4,No
3891,Priya Patel,Male,29,Sales,Sales Executive,M.Com,2,48888,Ahmedabad,2016-08-06,No,4,No
3892,Mohit Singh,Male,34,Marketing,SEO Specialist,Graduate,14,81255,Kolkata,2016-04-03,No,2,Yes
3893,Nisha Kumar,Female,49,Marketing,Marketing Executive,Graduate,20,96769,Mumbai,2019-12-21,Yes,3,No
3894,Rohan Joshi,Male,39,Finance,Accountant,MBA,10,81932,Noida,2015-10-16,No,2,No
3895,Sonia Joshi,Female,45,HR,Recruiter,Graduate,17,84098,Delhi,2023-08-08,Yes,2,Yes
3896,Kiran Singh,Female,38,IT,QA Engineer,Graduate,17,110846,Delhi,2021-02-19,Yes,1,Yes
3897,Mohit Singh,Male,30,IT,Analyst,Graduate,2,67507,Mumbai,2017-11-01,No,3,Yes
3898,Rahul Singh,Male,34,Marketing,SEO Specialist,B.Com,8,64026,Chennai,2019-12-31,No,4,No
3899,Rohan Verma,Female,35,Marketing,Marketing Executive,B.Tech,15,83934,Bengaluru,2022-06-13,No,2,No
3900,Rohan Yadav,Male,23,IT,Developer,Graduate,3,74239,Delhi,2015-07-04,No,3,Yes
3901,Pooja Patel,Female,30,Operations,Operations Executive,Graduate,9,62764,Ahmedabad,2023-05-11,Yes,1,Yes
3902,Rahul Singh,Female,34,IT,Analyst,M.Com,4,73801,Noida,2019-09-30,No,5,No
3903,Anjali Yadav,Female,45,Operations,Supervisor,M.Com,16,86163,Lucknow,2024-07-09,No,5,No
3904,Mohit Joshi,Male,34,HR,HR Executive,B.Com,6,57870,Ahmedabad,2017-05-22,Yes,4,No
3905,Neha Joshi,Female,42,Operations,Supervisor,B.Tech,20,87683,Lucknow,2018-01-31,Yes,3,No
3906,Neha Mehta,Female,42,Operations,Operations Executive,M.Com,16,85352,Chennai,2017-07-03,No,1,No
3907,Mohit Gupta,Female,36,Operations,Operations Executive,B.Com,12,67656,Noida,2020-06-07,Yes,2,No
3908,Pooja Verma,Female,45,Marketing,Marketing Executive,B.Com,20,96906,Mumbai,2018-02-16,Yes,4,No
3909,Mohit Gupta,Male,32,Finance,Financial Analyst,M.Com,2,64233,Delhi,2019-08-09,No,3,No
3910,Rahul Sharma,Female,28,IT,QA Engineer,B.Tech,1,63723,Lucknow,2021-04-08,No,3,No
3911,Anjali Mehta,Male,45,Operations,Supervisor,M.Com,20,92514,Ahmedabad,2024-07-11,No,2,No
3912,Sonia Singh,Male,44,Operations,Operations Executive,Graduate,16,85815,Ahmedabad,2023-01-10,Yes,5,No
3913,Neha Kumar,Male,24,IT,Analyst,M.Com,0,60354,Noida,2023-07-10,No,5,No
3914,Nisha Sharma,Male,39,Operations,Supervisor,B.Com,14,80057,Jaipur,2018-02-18,No,5,No
3915,Sonia Patel,Male,36,Finance,Financial Analyst,M.Com,15,96049,Delhi,2019-11-11,Yes,4,No
3916,Mohit Roy,Male,37,Operations,Supervisor,Graduate,8,65988,Pune,2015-03-06,Yes,4,No
3917,Anjali Verma,Male,30,IT,Developer,B.Tech,5,80089,Jaipur,2017-07-07,No,1,No
3918,Sonia Verma,Male,41,Operations,Operations Executive,B.Tech,13,78778,Pune,2017-11-16,No,5,No
3919,Rohan Yadav,Male,30,Marketing,Marketing Executive,B.Tech,3,57746,Ahmedabad,2023-04-22,No,5,No
3920,Sonia Patel,Female,37,HR,HR Executive,MBA,9,59485,Pune,2020-09-26,Yes,1,No
3921,Sneha Joshi,Female,33,HR,HR Executive,M.Com,8,61208,Delhi,2016-11-11,No,3,No
3922,Nisha Yadav,Female,31,HR,Recruiter,B.Tech,7,56465,Delhi,2016-09-25,No,4,No
3923,Priya Singh,Male,33,Operations,Operations Executive,B.Tech,10,68224,Bengaluru,2022-07-14,No,2,Yes
3924,Amit Yadav,Male,41,HR,HR Executive,M.Com,20,86860,Noida,2022-03-06,No,5,No
3925,Rahul Singh,Male,42,IT,QA Engineer,B.Tech,12,99552,Bengaluru,2024-10-08,Yes,2,Yes
3926,Sneha Yadav,Male,46,IT,Developer,Graduate,20,117171,Jaipur,2017-12-23,Yes,2,No
3927,Mohit Patel,Male,40,HR,Recruiter,B.Tech,10,69353,Pune,2019-08-20,No,5,No
3928,Amit Mehta,Female,38,Finance,Accountant,B.Tech,10,77526,Chennai,2022-01-03,No,4,No
3929,Deepak Gupta,Male,29,Marketing,Marketing Executive,MBA,9,68497,Lucknow,2019-02-26,Yes,2,Yes
3930,Sneha Sharma,Female,33,Operations,Supervisor,B.Com,5,57984,Noida,2024-01-14,No,1,Yes
3931,Sneha Kumar,Male,47,Marketing,SEO Specialist,M.Com,20,96470,Ahmedabad,2018-04-22,No,3,No
3932,Amit Patel,Male,39,Finance,Financial Analyst,B.Tech,15,92173,Delhi,2021-08-02,Yes,3,No
3933,Rohan Mehta,Female,33,HR,Recruiter,MBA,13,73832,Ahmedabad,2016-07-09,No,5,No
3934,Nisha Patel,Female,34,Sales,Sales Manager,Graduate,11,75640,Chennai,2024-02-23,No,4,No
3935,Rohan Gupta,Female,25,HR,HR Executive,B.Com,4,45362,Jaipur,2016-10-05,No,3,Yes
3936,Rahul Patel,Male,28,HR,Recruiter,Graduate,2,40990,Ahmedabad,2021-11-21,No,5,No
3937,Kiran Roy,Male,30,Marketing,SEO Specialist,MBA,4,55229,Noida,2023-11-27,No,3,No
3938,Priya Joshi,Female,32,Operations,Supervisor,B.Tech,12,70565,Mumbai,2017-08-04,No,2,Yes
3939,Pooja Patel,Female,46,Finance,Financial Analyst,B.Tech,17,98357,Lucknow,2024-07-18,Yes,2,No
3940,Kiran Verma,Female,44,Sales,Sales Executive,M.Com,19,93300,Bengaluru,2016-12-10,No,4,No
3941,Nisha Patel,Male,31,Operations,Operations Executive,MBA,4,48744,Pune,2024-07-13,No,5,No
3942,Kiran Sharma,Female,32,Marketing,SEO Specialist,Graduate,6,60119,Bengaluru,2024-02-24,No,4,No
3943,Neha Sharma,Male,37,Operations,Supervisor,Graduate,12,73006,Mumbai,2017-08-05,No,1,Yes
3944,Arjun Gupta,Female,32,Operations,Supervisor,MBA,4,56881,Kolkata,2023-09-10,No,2,Yes
3945,Priya Joshi,Male,31,Operations,Operations Executive,B.Tech,4,53881,Bengaluru,2018-01-22,No,4,No
3946,Sonia Joshi,Female,37,IT,Developer,Graduate,7,84984,Lucknow,2017-06-03,Yes,2,No
3947,Neha Patel,Male,21,HR,HR Executive,B.Tech,1,39760,Kolkata,2019-12-12,No,4,Yes
3948,Anjali Verma,Female,48,Finance,Accountant,Graduate,18,101269,Lucknow,2019-01-19,No,3,No
3949,Priya Sharma,Female,28,IT,QA Engineer,B.Com,0,69302,Lucknow,2021-03-27,No,5,No
3950,Rahul Joshi,Male,44,HR,Recruiter,MBA,15,75933,Bengaluru,2017-07-21,No,2,Yes
3951,Pooja Sharma,Female,37,HR,HR Executive,M.Com,9,63068,Kolkata,2020-02-03,No,1,No
3952,Mohit Roy,Male,21,Operations,Operations Executive,MBA,0,46953,Noida,2016-12-08,No,1,Yes
3953,Pooja Yadav,Female,42,Marketing,Marketing Executive,MBA,18,93688,Pune,2022-11-05,No,2,Yes
3954,Sneha Roy,Female,27,IT,QA Engineer,Graduate,2,73455,Pune,2016-04-15,No,4,No
3955,Nisha Joshi,Male,26,IT,Analyst,Graduate,6,84024,Ahmedabad,2024-09-07,No,5,No
3956,Mohit Mehta,Female,22,Sales,Sales Manager,M.Com,0,44582,Lucknow,2015-07-12,No,1,No
3957,Pooja Singh,Female,40,Marketing,SEO Specialist,B.Tech,15,86081,Delhi,2021-08-04,No,5,No
3958,Rahul Roy,Female,46,Sales,Sales Executive,B.Com,19,90383,Jaipur,2022-08-05,No,2,Yes
3959,Rohan Verma,Male,31,Sales,Sales Manager,B.Tech,3,49545,Delhi,2016-07-04,No,3,No
3960,Nisha Patel,Male,34,Operations,Operations Executive,B.Com,8,59395,Bengaluru,2022-06-06,Yes,1,Yes
3961,Pooja Mehta,Female,39,HR,Recruiter,B.Com,13,74858,Lucknow,2022-08-12,Yes,3,No
3962,Arjun Kumar,Female,37,Finance,Financial Analyst,B.Tech,8,71234,Noida,2019-11-24,No,1,Yes
3963,Anjali Roy,Male,43,Marketing,Marketing Executive,Graduate,14,81869,Mumbai,2018-07-22,No,5,No
3964,Nisha Patel,Male,41,Sales,Sales Executive,M.Com,18,86794,Kolkata,2022-07-07,Yes,4,No
3965,Sneha Singh,Female,35,HR,Recruiter,B.Tech,8,55044,Jaipur,2017-04-02,No,3,Yes
3966,Arjun Kumar,Male,31,Marketing,SEO Specialist,MBA,5,65158,Lucknow,2023-09-04,No,2,No
3967,Rahul Verma,Male,25,Finance,Accountant,Graduate,3,63467,Kolkata,2017-01-26,No,4,No
3968,Rahul Patel,Male,44,Sales,Sales Executive,B.Tech,14,83289,Jaipur,2019-02-13,No,5,No
3969,Nisha Gupta,Male,21,Finance,Financial Analyst,B.Com,0,59508,Pune,2024-07-30,No,5,No
3970,Deepak Verma,Male,49,Finance,Financial Analyst,B.Tech,20,100756,Pune,2018-01-05,No,2,Yes
3971,Deepak Roy,Female,46,IT,Developer,M.Com,18,110294,Delhi,2021-11-30,No,4,No
3972,Sonia Verma,Female,21,Finance,Accountant,M.Com,1,60671,Delhi,2016-02-11,No,3,No
3973,Vikas Mehta,Male,37,HR,Recruiter,Graduate,8,56299,Jaipur,2018-03-08,No,4,No
3974,Sonia Patel,Female,43,IT,Developer,B.Tech,16,107154,Bengaluru,2022-12-09,No,2,No
3975,Neha Patel,Female,42,Sales,Sales Executive,M.Com,16,87030,Kolkata,2020-08-07,No,1,No
3976,Rahul Yadav,Female,37,Sales,Sales Executive,B.Tech,7,58540,Chennai,2020-08-22,No,3,No
3977,Neha Gupta,Male,32,IT,QA Engineer,Graduate,2,67638,Delhi,2017-06-15,No,2,Yes
3978,Nisha Gupta,Female,26,Finance,Financial Analyst,M.Com,3,59771,Ahmedabad,2018-01-23,No,1,Yes
3979,Rohan Gupta,Male,41,HR,Recruiter,B.Com,11,66856,Chennai,2019-05-19,No,1,No
3980,Arjun Yadav,Female,39,IT,Analyst,M.Com,18,106617,Jaipur,2019-02-26,No,4,No
3981,Mohit Gupta,Male,41,Sales,Sales Executive,Graduate,15,83805,Kolkata,2019-06-03,No,4,No
3982,Neha Roy,Male,40,Operations,Supervisor,Graduate,10,64288,Bengaluru,2018-08-06,Yes,5,No
3983,Rahul Roy,Female,47,Marketing,SEO Specialist,B.Tech,19,99009,Bengaluru,2020-08-15,No,4,No
3984,Vikas Joshi,Male,25,IT,Developer,B.Com,5,79563,Kolkata,2022-10-06,No,1,No
3985,Sonia Roy,Female,37,Finance,Accountant,B.Tech,7,76121,Jaipur,2015-09-10,Yes,4,No
3986,Amit Verma,Male,35,Finance,Accountant,B.Com,6,65613,Pune,2017-11-18,No,2,Yes
3987,Arjun Sharma,Female,30,Marketing,SEO Specialist,B.Tech,7,60824,Bengaluru,2024-09-28,Yes,1,Yes
3988,Sneha Kumar,Female,42,Marketing,SEO Specialist,Graduate,17,91121,Lucknow,2022-10-23,Yes,5,No
3989,Sneha Singh,Male,31,HR,Recruiter,B.Com,8,61751,Kolkata,2020-02-06,Yes,5,No
3990,Nisha Verma,Female,48,IT,QA Engineer,MBA,20,117475,Kolkata,2019-10-04,No,1,No
3991,Sneha Yadav,Male,43,Operations,Operations Executive,Graduate,18,90801,Chennai,2022-04-30,Yes,4,No
3992,Arjun Roy,Female,39,Marketing,SEO Specialist,MBA,18,95080,Chennai,2021-10-04,Yes,2,Yes
3993,Anjali Joshi,Male,42,IT,Analyst,MBA,12,98792,Jaipur,2019-01-22,No,3,No
3994,Deepak Singh,Female,47,Finance,Accountant,B.Com,18,95796,Lucknow,2024-02-28,No,1,Yes
3995,Neha Kumar,Male,24,Operations,Operations Executive,B.Tech,4,50078,Noida,2020-02-04,No,5,No
3996,Deepak Patel,Male,31,Marketing,SEO Specialist,M.Com,1,49989,Mumbai,2019-04-17,No,3,No
3997,Pooja Verma,Male,22,IT,QA Engineer,B.Tech,1,68901,Delhi,2017-06-08,No,3,No
3998,Arjun Mehta,Male,28,Marketing,Marketing Executive,B.Tech,4,56090,Delhi,2018-08-16,No,2,Yes
3999,Neha Patel,Female,31,IT,Developer,Graduate,1,70602,Mumbai,2024-08-03,No,3,No
4000,Kiran Verma,Male,40,Sales,Sales Executive,B.Com,16,83106,Delhi,2015-03-01,Yes,3,Yes
4001,Nisha Verma,Female,49,Marketing,Marketing Executive,Graduate,20,102963,Chennai,2015-01-17,Yes,4,Yes
4002,Nisha Kumar,Male,41,HR,Recruiter,M.Com,14,71576,Pune,2022-11-17,No,5,No
4003,Sneha Roy,Female,38,Finance,Accountant,B.Tech,13,88122,Lucknow,2016-06-05,Yes,3,No
4004,Vikas Singh,Female,38,Sales,Sales Manager,MBA,17,87220,Chennai,2019-05-15,Yes,4,No
4005,Neha Gupta,Male,40,IT,Developer,Graduate,18,114948,Pune,2024-05-01,No,3,No
4006,Mohit Kumar,Female,37,Sales,Sales Manager,M.Com,7,61588,Ahmedabad,2021-12-09,Yes,5,Yes
4007,Kiran Joshi,Male,35,IT,Developer,MBA,6,76144,Ahmedabad,2020-01-17,Yes,2,No
4008,Sonia Kumar,Female,42,Sales,Sales Executive,Graduate,19,96795,Jaipur,2015-12-25,No,3,No
4009,Pooja Singh,Female,27,Operations,Operations Executive,Graduate,5,50050,Bengaluru,2023-02-03,No,4,No
4010,Kiran Joshi,Male,32,Sales,Sales Manager,B.Com,6,59115,Noida,2017-05-11,Yes,2,Yes
4011,Nisha Roy,Male,26,Sales,Sales Manager,B.Com,4,50122,Pune,2016-09-07,No,1,Yes
4012,Nisha Mehta,Female,32,Sales,Sales Manager,M.Com,5,60833,Noida,2024-11-23,No,1,No
4013,Pooja Sharma,Male,42,HR,HR Executive,M.Com,19,85586,Pune,2015-02-28,Yes,5,No
4014,Nisha Gupta,Female,29,Operations,Supervisor,M.Com,4,55429,Lucknow,2020-05-03,No,4,No
4015,Rohan Patel,Male,34,Marketing,SEO Specialist,MBA,13,83355,Pune,2015-04-24,No,2,No
4016,Sneha Patel,Male,35,IT,QA Engineer,M.Com,9,88295,Pune,2024-03-22,No,4,No
4017,Deepak Mehta,Male,30,Sales,Sales Manager,Graduate,3,52621,Ahmedabad,2023-06-25,No,4,No
4018,Sneha Yadav,Female,48,Finance,Accountant,Graduate,18,101334,Pune,2021-07-03,No,3,No
4019,Mohit Patel,Female,34,Operations,Operations Executive,Graduate,7,59657,Delhi,2023-04-06,No,2,Yes
4020,Sneha Roy,Female,27,Marketing,SEO Specialist,MBA,5,57595,Ahmedabad,2017-12-23,No,3,No
4021,Rohan Kumar,Male,27,Operations,Supervisor,B.Tech,4,54940,Pune,2018-01-23,No,4,No
4022,Rahul Joshi,Male,34,HR,HR Executive,Graduate,5,55231,Delhi,2020-06-16,No,1,No
4023,Rahul Joshi,Male,31,Marketing,SEO Specialist,Graduate,6,60434,Noida,2021-10-18,No,3,No
4024,Priya Joshi,Female,38,Operations,Operations Executive,B.Com,9,65957,Ahmedabad,2022-08-04,No,2,Yes
4025,Anjali Mehta,Male,36,Marketing,Marketing Executive,B.Tech,6,62817,Bengaluru,2015-04-09,No,4,No
4026,Arjun Joshi,Male,39,Finance,Financial Analyst,MBA,13,88681,Kolkata,2019-11-03,No,5,No
4027,Rahul Joshi,Female,38,Finance,Financial Analyst,MBA,16,95832,Jaipur,2023-10-30,Yes,1,No
4028,Priya Patel,Female,40,Finance,Financial Analyst,B.Com,18,98452,Chennai,2016-10-12,No,2,Yes
4029,Rohan Patel,Male,32,Operations,Supervisor,M.Com,5,50398,Jaipur,2017-02-27,No,3,No
4030,Neha Mehta,Female,26,HR,HR Executive,M.Com,1,39140,Kolkata,2023-05-04,No,3,No
4031,Pooja Kumar,Female,33,Finance,Financial Analyst,B.Tech,5,71493,Chennai,2023-05-15,No,4,No
4032,Vikas Singh,Female,23,Sales,Sales Executive,B.Tech,0,45901,Bengaluru,2022-12-07,No,1,No
4033,Pooja Verma,Female,45,HR,Recruiter,M.Com,17,81233,Jaipur,2016-05-11,No,2,No
4034,Arjun Joshi,Male,24,Marketing,Marketing Executive,Graduate,2,51333,Mumbai,2021-10-03,No,4,No
4035,Rahul Sharma,Female,21,IT,Developer,MBA,0,66316,Pune,2023-07-28,No,2,Yes
4036,Deepak Yadav,Male,28,Marketing,Marketing Executive,Graduate,3,52988,Bengaluru,2017-03-09,No,2,Yes
4037,Mohit Joshi,Male,46,HR,Recruiter,M.Com,18,82907,Mumbai,2017-09-28,Yes,1,Yes
4038,Neha Roy,Male,25,HR,Recruiter,B.Tech,3,48196,Jaipur,2024-07-06,No,5,Yes
4039,Anjali Yadav,Male,21,Marketing,SEO Specialist,MBA,0,43093,Mumbai,2023-06-07,No,1,No
4040,Neha Gupta,Female,37,Sales,Sales Executive,B.Tech,9,66406,Bengaluru,2020-09-21,No,3,No
4041,Nisha Mehta,Male,39,Operations,Supervisor,Graduate,15,81632,Mumbai,2022-01-09,No,5,No
4042,Arjun Mehta,Male,32,Finance,Accountant,B.Com,4,63053,Pune,2021-12-27,No,1,Yes
4043,Amit Gupta,Male,49,Sales,Sales Executive,MBA,20,91868,Bengaluru,2022-08-22,Yes,2,No
4044,Vikas Kumar,Female,30,Operations,Supervisor,MBA,2,45824,Delhi,2017-02-04,No,2,No
4045,Kiran Patel,Female,25,IT,Developer,B.Com,2,66830,Pune,2021-04-29,No,1,Yes
4046,Sonia Yadav,Male,39,IT,Analyst,B.Com,12,90435,Jaipur,2016-03-29,Yes,1,No
4047,Mohit Yadav,Male,33,Operations,Supervisor,MBA,4,47115,Jaipur,2018-09-26,No,2,Yes
4048,Arjun Gupta,Female,27,Finance,Accountant,Graduate,7,70295,Bengaluru,2015-12-09,No,2,Yes
4049,Arjun Gupta,Male,25,Operations,Operations Executive,M.Com,0,40233,Lucknow,2015-11-01,No,1,No
4050,Vikas Roy,Female,28,Sales,Sales Manager,Graduate,0,44250,Pune,2021-02-21,No,5,No
4051,Amit Roy,Male,40,Finance,Financial Analyst,B.Tech,16,97146,Bengaluru,2015-01-29,Yes,4,No
4052,Nisha Kumar,Female,38,HR,Recruiter,MBA,10,63805,Ahmedabad,2015-12-11,No,3,No
4053,Rahul Sharma,Male,46,Operations,Supervisor,Graduate,19,88471,Noida,2022-09-25,Yes,2,No
4054,Mohit Sharma,Female,25,IT,Developer,B.Com,2,69188,Chennai,2017-03-11,No,1,Yes
4055,Arjun Patel,Female,31,HR,Recruiter,Graduate,11,65428,Noida,2015-09-28,Yes,3,Yes
4056,Pooja Yadav,Female,31,Finance,Financial Analyst,MBA,1,58936,Noida,2024-02-08,No,3,No
4057,Priya Mehta,Male,28,IT,QA Engineer,B.Com,8,87337,Noida,2021-02-02,No,5,Yes
4058,Anjali Yadav,Female,22,Marketing,SEO Specialist,M.Com,1,47135,Jaipur,2018-10-05,No,3,No
4059,Amit Joshi,Female,43,HR,HR Executive,Graduate,18,82117,Ahmedabad,2016-01-30,No,3,No
4060,Rahul Kumar,Male,34,Finance,Accountant,B.Com,9,73730,Delhi,2023-12-15,No,4,No
4061,Sneha Verma,Male,34,Sales,Sales Executive,Graduate,11,72502,Chennai,2020-02-29,Yes,4,No
4062,Sneha Mehta,Male,49,Sales,Sales Manager,MBA,20,92991,Ahmedabad,2020-04-26,No,5,No
4063,Rahul Patel,Male,48,IT,Developer,B.Com,19,110615,Pune,2022-09-04,No,2,No
4064,Mohit Patel,Female,42,Marketing,SEO Specialist,MBA,16,89941,Ahmedabad,2019-04-23,Yes,2,No
4065,Rahul Verma,Female,46,IT,QA Engineer,Graduate,18,108809,Kolkata,2022-08-05,Yes,3,No
4066,Sneha Verma,Male,43,Operations,Operations Executive,B.Tech,17,86937,Delhi,2020-04-22,No,4,No
4067,Neha Patel,Male,42,Finance,Accountant,Graduate,20,100926,Lucknow,2018-01-11,Yes,1,Yes
4068,Rahul Verma,Female,30,Finance,Accountant,B.Tech,6,70625,Ahmedabad,2023-12-20,Yes,2,No
4069,Priya Patel,Female,33,HR,Recruiter,MBA,9,61863,Noida,2023-04-20,No,3,No
4070,Pooja Gupta,Female,30,HR,Recruiter,B.Tech,3,48062,Mumbai,2017-12-21,No,3,No
4071,Priya Mehta,Female,48,HR,HR Executive,B.Tech,20,93707,Noida,2018-05-14,No,3,No
4072,Nisha Patel,Male,40,IT,QA Engineer,M.Com,19,109515,Bengaluru,2021-11-05,No,4,No
4073,Priya Joshi,Female,47,IT,QA Engineer,B.Com,18,113210,Ahmedabad,2017-04-16,Yes,4,No
4074,Sonia Singh,Female,49,Sales,Sales Manager,B.Tech,20,91937,Noida,2020-03-18,Yes,3,No
4075,Sneha Roy,Male,31,Marketing,Marketing Executive,B.Tech,7,68366,Lucknow,2017-08-18,No,5,No
4076,Kiran Roy,Male,27,Operations,Supervisor,MBA,6,52421,Bengaluru,2018-05-13,Yes,5,No
4077,Vikas Joshi,Female,31,IT,Analyst,Graduate,1,63663,Delhi,2015-02-24,No,3,No
4078,Sonia Singh,Male,49,Finance,Financial Analyst,B.Com,19,104270,Delhi,2024-11-17,No,2,No
4079,Neha Singh,Male,30,Finance,Accountant,B.Tech,10,81958,Delhi,2021-07-09,Yes,1,No
4080,Nisha Roy,Male,27,IT,Developer,B.Com,6,81804,Chennai,2015-08-04,Yes,1,Yes
4081,Nisha Singh,Female,41,Marketing,SEO Specialist,B.Com,13,79216,Kolkata,2021-03-19,Yes,2,Yes
4082,Pooja Joshi,Female,29,Sales,Sales Manager,B.Com,4,50601,Bengaluru,2023-07-22,No,4,No
4083,Rahul Patel,Female,21,IT,Analyst,Graduate,1,63605,Ahmedabad,2024-05-26,No,3,No
4084,Rahul Mehta,Female,37,IT,QA Engineer,B.Tech,15,101541,Chennai,2018-12-20,Yes,5,No
4085,Kiran Joshi,Female,43,Operations,Operations Executive,B.Com,19,91986,Pune,2017-05-23,No,3,No
4086,Vikas Roy,Male,35,HR,Recruiter,Graduate,10,68174,Ahmedabad,2021-09-26,No,4,No
4087,Sneha Sharma,Male,41,Sales,Sales Manager,MBA,20,90661,Chennai,2023-03-09,No,3,No
4088,Pooja Yadav,Female,32,HR,Recruiter,Graduate,7,59604,Chennai,2022-02-04,No,1,No
4089,Deepak Singh,Female,31,Finance,Accountant,Graduate,6,70034,Delhi,2020-06-14,Yes,4,No
4090,Nisha Singh,Female,40,HR,HR Executive,MBA,16,77122,Bengaluru,2018-06-27,Yes,4,No
4091,Sneha Yadav,Male,42,Sales,Sales Manager,MBA,18,85997,Lucknow,2022-02-06,No,5,No
4092,Amit Roy,Female,38,IT,QA Engineer,M.Com,8,84000,Lucknow,2021-08-16,No,4,No
4093,Kiran Kumar,Female,37,Sales,Sales Manager,Graduate,14,82960,Mumbai,2023-02-24,No,3,No
4094,Neha Roy,Male,38,IT,Analyst,MBA,10,89758,Mumbai,2022-03-07,No,4,No
4095,Sneha Kumar,Female,48,Finance,Accountant,B.Com,18,97869,Jaipur,2024-07-03,No,5,No
4096,Arjun Mehta,Male,38,Finance,Financial Analyst,B.Tech,8,79581,Delhi,2024-03-12,Yes,5,No
4097,Rahul Patel,Male,21,Finance,Accountant,M.Com,0,59179,Chennai,2018-11-03,No,3,No
4098,Vikas Verma,Female,37,Operations,Supervisor,MBA,10,67245,Chennai,2017-04-06,Yes,2,No
4099,Rahul Sharma,Female,34,Sales,Sales Manager,MBA,13,77616,Pune,2015-09-01,Yes,2,No
4100,Rahul Mehta,Female,34,Sales,Sales Executive,M.Com,13,73629,Lucknow,2017-02-12,No,5,No
4101,Anjali Singh,Male,36,Marketing,SEO Specialist,Graduate,6,61580,Pune,2021-11-15,Yes,5,Yes
4102,Priya Yadav,Female,27,IT,QA Engineer,M.Com,7,85767,Delhi,2022-04-16,Yes,3,No
4103,Anjali Mehta,Male,35,Operations,Operations Executive,MBA,5,49760,Noida,2015-12-24,No,5,No
4104,Anjali Roy,Female,41,HR,Recruiter,MBA,18,86807,Jaipur,2019-08-20,No,4,No
4105,Priya Patel,Male,40,Sales,Sales Executive,B.Com,14,80097,Lucknow,2024-12-06,Yes,3,No
4106,Pooja Gupta,Male,31,Operations,Supervisor,MBA,8,62869,Pune,2019-04-13,Yes,1,Yes
4107,Sneha Singh,Male,46,HR,Recruiter,B.Com,17,79716,Lucknow,2015-12-03,No,2,No
4108,Rahul Yadav,Female,27,Sales,Sales Executive,M.Com,0,40374,Ahmedabad,2015-03-13,No,2,Yes
4109,Vikas Kumar,Female,28,Sales,Sales Executive,M.Com,3,49520,Bengaluru,2020-09-07,No,3,No
4110,Priya Sharma,Female,31,Marketing,Marketing Executive,B.Com,7,62725,Bengaluru,2021-06-29,No,4,No
4111,Rahul Verma,Male,42,HR,Recruiter,B.Com,13,72860,Chennai,2022-06-23,Yes,4,No
4112,Pooja Joshi,Male,41,IT,Analyst,B.Com,14,96829,Lucknow,2017-12-19,Yes,2,Yes
4113,Sneha Yadav,Female,42,HR,Recruiter,B.Tech,12,70469,Jaipur,2022-11-08,No,5,No
4114,Rohan Kumar,Male,32,Sales,Sales Manager,M.Com,10,68903,Kolkata,2019-02-26,Yes,5,Yes
4115,Sonia Sharma,Female,34,Sales,Sales Executive,B.Tech,10,73088,Jaipur,2020-06-22,No,1,No
4116,Nisha Sharma,Female,30,Finance,Accountant,B.Com,1,56243,Delhi,2023-07-05,No,4,No
4117,Priya Patel,Female,39,HR,Recruiter,Graduate,9,58756,Pune,2024-04-17,No,4,No
4118,Sonia Singh,Male,34,HR,Recruiter,B.Tech,13,71130,Lucknow,2021-12-06,No,3,Yes
4119,Deepak Kumar,Male,32,Finance,Financial Analyst,M.Com,10,82992,Kolkata,2020-08-21,Yes,3,No
4120,Sneha Gupta,Male,27,Sales,Sales Manager,Graduate,2,45855,Lucknow,2019-05-22,No,4,No
4121,Pooja Verma,Male,43,Sales,Sales Manager,MBA,13,79322,Jaipur,2018-05-20,No,1,No
4122,Neha Singh,Female,43,Sales,Sales Executive,MBA,13,72731,Chennai,2016-05-04,Yes,3,No
4123,Sneha Yadav,Male,36,Sales,Sales Manager,Graduate,13,75569,Chennai,2015-11-02,Yes,2,Yes
4124,Mohit Yadav,Female,24,IT,QA Engineer,M.Com,2,72039,Kolkata,2023-04-16,No,5,No
4125,Neha Joshi,Male,43,Sales,Sales Manager,MBA,16,89356,Delhi,2023-04-18,No,5,No
4126,Rahul Gupta,Male,32,Sales,Sales Executive,M.Com,5,53334,Bengaluru,2019-05-12,No,3,No
4127,Neha Roy,Male,27,IT,Analyst,MBA,7,79474,Noida,2023-01-21,Yes,2,Yes
4128,Deepak Mehta,Male,31,Marketing,SEO Specialist,B.Tech,2,56231,Pune,2022-08-26,No,4,No
4129,Sneha Yadav,Male,26,Finance,Financial Analyst,MBA,0,52456,Lucknow,2019-08-20,No,2,Yes
4130,Sonia Singh,Female,39,Finance,Accountant,B.Tech,14,91415,Delhi,2021-10-26,Yes,5,No
4131,Rohan Mehta,Male,24,Operations,Operations Executive,M.Com,1,42110,Bengaluru,2017-06-11,No,4,No
4132,Neha Mehta,Male,35,Operations,Operations Executive,Graduate,12,72322,Pune,2019-08-20,Yes,2,No
4133,Rahul Singh,Female,30,Marketing,SEO Specialist,MBA,0,50033,Noida,2022-06-21,No,5,No
4134,Sonia Joshi,Female,24,Operations,Operations Executive,MBA,3,47180,Jaipur,2020-03-26,No,5,No
4135,Rahul Mehta,Female,38,Finance,Accountant,MBA,12,83744,Mumbai,2018-05-29,No,4,No
4136,Pooja Sharma,Female,39,Finance,Accountant,B.Com,10,83444,Bengaluru,2022-09-02,Yes,3,No
4137,Arjun Verma,Male,34,HR,HR Executive,B.Tech,7,58418,Lucknow,2022-06-22,No,2,Yes
4138,Deepak Verma,Male,39,IT,Developer,B.Tech,14,101792,Jaipur,2018-11-03,No,4,No
4139,Sneha Kumar,Female,42,Marketing,SEO Specialist,B.Com,14,79009,Bengaluru,2024-08-15,Yes,4,No
4140,Mohit Mehta,Male,40,Marketing,Marketing Executive,Graduate,19,98700,Noida,2020-08-31,No,3,No
4141,Pooja Singh,Female,27,Sales,Sales Executive,M.Com,3,57119,Noida,2019-08-22,No,4,No
4142,Kiran Yadav,Male,38,Finance,Accountant,B.Com,11,84281,Lucknow,2016-11-13,No,3,No
4143,Priya Patel,Female,37,Operations,Supervisor,M.Com,8,57388,Ahmedabad,2023-09-25,Yes,2,No
4144,Amit Sharma,Female,33,Finance,Accountant,B.Tech,12,83894,Chennai,2022-01-05,Yes,5,No
4145,Nisha Joshi,Female,39,Sales,Sales Executive,M.Com,12,78447,Delhi,2022-10-25,Yes,2,Yes
4146,Arjun Verma,Female,42,HR,Recruiter,Graduate,18,81424,Kolkata,2021-04-20,Yes,2,Yes
4147,Nisha Verma,Male,37,Finance,Accountant,Graduate,17,99681,Mumbai,2024-08-15,Yes,2,Yes
4148,Rahul Sharma,Female,47,HR,HR Executive,M.Com,18,86994,Pune,2017-06-19,Yes,4,No
4149,Pooja Sharma,Male,36,Sales,Sales Manager,M.Com,8,63666,Lucknow,2020-02-28,No,4,No
4150,Deepak Roy,Female,32,Finance,Accountant,B.Com,9,82149,Pune,2017-12-03,Yes,4,No
4151,Kiran Verma,Female,36,HR,HR Executive,B.Tech,12,74781,Kolkata,2019-10-10,Yes,1,No
4152,Vikas Yadav,Male,41,Marketing,Marketing Executive,B.Tech,13,77540,Bengaluru,2016-07-13,No,1,No
4153,Sonia Patel,Male,36,Finance,Financial Analyst,Graduate,16,90535,Lucknow,2015-02-27,Yes,5,No
4154,Anjali Verma,Male,34,Marketing,SEO Specialist,B.Tech,14,78669,Jaipur,2015-08-16,No,1,Yes
4155,Deepak Joshi,Male,37,Finance,Accountant,B.Com,7,72563,Chennai,2023-06-13,No,4,No
4156,Anjali Singh,Female,26,Sales,Sales Executive,MBA,3,49258,Noida,2021-06-14,No,5,No
4157,Sneha Singh,Male,25,IT,Developer,Graduate,0,64813,Chennai,2017-11-02,No,2,No
4158,Pooja Patel,Male,24,Operations,Operations Executive,B.Com,1,45289,Bengaluru,2023-05-22,No,5,No
4159,Kiran Verma,Male,30,HR,HR Executive,MBA,5,56752,Kolkata,2023-04-13,No,4,No
4160,Deepak Kumar,Female,44,Marketing,SEO Specialist,Graduate,14,84860,Pune,2022-02-04,Yes,4,No
4161,Mohit Roy,Male,30,Sales,Sales Manager,B.Tech,0,43480,Pune,2020-04-10,No,5,No
4162,Arjun Joshi,Male,37,HR,Recruiter,Graduate,16,83364,Mumbai,2023-06-25,Yes,2,Yes
4163,Mohit Gupta,Male,35,Finance,Accountant,MBA,12,88352,Pune,2018-06-19,Yes,2,No
4164,Vikas Roy,Female,29,HR,Recruiter,Graduate,2,48345,Chennai,2019-11-28,No,4,Yes
4165,Sneha Roy,Female,45,IT,Analyst,Graduate,17,112441,Lucknow,2016-10-01,Yes,2,No
4166,Mohit Roy,Female,41,Marketing,Marketing Executive,B.Com,19,94403,Mumbai,2019-11-29,Yes,1,Yes
4167,Priya Yadav,Male,46,Sales,Sales Manager,B.Com,19,90366,Jaipur,2020-03-21,No,4,No
4168,Sneha Roy,Male,33,Finance,Financial Analyst,B.Tech,8,71552,Kolkata,2023-08-02,No,3,No
4169,Kiran Singh,Male,29,Marketing,SEO Specialist,Graduate,4,55285,Noida,2021-10-08,No,4,No
4170,Vikas Patel,Female,36,HR,Recruiter,M.Com,10,67804,Delhi,2018-08-02,Yes,2,No
4171,Neha Joshi,Male,31,Operations,Operations Executive,B.Tech,11,71278,Jaipur,2017-04-08,No,5,Yes
4172,Priya Patel,Male,23,Sales,Sales Manager,M.Com,1,50444,Pune,2019-10-21,No,3,No
4173,Rahul Patel,Female,30,Operations,Supervisor,M.Com,7,63355,Delhi,2024-12-06,Yes,5,No
4174,Vikas Verma,Male,27,Sales,Sales Executive,MBA,2,50525,Mumbai,2022-02-26,No,4,No
4175,Sonia Kumar,Female,31,Sales,Sales Manager,B.Com,4,51452,Ahmedabad,2020-11-21,No,4,No
4176,Arjun Mehta,Male,35,Operations,Supervisor,B.Tech,8,63847,Ahmedabad,2015-04-11,No,2,No
4177,Sonia Joshi,Male,36,Marketing,Marketing Executive,MBA,14,84770,Chennai,2017-02-14,No,5,No
4178,Rahul Gupta,Female,24,Sales,Sales Executive,B.Com,2,48652,Bengaluru,2024-09-21,No,2,No
4179,Deepak Mehta,Male,31,Operations,Operations Executive,B.Tech,3,50406,Kolkata,2018-02-13,No,3,No
4180,Amit Verma,Male,28,Marketing,Marketing Executive,B.Com,7,64780,Mumbai,2019-07-06,Yes,1,Yes
4181,Sneha Roy,Female,38,Finance,Accountant,M.Com,15,92847,Kolkata,2020-01-04,Yes,3,No
4182,Amit Mehta,Female,43,Marketing,SEO Specialist,MBA,13,77781,Kolkata,2023-11-26,No,1,Yes
4183,Amit Mehta,Female,42,Finance,Accountant,MBA,17,98823,Delhi,2019-12-01,Yes,3,No
4184,Vikas Roy,Female,30,Marketing,Marketing Executive,M.Com,5,64419,Pune,2021-09-15,No,4,No
4185,Kiran Yadav,Male,35,HR,HR Executive,B.Com,12,68999,Delhi,2020-04-05,Yes,1,No
4186,Rohan Joshi,Female,32,IT,Developer,Graduate,6,80105,Jaipur,2018-03-09,No,5,Yes
4187,Vikas Yadav,Male,38,IT,Developer,M.Com,8,83646,Jaipur,2022-12-31,Yes,1,Yes
4188,Rohan Sharma,Male,32,IT,QA Engineer,B.Tech,4,74491,Ahmedabad,2018-06-07,No,3,No
4189,Mohit Patel,Male,34,Marketing,SEO Specialist,Graduate,12,75667,Delhi,2016-03-02,No,5,No
4190,Arjun Singh,Male,33,Finance,Financial Analyst,B.Tech,13,83485,Chennai,2021-08-18,Yes,2,No
4191,Nisha Patel,Male,33,Operations,Supervisor,Graduate,10,70374,Delhi,2019-04-05,No,5,No
4192,Deepak Kumar,Male,42,Finance,Accountant,M.Com,12,88054,Lucknow,2020-04-11,Yes,5,No
4193,Sneha Patel,Male,35,HR,Recruiter,Graduate,5,51986,Ahmedabad,2021-06-01,No,2,No
4194,Amit Kumar,Female,32,HR,HR Executive,Graduate,2,40250,Lucknow,2021-11-30,No,4,No
4195,Priya Verma,Female,26,Operations,Operations Executive,Graduate,0,44106,Ahmedabad,2021-01-24,No,4,No
4196,Pooja Mehta,Male,35,HR,HR Executive,B.Tech,8,64419,Chennai,2015-09-28,No,3,No
4197,Sneha Kumar,Male,25,IT,Developer,B.Com,5,75447,Chennai,2021-02-26,No,5,No
4198,Vikas Joshi,Male,33,Operations,Supervisor,MBA,11,66313,Lucknow,2016-05-07,No,4,No
4199,Priya Joshi,Male,30,HR,Recruiter,MBA,10,67818,Delhi,2021-09-24,No,2,No
4200,Deepak Kumar,Female,30,IT,Developer,B.Com,5,73250,Pune,2021-09-25,No,2,Yes
4201,Pooja Joshi,Male,33,Marketing,SEO Specialist,MBA,9,66274,Kolkata,2017-11-18,Yes,2,Yes
4202,Rohan Mehta,Male,36,Sales,Sales Manager,MBA,16,83130,Mumbai,2024-03-17,No,2,No
4203,Nisha Mehta,Female,40,Marketing,SEO Specialist,Graduate,20,101443,Lucknow,2015-08-23,Yes,3,No
4204,Anjali Kumar,Female,25,Marketing,Marketing Executive,Graduate,0,44931,Chennai,2017-05-15,No,5,No
4205,Kiran Singh,Male,39,HR,Recruiter,Graduate,15,77233,Ahmedabad,2021-05-15,No,3,No
4206,Nisha Mehta,Female,21,Sales,Sales Manager,B.Tech,0,43283,Ahmedabad,2020-12-02,No,3,No
4207,Rahul Verma,Female,39,IT,Analyst,M.Com,15,102056,Delhi,2015-01-21,Yes,5,No
4208,Vikas Mehta,Male,39,Sales,Sales Executive,B.Com,15,79196,Mumbai,2015-01-07,Yes,2,Yes
4209,Sonia Gupta,Male,32,Sales,Sales Executive,M.Com,4,59594,Delhi,2017-06-03,No,3,Yes
4210,Vikas Mehta,Female,41,IT,Analyst,B.Com,12,95383,Delhi,2022-09-26,Yes,4,No
4211,Sneha Kumar,Female,29,IT,Analyst,B.Com,3,70716,Noida,2015-10-12,No,4,No
4212,Sonia Joshi,Male,33,IT,Developer,Graduate,10,92986,Pune,2024-04-22,Yes,4,No
4213,Amit Mehta,Female,34,Marketing,SEO Specialist,MBA,11,80320,Mumbai,2024-07-10,No,3,No
4214,Pooja Joshi,Female,44,Marketing,SEO Specialist,B.Tech,17,89378,Ahmedabad,2015-12-11,Yes,3,No
4215,Pooja Yadav,Male,35,Sales,Sales Manager,B.Com,8,63304,Noida,2023-07-14,Yes,4,No
4216,Neha Sharma,Female,34,Marketing,Marketing Executive,B.Tech,9,71879,Delhi,2017-08-12,No,3,No
4217,Mohit Sharma,Male,38,Sales,Sales Manager,Graduate,15,84077,Ahmedabad,2016-01-31,No,5,No
4218,Nisha Mehta,Male,42,Sales,Sales Manager,M.Com,13,77053,Noida,2016-10-23,No,2,Yes
4219,Vikas Verma,Male,42,Operations,Supervisor,Graduate,13,79136,Noida,2017-01-11,No,1,Yes
4220,Nisha Singh,Female,36,HR,HR Executive,M.Com,8,60436,Lucknow,2019-09-15,No,4,No
4221,Rahul Roy,Male,33,Finance,Financial Analyst,MBA,5,63592,Bengaluru,2024-06-06,No,5,No
4222,Nisha Gupta,Female,39,Marketing,Marketing Executive,M.Com,18,94624,Pune,2018-11-25,No,1,No
4223,Anjali Sharma,Female,31,HR,Recruiter,Graduate,8,62466,Jaipur,2019-02-18,No,4,No
4224,Kiran Patel,Male,32,Marketing,Marketing Executive,M.Com,8,71969,Lucknow,2015-01-20,Yes,1,Yes
4225,Sonia Sharma,Female,23,Finance,Financial Analyst,B.Com,1,56406,Ahmedabad,2019-09-28,No,1,Yes
4226,Kiran Patel,Female,44,IT,Developer,M.Com,18,113586,Pune,2022-06-03,No,2,Yes
4227,Neha Joshi,Female,32,Operations,Supervisor,MBA,8,66645,Jaipur,2016-09-03,No,4,No
4228,Deepak Mehta,Female,45,Finance,Accountant,M.Com,20,104519,Noida,2024-05-16,Yes,4,No
4229,Kiran Roy,Female,33,HR,Recruiter,Graduate,10,69616,Kolkata,2015-08-14,No,2,Yes
4230,Rohan Sharma,Male,32,Sales,Sales Executive,B.Tech,6,55033,Jaipur,2022-11-09,No,1,Yes
4231,Anjali Gupta,Female,25,HR,HR Executive,M.Com,1,39481,Delhi,2019-06-14,No,2,No
4232,Neha Roy,Female,25,Finance,Financial Analyst,MBA,3,64838,Lucknow,2023-03-30,No,5,No
4233,Priya Mehta,Female,37,HR,HR Executive,M.Com,13,70423,Jaipur,2015-04-07,No,4,No
4234,Neha Yadav,Male,34,Finance,Accountant,B.Com,12,82751,Noida,2018-07-01,No,4,Yes
4235,Deepak Patel,Male,40,Sales,Sales Manager,M.Com,16,86897,Kolkata,2019-09-11,Yes,3,No
4236,Kiran Gupta,Female,40,IT,Developer,MBA,20,113345,Jaipur,2016-03-16,Yes,4,No
4237,Rahul Sharma,Male,31,HR,Recruiter,M.Com,7,52983,Ahmedabad,2016-01-19,No,5,No
4238,Rahul Singh,Female,37,Finance,Financial Analyst,B.Com,12,84693,Bengaluru,2017-01-02,No,1,Yes
4239,Sneha Mehta,Male,33,IT,Developer,MBA,10,87730,Kolkata,2020-03-25,No,5,No
4240,Deepak Mehta,Female,37,HR,Recruiter,B.Tech,10,63675,Lucknow,2024-01-17,Yes,2,Yes
4241,Arjun Gupta,Female,33,Sales,Sales Manager,Graduate,11,74197,Lucknow,2015-02-15,Yes,1,Yes
4242,Rohan Singh,Female,44,IT,Developer,MBA,19,108091,Lucknow,2023-12-12,No,5,No
4243,Pooja Kumar,Female,47,Operations,Supervisor,MBA,18,90948,Lucknow,2018-07-26,Yes,5,No
4244,Sneha Singh,Male,21,Finance,Financial Analyst,B.Com,0,56273,Ahmedabad,2018-11-17,No,2,Yes
4245,Priya Singh,Female,32,Operations,Operations Executive,M.Com,11,74085,Pune,2021-08-05,No,2,Yes
4246,Neha Verma,Male,33,Sales,Sales Manager,M.Com,8,68682,Noida,2022-09-17,No,1,No
4247,Sonia Gupta,Female,38,Finance,Accountant,MBA,8,76171,Mumbai,2024-01-09,No,1,Yes
4248,Mohit Singh,Female,35,IT,Developer,B.Com,8,80641,Ahmedabad,2016-03-15,No,5,No
4249,Priya Roy,Female,47,HR,Recruiter,B.Com,19,91269,Noida,2021-09-28,No,3,Yes
4250,Mohit Sharma,Male,40,IT,Analyst,B.Com,12,91801,Kolkata,2015-02-03,No,4,No
4251,Priya Patel,Male,39,Marketing,Marketing Executive,B.Tech,19,95901,Delhi,2015-03-07,Yes,5,Yes
4252,Sneha Mehta,Male,23,Marketing,SEO Specialist,B.Com,3,56055,Chennai,2022-12-18,No,4,No
4253,Vikas Sharma,Female,42,HR,HR Executive,Graduate,20,86731,Mumbai,2021-05-17,No,2,No
4254,Pooja Mehta,Female,40,Sales,Sales Executive,M.Com,13,79414,Mumbai,2022-11-30,Yes,3,No
4255,Pooja Singh,Female,38,HR,HR Executive,M.Com,14,78343,Delhi,2022-09-28,Yes,5,No
4256,Kiran Yadav,Female,24,Marketing,SEO Specialist,M.Com,4,57009,Lucknow,2024-06-16,No,2,Yes
4257,Priya Sharma,Male,29,Finance,Financial Analyst,B.Com,3,63901,Chennai,2024-08-26,No,3,No
4258,Rohan Singh,Female,25,Sales,Sales Manager,B.Tech,1,46352,Lucknow,2023-06-15,No,5,No
4259,Sonia Kumar,Male,42,HR,HR Executive,Graduate,16,77362,Ahmedabad,2024-12-14,Yes,5,No
4260,Nisha Verma,Male,36,IT,QA Engineer,B.Com,8,88015,Lucknow,2019-08-20,No,4,No
4261,Deepak Mehta,Female,39,Sales,Sales Executive,B.Com,15,82752,Pune,2015-02-24,No,5,No
4262,Deepak Kumar,Female,29,Sales,Sales Manager,B.Com,1,46092,Kolkata,2024-02-23,No,3,No
4263,Pooja Verma,Female,46,Sales,Sales Executive,B.Tech,18,93354,Chennai,2019-03-08,No,1,Yes
4264,Neha Kumar,Male,31,Finance,Financial Analyst,B.Tech,4,67136,Pune,2019-08-25,No,2,Yes
4265,Sneha Roy,Female,31,Sales,Sales Executive,MBA,3,50872,Mumbai,2022-11-22,No,5,No
4266,Rahul Joshi,Female,21,Marketing,SEO Specialist,B.Tech,0,50444,Delhi,2015-04-20,No,4,No
4267,Rohan Singh,Male,42,IT,QA Engineer,B.Tech,12,99361,Pune,2019-02-03,Yes,3,No
4268,Deepak Yadav,Female,22,Marketing,SEO Specialist,B.Com,2,51554,Delhi,2016-05-21,No,2,No
4269,Kiran Singh,Male,43,Finance,Accountant,Graduate,13,90468,Bengaluru,2016-07-10,No,3,No
4270,Vikas Sharma,Male,40,HR,HR Executive,B.Com,17,85844,Ahmedabad,2021-04-03,No,3,No
4271,Rahul Gupta,Male,44,Finance,Accountant,B.Com,15,93165,Pune,2018-03-03,No,2,Yes
4272,Anjali Roy,Female,26,Marketing,Marketing Executive,M.Com,4,57320,Ahmedabad,2023-07-28,No,2,Yes
4273,Rahul Singh,Female,38,Sales,Sales Executive,B.Tech,11,73055,Kolkata,2024-01-09,Yes,1,Yes
4274,Kiran Mehta,Female,33,Sales,Sales Manager,B.Com,13,76223,Kolkata,2024-04-10,Yes,4,No
4275,Sneha Mehta,Male,25,Sales,Sales Manager,M.Com,5,57175,Ahmedabad,2022-09-19,No,4,No
4276,Rahul Gupta,Male,41,HR,Recruiter,M.Com,12,69004,Noida,2016-06-19,Yes,5,No
4277,Mohit Singh,Female,47,Finance,Financial Analyst,MBA,20,109700,Jaipur,2022-03-26,No,3,No
4278,Sonia Joshi,Female,25,Operations,Operations Executive,Graduate,2,51407,Noida,2018-04-05,No,3,No
4279,Neha Joshi,Male,42,Operations,Supervisor,M.Com,17,86679,Pune,2022-01-25,No,2,Yes
4280,Nisha Gupta,Female,44,Finance,Financial Analyst,B.Com,15,94422,Chennai,2023-10-08,Yes,2,Yes
4281,Amit Sharma,Male,43,Finance,Accountant,Graduate,14,86407,Delhi,2024-02-01,No,4,No
4282,Sneha Singh,Male,30,HR,Recruiter,M.Com,8,63267,Lucknow,2019-06-07,No,4,No
4283,Anjali Singh,Female,31,Marketing,Marketing Executive,B.Com,10,72151,Delhi,2021-05-03,No,5,No
4284,Arjun Kumar,Male,38,HR,Recruiter,B.Tech,8,60784,Chennai,2018-01-22,No,5,No
4285,Sneha Singh,Male,38,Finance,Financial Analyst,Graduate,13,84605,Chennai,2024-07-27,No,5,No
4286,Sonia Verma,Male,29,Finance,Financial Analyst,MBA,4,61047,Jaipur,2017-11-14,No,2,No
4287,Vikas Gupta,Male,41,Finance,Financial Analyst,B.Tech,11,84831,Delhi,2023-02-06,Yes,4,No
4288,Amit Roy,Female,22,IT,Analyst,Graduate,2,69907,Mumbai,2016-01-13,No,5,No
4289,Vikas Yadav,Female,26,Marketing,SEO Specialist,B.Com,0,44398,Ahmedabad,2020-05-25,No,5,No
4290,Sonia Verma,Female,35,Operations,Supervisor,M.Com,8,59483,Jaipur,2016-11-28,No,1,Yes
4291,Kiran Kumar,Female,27,Marketing,SEO Specialist,B.Tech,7,64072,Kolkata,2024-07-03,Yes,2,Yes
4292,Kiran Sharma,Male,39,Finance,Financial Analyst,MBA,12,83389,Kolkata,2021-04-13,No,3,No
4293,Kiran Singh,Female,37,Operations,Operations Executive,M.Com,7,64254,Noida,2018-01-02,No,3,No
4294,Rahul Roy,Female,49,Sales,Sales Manager,M.Com,19,97453,Bengaluru,2023-08-24,Yes,2,No
4295,Vikas Yadav,Female,36,Sales,Sales Executive,Graduate,7,58126,Delhi,2024-05-20,No,5,No
4296,Vikas Patel,Male,35,Operations,Operations Executive,M.Com,12,73390,Kolkata,2019-01-09,No,2,No
4297,Sonia Verma,Female,40,Finance,Financial Analyst,MBA,20,104922,Chennai,2022-05-02,Yes,5,No
4298,Anjali Roy,Female,33,Finance,Financial Analyst,Graduate,11,85409,Lucknow,2021-02-06,No,2,No
4299,Kiran Joshi,Male,37,Sales,Sales Manager,B.Com,9,72211,Chennai,2016-01-01,Yes,5,No
4300,Pooja Verma,Male,34,HR,HR Executive,Graduate,10,68996,Pune,2022-05-14,Yes,2,No
4301,Neha Verma,Male,40,IT,Analyst,B.Com,12,99370,Kolkata,2015-03-22,Yes,2,Yes
4302,Mohit Patel,Male,27,Sales,Sales Executive,B.Tech,2,53187,Noida,2016-07-08,No,4,No
4303,Mohit Joshi,Female,43,Operations,Operations Executive,MBA,18,88777,Pune,2019-02-02,No,1,Yes
4304,Priya Sharma,Female,36,Operations,Operations Executive,MBA,11,66624,Kolkata,2015-04-16,No,5,No
4305,Mohit Joshi,Female,34,Operations,Supervisor,Graduate,5,53150,Lucknow,2016-08-11,No,2,Yes
4306,Deepak Roy,Female,31,Operations,Supervisor,M.Com,6,61807,Bengaluru,2019-08-09,No,4,No
4307,Sonia Sharma,Male,36,Operations,Operations Executive,B.Com,11,65054,Lucknow,2017-10-02,No,4,No
4308,Deepak Gupta,Female,29,Operations,Operations Executive,B.Tech,1,48451,Kolkata,2019-07-10,No,1,No
4309,Anjali Joshi,Female,40,HR,Recruiter,B.Tech,20,90243,Bengaluru,2022-03-13,Yes,5,Yes
4310,Vikas Verma,Female,34,Finance,Financial Analyst,B.Tech,13,92138,Jaipur,2023-03-09,No,2,Yes
4311,Priya Verma,Female,30,Sales,Sales Manager,B.Com,7,61333,Mumbai,2023-05-05,Yes,3,No
4312,Rohan Verma,Female,35,IT,QA Engineer,M.Com,13,100724,Pune,2017-06-14,Yes,1,Yes
4313,Rohan Roy,Male,30,Sales,Sales Executive,M.Com,10,70294,Delhi,2018-08-01,Yes,2,Yes
4314,Anjali Verma,Female,45,Marketing,SEO Specialist,M.Com,15,89735,Delhi,2018-12-26,Yes,4,No
4315,Vikas Yadav,Male,42,Marketing,SEO Specialist,MBA,17,95012,Chennai,2020-06-08,No,1,No
4316,Nisha Gupta,Female,48,Finance,Financial Analyst,Graduate,20,108636,Pune,2020-09-03,No,3,No
4317,Neha Yadav,Female,49,HR,HR Executive,B.Com,20,93769,Lucknow,2023-11-21,Yes,3,No
4318,Neha Kumar,Male,37,IT,Developer,B.Com,10,89111,Bengaluru,2019-12-02,Yes,4,No
4319,Nisha Mehta,Male,41,Marketing,SEO Specialist,B.Tech,14,84048,Lucknow,2024-08-12,Yes,4,No
4320,Arjun Sharma,Male,48,Finance,Accountant,B.Tech,18,103812,Chennai,2021-09-01,Yes,2,Yes
4321,Rohan Sharma,Female,34,HR,Recruiter,B.Com,10,65745,Noida,2021-03-04,Yes,1,Yes
4322,Neha Kumar,Female,31,Marketing,Marketing Executive,B.Com,7,65462,Pune,2022-05-17,Yes,2,Yes
4323,Nisha Gupta,Male,27,IT,QA Engineer,M.Com,1,68008,Lucknow,2024-11-02,No,2,Yes
4324,Pooja Yadav,Male,37,Marketing,Marketing Executive,B.Com,17,94844,Ahmedabad,2017-01-31,Yes,4,No
4325,Priya Roy,Female,45,Marketing,SEO Specialist,MBA,15,85828,Delhi,2016-08-22,No,4,No
4326,Deepak Yadav,Female,42,Marketing,SEO Specialist,Graduate,15,84096,Chennai,2017-10-09,No,5,No
4327,Arjun Patel,Male,45,Finance,Financial Analyst,B.Tech,18,103245,Delhi,2023-11-14,No,3,No
4328,Arjun Singh,Male,33,Finance,Accountant,M.Com,4,66549,Chennai,2023-03-07,No,2,No
4329,Sneha Patel,Male,27,IT,Analyst,MBA,5,79131,Delhi,2020-10-17,No,3,No
4330,Sneha Verma,Female,43,Sales,Sales Manager,MBA,19,88784,Bengaluru,2020-02-23,Yes,3,No
4331,Mohit Mehta,Male,38,Operations,Supervisor,Graduate,10,63483,Ahmedabad,2020-02-29,No,5,No
4332,Rahul Yadav,Female,33,Sales,Sales Executive,B.Com,10,74021,Lucknow,2018-10-19,No,1,Yes
4333,Rahul Singh,Female,34,HR,HR Executive,B.Com,14,75721,Noida,2019-08-29,Yes,1,No
4334,Deepak Mehta,Female,40,Sales,Sales Manager,MBA,12,73970,Ahmedabad,2017-01-20,Yes,5,No
4335,Neha Verma,Female,39,Marketing,SEO Specialist,Graduate,17,87329,Ahmedabad,2016-11-29,No,3,No
4336,Mohit Verma,Female,26,IT,Developer,M.Com,0,63149,Kolkata,2020-12-07,No,5,Yes
4337,Mohit Yadav,Male,39,Sales,Sales Manager,B.Tech,16,86964,Jaipur,2016-10-25,Yes,5,No
4338,Sonia Verma,Female,39,HR,Recruiter,B.Tech,12,72876,Noida,2018-12-28,Yes,3,No
4339,Amit Kumar,Female,40,HR,Recruiter,B.Com,10,67240,Chennai,2015-02-18,Yes,4,No
4340,Rahul Verma,Female,44,Operations,Supervisor,M.Com,16,78059,Kolkata,2020-12-05,No,1,No
4341,Neha Gupta,Female,38,Sales,Sales Executive,M.Com,11,69940,Bengaluru,2015-03-09,No,1,No
4342,Neha Gupta,Male,28,Marketing,SEO Specialist,M.Com,7,67153,Jaipur,2019-10-20,No,4,Yes
4343,Amit Patel,Male,37,HR,Recruiter,B.Com,7,57161,Bengaluru,2015-07-04,No,1,No
4344,Nisha Yadav,Male,48,HR,Recruiter,B.Com,20,94620,Bengaluru,2019-07-22,No,2,Yes
4345,Nisha Verma,Male,32,Marketing,SEO Specialist,MBA,7,67661,Kolkata,2022-04-14,No,3,No
4346,Anjali Sharma,Male,36,IT,QA Engineer,MBA,12,97982,Pune,2020-09-19,Yes,2,No
4347,Vikas Verma,Female,26,Sales,Sales Executive,Graduate,2,48014,Delhi,2022-02-18,No,3,No
4348,Anjali Kumar,Female,34,Sales,Sales Manager,Graduate,11,77194,Bengaluru,2024-10-15,No,5,Yes
4349,Neha Roy,Male,44,HR,HR Executive,B.Com,18,81793,Kolkata,2020-01-09,No,4,Yes
4350,Vikas Joshi,Female,38,HR,HR Executive,MBA,12,73737,Kolkata,2017-07-30,No,5,No
4351,Rahul Gupta,Female,31,HR,Recruiter,MBA,11,64157,Noida,2019-08-02,Yes,4,No
4352,Vikas Kumar,Female,34,IT,Developer,B.Com,11,94409,Lucknow,2020-08-12,Yes,1,Yes
4353,Neha Roy,Female,49,Finance,Accountant,MBA,20,105063,Noida,2015-09-03,Yes,4,No
4354,Rohan Patel,Male,36,Sales,Sales Manager,Graduate,15,84451,Jaipur,2024-04-10,No,1,No
4355,Rohan Gupta,Female,25,Sales,Sales Executive,B.Com,1,46800,Jaipur,2019-10-28,No,1,Yes
4356,Deepak Verma,Male,43,Operations,Supervisor,B.Com,19,90547,Delhi,2021-06-06,No,3,No
4357,Anjali Verma,Male,47,Sales,Sales Manager,B.Tech,19,95447,Mumbai,2024-02-03,No,4,No
4358,Rohan Yadav,Male,32,Sales,Sales Manager,B.Tech,5,59330,Delhi,2022-05-26,No,1,No
4359,Vikas Singh,Female,34,IT,QA Engineer,MBA,13,95618,Mumbai,2018-12-17,Yes,3,No
4360,Sneha Singh,Female,25,Finance,Accountant,B.Com,4,63404,Lucknow,2016-05-18,No,5,No
4361,Nisha Mehta,Female,34,Sales,Sales Executive,B.Com,4,55931,Bengaluru,2019-02-15,No,2,No
4362,Priya Patel,Male,38,Operations,Operations Executive,MBA,16,77216,Chennai,2019-05-22,Yes,4,No
4363,Priya Kumar,Male,43,IT,Analyst,MBA,15,99225,Ahmedabad,2020-01-23,No,2,Yes
4364,Pooja Patel,Male,40,Finance,Financial Analyst,B.Com,13,87274,Ahmedabad,2020-09-06,Yes,4,No
4365,Priya Yadav,Male,38,Operations,Supervisor,B.Tech,14,81561,Ahmedabad,2017-03-05,No,2,No
4366,Nisha Gupta,Male,38,IT,Developer,M.Com,12,98267,Jaipur,2024-10-30,No,3,No
4367,Deepak Singh,Male,48,Finance,Financial Analyst,M.Com,20,103428,Chennai,2016-05-20,Yes,2,Yes
4368,Neha Gupta,Male,33,HR,HR Executive,B.Com,10,64954,Delhi,2017-02-14,No,1,No
4369,Mohit Sharma,Male,38,HR,HR Executive,B.Com,12,69580,Pune,2019-10-01,Yes,5,No
4370,Pooja Roy,Male,45,Marketing,Marketing Executive,B.Tech,16,88986,Ahmedabad,2023-09-09,Yes,2,Yes
4371,Amit Mehta,Female,29,IT,Analyst,MBA,8,85202,Pune,2019-03-27,Yes,5,No
4372,Sonia Kumar,Male,37,Operations,Supervisor,M.Com,12,67976,Kolkata,2019-08-08,No,3,No
4373,Deepak Yadav,Male,41,Operations,Operations Executive,MBA,19,86869,Lucknow,2022-10-23,No,3,No
4374,Nisha Sharma,Female,35,HR,Recruiter,MBA,13,68565,Chennai,2020-05-20,Yes,1,Yes
4375,Deepak Yadav,Male,22,Marketing,SEO Specialist,M.Com,2,57246,Lucknow,2018-12-20,No,5,No
4376,Neha Patel,Male,40,HR,HR Executive,M.Com,17,84360,Pune,2024-01-29,Yes,5,No
4377,Priya Joshi,Male,26,Finance,Accountant,B.Com,6,73609,Mumbai,2017-03-20,Yes,4,No
4378,Amit Kumar,Female,26,HR,Recruiter,M.Com,1,43908,Bengaluru,2015-06-12,No,2,Yes
4379,Neha Verma,Male,40,Marketing,Marketing Executive,M.Com,10,75354,Pune,2020-12-09,No,5,No
4380,Pooja Roy,Male,28,Marketing,Marketing Executive,B.Tech,3,53352,Bengaluru,2016-12-09,No,2,No
4381,Sonia Gupta,Female,27,HR,Recruiter,MBA,3,52210,Noida,2018-04-26,No,2,No
4382,Anjali Joshi,Male,43,Marketing,Marketing Executive,B.Tech,17,90600,Jaipur,2015-08-02,No,3,No
4383,Arjun Sharma,Female,38,IT,Analyst,B.Tech,12,99808,Kolkata,2019-01-12,No,5,No
4384,Amit Joshi,Female,44,IT,QA Engineer,Graduate,17,108412,Pune,2023-05-21,No,1,Yes
4385,Rohan Verma,Male,36,HR,HR Executive,MBA,14,71556,Noida,2022-12-04,No,1,No
4386,Amit Singh,Female,42,Sales,Sales Executive,MBA,13,79389,Lucknow,2018-07-03,Yes,3,Yes
4387,Neha Yadav,Male,26,IT,QA Engineer,B.Tech,0,62725,Mumbai,2022-09-13,No,2,No
4388,Priya Singh,Male,35,Finance,Accountant,Graduate,12,83786,Ahmedabad,2021-03-01,Yes,1,Yes
4389,Amit Gupta,Female,35,HR,HR Executive,B.Com,14,79864,Chennai,2023-04-13,No,5,No
4390,Deepak Gupta,Male,28,Sales,Sales Manager,M.Com,0,41205,Pune,2015-02-17,No,5,No
4391,Priya Gupta,Female,33,Operations,Operations Executive,B.Tech,11,71335,Noida,2020-04-16,Yes,2,Yes
4392,Neha Sharma,Female,40,IT,Analyst,M.Com,20,112458,Lucknow,2019-03-22,No,2,No
4393,Anjali Roy,Female,33,Operations,Supervisor,Graduate,13,72261,Bengaluru,2019-02-09,No,3,No
4394,Rahul Roy,Male,26,Marketing,SEO Specialist,B.Tech,1,53213,Mumbai,2017-02-23,No,1,Yes
4395,Vikas Mehta,Male,28,Finance,Accountant,Graduate,3,66133,Ahmedabad,2020-11-10,No,4,No
4396,Rohan Mehta,Male,31,HR,Recruiter,B.Tech,10,61533,Bengaluru,2016-04-20,No,1,Yes
4397,Neha Joshi,Female,37,Finance,Accountant,M.Com,14,86218,Jaipur,2020-04-08,No,2,Yes
4398,Amit Singh,Female,34,Marketing,Marketing Executive,M.Com,10,73201,Jaipur,2017-02-25,No,1,No
4399,Arjun Kumar,Male,34,HR,Recruiter,MBA,14,76339,Kolkata,2016-04-09,No,1,Yes
4400,Sneha Roy,Male,32,IT,QA Engineer,M.Com,2,73558,Lucknow,2015-05-02,No,1,Yes
4401,Rohan Kumar,Female,28,Finance,Financial Analyst,Graduate,8,70502,Ahmedabad,2023-04-02,No,1,No
4402,Rohan Kumar,Male,28,Marketing,SEO Specialist,Graduate,4,54230,Noida,2018-02-21,No,1,Yes
4403,Rahul Verma,Male,40,Sales,Sales Executive,M.Com,15,82278,Bengaluru,2023-06-11,Yes,4,No
4404,Mohit Joshi,Male,23,IT,Analyst,Graduate,2,71925,Lucknow,2015-08-13,No,5,No
4405,Deepak Roy,Male,27,Marketing,SEO Specialist,M.Com,4,57572,Bengaluru,2016-08-24,No,4,No
4406,Amit Yadav,Female,29,Sales,Sales Executive,B.Tech,6,56614,Bengaluru,2023-11-21,Yes,4,No
4407,Kiran Verma,Female,26,HR,HR Executive,Graduate,3,50295,Ahmedabad,2018-04-05,No,1,No
4408,Anjali Yadav,Female,49,Marketing,Marketing Executive,Graduate,19,91245,Kolkata,2022-09-04,No,4,No
4409,Anjali Patel,Female,27,Marketing,SEO Specialist,MBA,7,64993,Pune,2018-02-13,No,1,No
4410,Neha Yadav,Male,32,Sales,Sales Manager,MBA,7,67473,Lucknow,2020-05-11,No,4,No
4411,Anjali Sharma,Male,32,IT,Developer,Graduate,2,72924,Kolkata,2015-01-17,No,3,Yes
4412,Rahul Joshi,Female,45,Sales,Sales Executive,B.Tech,19,96626,Lucknow,2015-03-15,Yes,5,No
4413,Kiran Kumar,Female,44,HR,Recruiter,M.Com,19,90414,Kolkata,2017-12-29,Yes,5,No
4414,Arjun Singh,Female,35,HR,HR Executive,B.Com,12,74934,Lucknow,2015-11-12,Yes,5,No
4415,Mohit Mehta,Male,31,Sales,Sales Executive,M.Com,1,48746,Kolkata,2021-11-09,No,2,No
4416,Pooja Kumar,Female,23,IT,QA Engineer,MBA,2,67459,Mumbai,2021-07-14,No,1,Yes
4417,Deepak Verma,Male,28,IT,QA Engineer,B.Tech,7,80537,Jaipur,2018-11-19,No,3,No
4418,Anjali Roy,Male,35,HR,HR Executive,MBA,13,75044,Pune,2023-11-15,Yes,1,No
4419,Arjun Patel,Male,47,Sales,Sales Executive,Graduate,20,93809,Chennai,2023-10-18,Yes,4,No
4420,Neha Gupta,Female,25,Sales,Sales Manager,Graduate,5,59697,Chennai,2020-05-24,No,5,No
4421,Arjun Gupta,Male,43,Operations,Operations Executive,Graduate,19,86850,Chennai,2018-09-10,No,3,Yes
4422,Vikas Patel,Male,41,Sales,Sales Executive,M.Com,11,76468,Pune,2022-12-02,No,4,No
4423,Arjun Singh,Female,43,Finance,Accountant,B.Com,18,102435,Mumbai,2016-02-12,No,2,Yes
4424,Neha Sharma,Male,32,HR,Recruiter,B.Tech,7,54198,Pune,2017-04-29,Yes,1,No
4425,Kiran Singh,Female,23,Sales,Sales Executive,MBA,1,46762,Mumbai,2018-02-16,No,4,No
4426,Mohit Gupta,Male,26,Operations,Supervisor,Graduate,4,50737,Chennai,2023-10-22,No,2,No
4427,Mohit Verma,Female,35,Sales,Sales Manager,B.Com,6,56717,Mumbai,2018-12-17,No,2,Yes
4428,Pooja Joshi,Male,28,HR,HR Executive,M.Com,7,59450,Noida,2015-08-10,Yes,5,No
4429,Kiran Joshi,Female,32,Sales,Sales Executive,B.Com,3,51299,Delhi,2018-05-20,No,1,No
4430,Neha Verma,Male,44,IT,Developer,M.Com,14,99559,Delhi,2021-02-05,No,4,No
4431,Amit Roy,Female,37,Operations,Supervisor,Graduate,8,61367,Delhi,2018-07-06,No,4,No
4432,Arjun Singh,Male,32,Sales,Sales Executive,B.Com,7,62774,Mumbai,2017-12-16,No,5,No
4433,Anjali Roy,Female,43,Marketing,Marketing Executive,B.Tech,20,101478,Kolkata,2023-03-06,No,3,Yes
4434,Priya Sharma,Male,34,Finance,Financial Analyst,Graduate,11,85110,Jaipur,2018-08-08,Yes,1,No
4435,Neha Singh,Male,43,Finance,Accountant,M.Com,13,90584,Noida,2023-08-02,Yes,1,No
4436,Deepak Verma,Male,43,HR,Recruiter,Graduate,18,85520,Pune,2017-04-21,Yes,2,Yes
4437,Amit Yadav,Male,44,Finance,Accountant,B.Com,15,88764,Chennai,2020-06-12,No,4,Yes
4438,Rahul Singh,Female,21,IT,Analyst,MBA,1,67198,Bengaluru,2015-07-04,No,3,No
4439,Sneha Gupta,Male,31,Finance,Accountant,M.Com,9,77391,Lucknow,2017-09-25,No,4,No
4440,Pooja Singh,Female,48,IT,Developer,Graduate,18,114927,Ahmedabad,2019-04-25,No,1,Yes
4441,Deepak Verma,Male,30,IT,Analyst,B.Tech,1,68162,Delhi,2022-06-02,No,4,No
4442,Rohan Gupta,Female,32,Marketing,SEO Specialist,B.Tech,3,60403,Ahmedabad,2023-12-24,No,4,No
4443,Amit Gupta,Female,38,Operations,Operations Executive,B.Tech,17,86827,Lucknow,2018-07-12,Yes,3,No
4444,Arjun Roy,Female,39,Finance,Financial Analyst,B.Com,15,87657,Chennai,2023-03-07,Yes,5,No
4445,Rohan Sharma,Male,27,Operations,Supervisor,B.Com,7,54893,Delhi,2022-01-14,Yes,1,Yes
4446,Vikas Gupta,Female,47,Finance,Financial Analyst,B.Com,20,100313,Bengaluru,2023-10-22,Yes,5,Yes
4447,Rohan Gupta,Female,21,HR,Recruiter,B.Com,1,38158,Ahmedabad,2018-04-14,No,3,Yes
4448,Amit Patel,Female,39,Finance,Accountant,B.Tech,16,94844,Jaipur,2019-01-19,Yes,5,No
4449,Kiran Roy,Male,29,Finance,Financial Analyst,Graduate,4,67266,Noida,2017-02-27,No,4,Yes
4450,Amit Mehta,Female,25,Marketing,Marketing Executive,B.Tech,3,52249,Chennai,2022-08-22,No,4,No
4451,Sonia Roy,Male,39,Sales,Sales Manager,Graduate,19,92550,Jaipur,2019-12-04,No,2,Yes
4452,Arjun Sharma,Male,35,Operations,Operations Executive,MBA,8,64933,Pune,2024-05-05,No,4,No
4453,Vikas Mehta,Male,45,HR,Recruiter,B.Tech,18,86586,Bengaluru,2019-03-20,Yes,4,Yes
4454,Rohan Patel,Male,44,Finance,Accountant,B.Com,18,99634,Pune,2021-10-22,No,3,No
4455,Sonia Roy,Female,37,IT,QA Engineer,B.Com,16,101442,Mumbai,2023-05-14,Yes,2,No
4456,Amit Sharma,Female,39,Marketing,SEO Specialist,M.Com,14,87415,Lucknow,2020-12-11,No,1,No
4457,Mohit Sharma,Female,34,Marketing,SEO Specialist,MBA,8,66844,Ahmedabad,2021-04-14,No,5,No
4458,Anjali Mehta,Male,50,Finance,Accountant,B.Tech,20,107820,Pune,2020-04-09,No,4,No
4459,Neha Yadav,Female,29,Sales,Sales Executive,B.Com,4,51827,Chennai,2021-01-12,No,5,No
4460,Kiran Joshi,Male,36,Finance,Accountant,B.Com,9,79630,Noida,2019-06-28,No,4,No
4461,Neha Roy,Male,31,Marketing,SEO Specialist,B.Com,6,60681,Ahmedabad,2021-06-20,Yes,4,No
4462,Deepak Yadav,Female,41,HR,HR Executive,B.Com,16,81888,Jaipur,2022-01-17,Yes,4,No
4463,Nisha Singh,Female,31,Finance,Financial Analyst,Graduate,1,57464,Lucknow,2020-05-09,No,3,No
4464,Sneha Gupta,Male,34,Finance,Financial Analyst,B.Tech,14,87208,Chennai,2022-10-26,No,3,No
4465,Sneha Yadav,Male,31,Sales,Sales Executive,M.Com,1,51318,Bengaluru,2018-08-19,No,3,No
4466,Vikas Yadav,Female,41,Sales,Sales Executive,MBA,17,88348,Lucknow,2022-05-04,No,3,No
4467,Sonia Sharma,Male,30,Operations,Supervisor,MBA,8,57052,Ahmedabad,2018-10-30,No,3,Yes
4468,Amit Mehta,Female,37,Operations,Supervisor,MBA,15,83150,Jaipur,2022-07-16,No,2,Yes
4469,Sonia Kumar,Male,23,Finance,Financial Analyst,M.Com,0,56713,Bengaluru,2021-01-22,No,4,No
4470,Pooja Yadav,Female,39,Sales,Sales Executive,M.Com,17,92331,Lucknow,2015-08-20,Yes,3,No
4471,Rohan Joshi,Female,42,IT,Developer,B.Com,15,105151,Noida,2016-03-10,Yes,5,No
4472,Sonia Kumar,Female,36,Finance,Financial Analyst,B.Com,6,72017,Mumbai,2022-09-13,No,5,No
4473,Mohit Sharma,Female,22,Sales,Sales Manager,B.Com,1,48860,Kolkata,2019-10-16,No,5,Yes
4474,Deepak Joshi,Female,26,IT,Developer,MBA,6,82835,Pune,2017-06-02,Yes,1,Yes
4475,Pooja Patel,Female,32,Finance,Accountant,B.Com,9,75413,Delhi,2023-07-02,No,4,No
4476,Pooja Patel,Male,42,HR,Recruiter,B.Tech,12,74457,Delhi,2016-04-28,No,3,No
4477,Vikas Gupta,Female,23,IT,QA Engineer,B.Tech,2,73886,Noida,2016-01-22,No,2,No
4478,Pooja Yadav,Female,42,HR,Recruiter,M.Com,20,85450,Chennai,2015-09-01,No,2,No
4479,Kiran Roy,Male,27,Sales,Sales Manager,B.Tech,4,59403,Mumbai,2021-04-03,No,3,No
4480,Amit Verma,Female,40,Marketing,Marketing Executive,MBA,16,89306,Ahmedabad,2018-06-09,No,2,Yes
4481,Vikas Kumar,Male,34,Finance,Financial Analyst,Graduate,4,61299,Lucknow,2024-02-17,No,4,No
4482,Arjun Mehta,Female,28,Sales,Sales Executive,M.Com,6,61955,Mumbai,2024-08-31,Yes,4,No
4483,Deepak Joshi,Female,44,Finance,Accountant,MBA,17,100485,Kolkata,2024-11-12,No,5,No
4484,Nisha Joshi,Female,36,Finance,Accountant,Graduate,14,93297,Bengaluru,2021-01-14,No,4,No
4485,Sneha Kumar,Female,40,HR,Recruiter,Graduate,14,72709,Lucknow,2023-11-28,No,5,No
4486,Kiran Sharma,Male,28,Finance,Financial Analyst,Graduate,7,75917,Chennai,2017-12-16,Yes,1,Yes
4487,Vikas Gupta,Male,33,HR,Recruiter,B.Com,4,49584,Noida,2015-08-19,No,2,No
4488,Priya Singh,Female,45,Sales,Sales Executive,Graduate,19,91137,Noida,2017-05-08,Yes,3,No
4489,Deepak Verma,Male,38,Operations,Supervisor,Graduate,10,66950,Delhi,2024-10-25,No,3,No
4490,Sneha Yadav,Female,32,Operations,Operations Executive,M.Com,2,49555,Pune,2016-01-13,No,3,No
4491,Sonia Sharma,Female,26,HR,HR Executive,Graduate,5,54795,Noida,2017-08-24,No,2,Yes
4492,Nisha Kumar,Male,38,Operations,Supervisor,Graduate,9,62314,Delhi,2021-03-09,No,4,No
4493,Nisha Yadav,Female,25,Finance,Accountant,MBA,2,63588,Lucknow,2024-06-29,No,4,No
4494,Neha Singh,Female,31,HR,HR Executive,Graduate,8,60593,Bengaluru,2024-04-17,No,5,No
4495,Pooja Yadav,Female,22,Sales,Sales Executive,MBA,1,47674,Ahmedabad,2021-06-01,No,2,No
4496,Deepak Gupta,Male,42,Finance,Financial Analyst,B.Com,19,101989,Lucknow,2019-09-05,No,4,No
4497,Rahul Patel,Male,29,Finance,Financial Analyst,B.Tech,4,67736,Delhi,2018-01-24,No,3,Yes
4498,Sneha Patel,Female,42,Finance,Accountant,B.Com,18,103195,Mumbai,2023-07-11,No,4,No
4499,Amit Gupta,Female,36,Finance,Accountant,Graduate,15,89397,Chennai,2016-02-02,No,3,No
4500,Nisha Sharma,Female,35,Finance,Financial Analyst,B.Tech,10,83029,Bengaluru,2019-04-12,No,1,No
4501,Anjali Sharma,Female,33,HR,HR Executive,B.Tech,9,59751,Delhi,2016-08-16,Yes,5,No
4502,Vikas Mehta,Male,31,HR,Recruiter,B.Com,10,63724,Ahmedabad,2023-08-24,No,4,No
4503,Rohan Kumar,Male,31,HR,HR Executive,M.Com,9,61674,Jaipur,2020-08-30,No,1,Yes
4504,Vikas Gupta,Male,38,Operations,Supervisor,MBA,17,86694,Pune,2017-12-20,No,1,Yes
4505,Neha Roy,Female,47,Marketing,Marketing Executive,B.Tech,20,99413,Delhi,2018-07-05,No,4,No
4506,Amit Roy,Male,41,HR,Recruiter,B.Com,15,72727,Bengaluru,2016-03-30,Yes,1,No
4507,Nisha Roy,Female,40,IT,Analyst,Graduate,16,106024,Jaipur,2022-01-04,Yes,3,No
4508,Rohan Joshi,Male,37,Finance,Accountant,B.Tech,15,89012,Pune,2016-12-25,No,5,No
4509,Pooja Roy,Female,49,HR,HR Executive,MBA,20,87474,Jaipur,2016-12-24,No,1,Yes
4510,Pooja Joshi,Female,28,Finance,Financial Analyst,B.Tech,8,78583,Ahmedabad,2015-07-04,No,5,No
4511,Sneha Yadav,Male,41,Operations,Operations Executive,Graduate,12,75739,Kolkata,2023-09-07,Yes,5,Yes
4512,Sonia Singh,Male,34,IT,Analyst,MBA,13,92738,Delhi,2020-07-03,Yes,5,No
4513,Nisha Joshi,Female,46,Operations,Operations Executive,B.Tech,20,90947,Noida,2018-10-12,No,4,Yes
4514,Nisha Gupta,Female,40,Finance,Financial Analyst,MBA,14,86259,Jaipur,2021-06-03,Yes,4,No
4515,Sonia Sharma,Male,29,HR,HR Executive,MBA,4,48989,Lucknow,2017-02-09,No,4,No
4516,Mohit Roy,Female,31,Sales,Sales Executive,B.Com,11,76504,Ahmedabad,2021-11-13,Yes,1,Yes
4517,Sneha Mehta,Female,40,HR,Recruiter,B.Com,17,82210,Bengaluru,2019-11-26,No,1,No
4518,Deepak Yadav,Female,41,IT,Developer,B.Com,18,105447,Chennai,2022-11-13,Yes,1,Yes
4519,Anjali Gupta,Male,47,Operations,Operations Executive,B.Tech,20,87625,Bengaluru,2022-08-30,No,4,No
4520,Rahul Roy,Male,39,Finance,Accountant,MBA,19,102659,Ahmedabad,2020-04-08,Yes,5,No
4521,Nisha Sharma,Female,33,Finance,Accountant,B.Com,8,71860,Kolkata,2015-07-15,No,2,Yes
4522,Mohit Patel,Male,40,Sales,Sales Executive,M.Com,15,82395,Bengaluru,2023-09-09,No,4,No
4523,Priya Kumar,Female,34,HR,HR Executive,B.Tech,12,73364,Mumbai,2018-11-11,Yes,2,No
4524,Rohan Roy,Male,32,Marketing,Marketing Executive,Graduate,11,75736,Ahmedabad,2018-09-11,Yes,3,No
4525,Nisha Mehta,Male,43,Marketing,SEO Specialist,Graduate,16,88661,Kolkata,2021-12-24,No,1,No
4526,Anjali Patel,Male,32,HR,HR Executive,B.Tech,11,67243,Lucknow,2024-04-01,No,1,Yes
4527,Anjali Yadav,Male,36,HR,HR Executive,M.Com,10,69510,Kolkata,2023-12-30,Yes,5,No
4528,Arjun Gupta,Male,42,Marketing,Marketing Executive,MBA,18,95341,Chennai,2021-05-12,Yes,2,No
4529,Rahul Patel,Male,32,HR,HR Executive,MBA,12,71012,Ahmedabad,2019-12-03,No,4,No
4530,Nisha Yadav,Male,43,IT,Analyst,B.Com,19,108918,Bengaluru,2021-05-13,No,2,No
4531,Nisha Gupta,Female,37,IT,QA Engineer,B.Com,13,95900,Bengaluru,2015-12-11,No,4,No
4532,Nisha Patel,Male,41,Sales,Sales Manager,MBA,13,74422,Noida,2018-08-02,No,3,Yes
4533,Arjun Sharma,Male,43,Marketing,Marketing Executive,MBA,14,87020,Delhi,2017-07-23,Yes,5,No
4534,Neha Joshi,Male,27,Sales,Sales Manager,Graduate,4,53943,Mumbai,2023-07-06,No,2,No
4535,Sonia Patel,Male,29,Sales,Sales Executive,B.Com,0,42515,Jaipur,2015-01-24,No,4,Yes
4536,Amit Kumar,Female,41,Finance,Financial Analyst,B.Tech,13,87467,Ahmedabad,2016-09-17,No,4,Yes
4537,Anjali Verma,Male,45,Operations,Operations Executive,B.Com,16,83856,Kolkata,2019-01-01,No,4,No
4538,Rohan Roy,Male,29,IT,Analyst,Graduate,6,75707,Ahmedabad,2023-12-10,Yes,5,No
4539,Deepak Verma,Female,31,Sales,Sales Manager,M.Com,3,53990,Kolkata,2021-04-26,No,2,Yes
4540,Amit Sharma,Female,33,Operations,Supervisor,M.Com,5,50614,Kolkata,2021-06-09,No,4,No
4541,Sneha Kumar,Male,37,Operations,Supervisor,M.Com,16,79615,Lucknow,2024-09-15,Yes,4,No
4542,Neha Joshi,Female,26,Marketing,SEO Specialist,B.Com,0,51944,Ahmedabad,2016-10-04,No,1,No
4543,Pooja Mehta,Male,27,HR,Recruiter,B.Tech,6,50676,Bengaluru,2021-04-07,Yes,5,Yes
4544,Priya Patel,Male,42,Marketing,SEO Specialist,B.Tech,14,87396,Kolkata,2020-12-27,Yes,1,No
4545,Vikas Yadav,Male,44,Finance,Financial Analyst,B.Tech,14,87219,Delhi,2015-10-15,Yes,4,Yes
4546,Mohit Roy,Male,49,Sales,Sales Executive,MBA,20,99469,Ahmedabad,2022-03-07,Yes,4,No
4547,Kiran Mehta,Female,35,Marketing,SEO Specialist,Graduate,5,60979,Bengaluru,2016-06-03,No,2,Yes
4548,Priya Singh,Female,35,HR,Recruiter,MBA,10,67972,Noida,2022-01-31,Yes,5,No
4549,Priya Verma,Female,36,Finance,Accountant,M.Com,10,77253,Kolkata,2023-02-07,No,3,No
4550,Rahul Sharma,Female,37,IT,QA Engineer,B.Tech,14,95639,Delhi,2019-08-01,No,3,No
4551,Anjali Patel,Female,40,Finance,Financial Analyst,M.Com,16,96569,Mumbai,2018-09-22,No,3,No
4552,Sneha Gupta,Male,48,HR,Recruiter,MBA,19,90459,Bengaluru,2018-11-05,No,5,No
4553,Anjali Kumar,Male,43,Sales,Sales Executive,M.Com,17,89084,Ahmedabad,2021-10-22,Yes,4,No
4554,Priya Mehta,Male,28,Marketing,Marketing Executive,M.Com,8,70101,Pune,2017-11-30,No,1,Yes
4555,Deepak Mehta,Male,43,Marketing,SEO Specialist,MBA,13,84307,Mumbai,2016-07-06,Yes,5,No
4556,Neha Sharma,Female,44,Sales,Sales Executive,B.Tech,20,96933,Jaipur,2019-08-16,Yes,5,No
4557,Deepak Joshi,Female,39,Sales,Sales Executive,M.Com,15,86587,Mumbai,2015-11-21,No,1,No
4558,Vikas Patel,Female,37,Finance,Financial Analyst,Graduate,7,73490,Chennai,2016-08-31,No,1,Yes
4559,Pooja Singh,Male,26,Finance,Financial Analyst,M.Com,2,64910,Lucknow,2015-01-27,No,1,No
4560,Amit Singh,Male,43,Operations,Supervisor,B.Com,18,87061,Bengaluru,2017-10-15,No,3,No
4561,Sonia Sharma,Male,34,Finance,Financial Analyst,MBA,4,68043,Mumbai,2022-04-19,No,3,No
4562,Sonia Verma,Female,46,Sales,Sales Executive,Graduate,17,90797,Jaipur,2015-08-20,No,4,No
4563,Sonia Singh,Female,37,Finance,Accountant,M.Com,11,86831,Noida,2022-01-13,Yes,1,Yes
4564,Rahul Roy,Male,28,IT,Analyst,B.Tech,8,82405,Pune,2018-01-09,Yes,3,Yes
4565,Amit Gupta,Female,48,Sales,Sales Executive,B.Tech,18,90023,Ahmedabad,2022-07-22,No,4,No
4566,Priya Mehta,Female,29,Finance,Financial Analyst,B.Tech,8,71338,Lucknow,2022-11-11,No,4,Yes
4567,Kiran Singh,Female,48,Marketing,SEO Specialist,B.Tech,20,101086,Mumbai,2015-09-01,No,3,No
4568,Amit Verma,Male,28,Marketing,Marketing Executive,B.Com,5,56314,Ahmedabad,2018-01-26,No,1,Yes
4569,Sneha Roy,Female,32,Finance,Financial Analyst,M.Com,8,74706,Bengaluru,2016-08-18,No,2,Yes
4570,Kiran Patel,Female,25,Operations,Supervisor,MBA,1,47240,Kolkata,2022-02-19,No,4,No
4571,Amit Sharma,Male,30,IT,QA Engineer,B.Com,9,91722,Ahmedabad,2023-11-20,No,1,Yes
4572,Vikas Patel,Male,33,Marketing,Marketing Executive,Graduate,9,68346,Mumbai,2017-10-11,No,5,No
4573,Sonia Sharma,Female,30,Marketing,Marketing Executive,B.Tech,4,58824,Kolkata,2021-10-11,No,5,No
4574,Sneha Mehta,Male,22,Marketing,SEO Specialist,MBA,2,53609,Bengaluru,2021-06-04,No,3,No
4575,Rohan Sharma,Female,37,Operations,Supervisor,Graduate,11,70238,Kolkata,2017-04-17,Yes,1,No
4576,Priya Gupta,Female,43,HR,Recruiter,B.Com,13,71046,Bengaluru,2022-04-10,Yes,1,No
4577,Neha Singh,Male,39,Sales,Sales Executive,MBA,19,95242,Jaipur,2020-11-12,Yes,2,No
4578,Mohit Mehta,Female,42,Sales,Sales Executive,M.Com,20,91550,Ahmedabad,2023-08-13,Yes,5,Yes
4579,Arjun Yadav,Male,35,HR,HR Executive,M.Com,15,78560,Pune,2022-03-28,No,1,Yes
4580,Rahul Yadav,Male,40,IT,Analyst,M.Com,14,97937,Mumbai,2024-11-02,No,3,No
4581,Anjali Joshi,Male,44,HR,Recruiter,M.Com,15,81106,Lucknow,2020-05-25,No,1,Yes
4582,Sonia Mehta,Male,43,IT,Analyst,B.Tech,20,119648,Bengaluru,2019-05-12,No,5,No
4583,Anjali Joshi,Female,33,Sales,Sales Executive,B.Com,3,57104,Mumbai,2020-09-07,No,5,No
4584,Sneha Joshi,Male,33,Finance,Financial Analyst,MBA,4,60292,Ahmedabad,2018-12-12,No,1,Yes
4585,Priya Singh,Male,42,Sales,Sales Manager,B.Com,14,83095,Pune,2017-07-06,Yes,1,Yes
4586,Kiran Singh,Female,36,HR,Recruiter,M.Com,6,54894,Lucknow,2015-09-18,Yes,4,No
4587,Mohit Yadav,Female,23,Operations,Supervisor,B.Com,1,41344,Chennai,2016-12-03,No,1,No
4588,Mohit Sharma,Male,46,Sales,Sales Manager,MBA,16,87603,Noida,2018-08-26,No,1,No
4589,Rahul Mehta,Male,25,Marketing,SEO Specialist,B.Com,0,46535,Mumbai,2019-04-19,No,4,No
4590,Sneha Verma,Female,39,Operations,Operations Executive,Graduate,15,80804,Lucknow,2022-08-02,No,2,Yes
4591,Anjali Joshi,Female,31,IT,Developer,Graduate,8,88831,Bengaluru,2019-12-26,No,4,No
4592,Arjun Patel,Female,33,Operations,Supervisor,B.Com,9,69473,Jaipur,2021-08-28,No,3,No
4593,Sonia Roy,Male,44,IT,Analyst,Graduate,20,113317,Lucknow,2023-01-14,No,5,No
4594,Arjun Singh,Female,37,Finance,Accountant,B.Tech,7,74283,Noida,2015-08-29,No,5,No
4595,Anjali Gupta,Male,23,Operations,Operations Executive,B.Tech,3,47637,Bengaluru,2016-06-18,No,1,No
4596,Sonia Sharma,Female,37,Operations,Operations Executive,B.Tech,11,71539,Delhi,2022-09-12,No,1,No
4597,Sneha Roy,Female,31,Operations,Supervisor,B.Tech,8,61458,Ahmedabad,2022-05-02,Yes,1,Yes
4598,Pooja Roy,Male,43,Sales,Sales Manager,B.Tech,13,78968,Noida,2023-02-18,No,3,No
4599,Priya Verma,Male,30,HR,HR Executive,B.Com,10,67097,Bengaluru,2023-06-09,Yes,5,No
4600,Deepak Singh,Female,26,Finance,Financial Analyst,B.Tech,5,67589,Pune,2024-09-08,No,4,No
4601,Anjali Mehta,Male,27,Finance,Accountant,M.Com,7,72775,Mumbai,2021-09-08,Yes,2,No
4602,Deepak Sharma,Male,26,Marketing,SEO Specialist,M.Com,6,67429,Noida,2020-05-15,No,4,No
4603,Rohan Singh,Male,39,Finance,Accountant,M.Com,19,101108,Chennai,2018-09-20,No,4,No
4604,Vikas Roy,Female,42,Operations,Operations Executive,B.Com,15,84474,Chennai,2021-06-14,Yes,4,No
4605,Deepak Kumar,Male,29,Finance,Accountant,B.Com,1,60056,Kolkata,2024-04-12,No,3,No
4606,Anjali Joshi,Female,28,IT,QA Engineer,B.Com,0,68029,Kolkata,2022-12-26,No,5,No
4607,Mohit Yadav,Female,31,IT,Developer,M.Com,8,87459,Bengaluru,2023-04-23,No,3,No
4608,Anjali Gupta,Female,28,Marketing,SEO Specialist,Graduate,5,55700,Noida,2018-08-21,No,1,No
4609,Sonia Mehta,Female,32,IT,Developer,B.Tech,6,82410,Delhi,2019-04-14,No,2,No
4610,Pooja Singh,Female,33,Marketing,Marketing Executive,M.Com,5,58490,Noida,2019-07-20,No,3,No
4611,Arjun Singh,Male,30,Finance,Financial Analyst,B.Com,10,84304,Jaipur,2024-02-01,Yes,3,No
4612,Sneha Singh,Male,34,Operations,Operations Executive,MBA,7,63325,Jaipur,2021-11-08,No,1,No
4613,Kiran Patel,Female,21,Marketing,SEO Specialist,B.Com,0,47518,Bengaluru,2018-05-29,No,4,No
4614,Nisha Kumar,Female,41,HR,Recruiter,B.Com,11,71451,Chennai,2017-07-01,No,1,Yes
4615,Pooja Mehta,Male,41,HR,Recruiter,Graduate,20,87630,Jaipur,2015-08-11,No,4,No
4616,Deepak Yadav,Female,26,Marketing,Marketing Executive,Graduate,2,53051,Ahmedabad,2022-03-01,No,1,Yes
4617,Amit Mehta,Female,33,Finance,Accountant,B.Tech,4,64559,Kolkata,2024-09-14,No,2,No
4618,Anjali Joshi,Female,39,Operations,Supervisor,M.Com,11,67016,Mumbai,2021-12-27,Yes,3,No
4619,Kiran Mehta,Male,21,Sales,Sales Manager,Graduate,0,43776,Ahmedabad,2019-02-06,No,1,Yes
4620,Arjun Roy,Female,46,Sales,Sales Manager,B.Tech,18,94975,Noida,2018-06-24,Yes,4,No
4621,Pooja Joshi,Male,37,Marketing,Marketing Executive,Graduate,8,68672,Delhi,2019-01-26,Yes,5,No
4622,Nisha Roy,Female,35,IT,QA Engineer,M.Com,12,93477,Delhi,2016-08-16,No,3,No
4623,Kiran Gupta,Female,39,Marketing,SEO Specialist,MBA,10,73012,Bengaluru,2021-12-02,Yes,2,Yes
4624,Anjali Yadav,Female,39,Sales,Sales Manager,Graduate,17,83997,Lucknow,2022-04-08,Yes,2,Yes
4625,Nisha Verma,Male,35,HR,Recruiter,B.Tech,6,58940,Delhi,2017-10-14,No,3,No
4626,Rahul Verma,Female,35,Marketing,Marketing Executive,B.Tech,6,66109,Pune,2016-11-14,Yes,2,Yes
4627,Sonia Joshi,Female,25,Sales,Sales Manager,B.Tech,4,53350,Jaipur,2023-04-28,No,5,No
4628,Deepak Gupta,Female,37,IT,Analyst,B.Com,17,110541,Delhi,2022-12-15,Yes,2,No
4629,Rahul Gupta,Female,38,Sales,Sales Manager,B.Com,16,84794,Ahmedabad,2016-10-14,No,1,Yes
4630,Arjun Gupta,Male,34,Operations,Supervisor,MBA,5,52601,Jaipur,2019-10-19,No,4,Yes
4631,Rahul Verma,Female,36,HR,HR Executive,M.Com,16,81016,Ahmedabad,2016-07-10,No,3,No
4632,Kiran Sharma,Female,21,Sales,Sales Executive,B.Tech,0,41382,Noida,2016-07-09,No,3,No
4633,Priya Roy,Female,41,Sales,Sales Executive,MBA,14,80529,Ahmedabad,2022-10-24,No,4,No
4634,Priya Mehta,Female,46,Marketing,Marketing Executive,B.Com,18,95742,Chennai,2024-07-10,No,1,No
4635,Anjali Gupta,Female,24,Marketing,Marketing Executive,M.Com,2,50458,Jaipur,2019-05-18,No,2,No
4636,Amit Mehta,Male,34,Sales,Sales Executive,B.Tech,9,64364,Jaipur,2016-11-23,Yes,2,No
4637,Anjali Singh,Male,30,Sales,Sales Manager,Graduate,8,69635,Jaipur,2017-05-08,Yes,5,No
4638,Arjun Mehta,Female,48,Marketing,Marketing Executive,B.Com,18,91316,Mumbai,2015-06-01,Yes,5,No
4639,Amit Patel,Female,25,Marketing,Marketing Executive,M.Com,4,59244,Kolkata,2023-03-12,No,2,No
4640,Vikas Joshi,Female,36,Sales,Sales Manager,M.Com,15,78437,Mumbai,2015-02-21,Yes,2,Yes
4641,Rahul Mehta,Female,40,Sales,Sales Executive,B.Com,20,99523,Kolkata,2017-05-27,Yes,4,No
4642,Rohan Joshi,Male,32,Marketing,Marketing Executive,MBA,12,81606,Jaipur,2020-02-29,No,1,Yes
4643,Rohan Patel,Female,33,HR,HR Executive,M.Com,7,60877,Mumbai,2020-09-01,No,1,No
4644,Sonia Singh,Male,28,HR,HR Executive,B.Com,6,57070,Delhi,2017-05-20,No,4,No
4645,Sneha Yadav,Female,35,Sales,Sales Manager,MBA,7,62366,Noida,2020-04-04,No,2,Yes
4646,Anjali Kumar,Female,31,Marketing,Marketing Executive,MBA,3,51039,Noida,2020-04-19,No,1,No
4647,Amit Verma,Female,31,HR,HR Executive,MBA,5,53345,Pune,2018-06-20,No,5,No
4648,Rohan Kumar,Male,25,HR,HR Executive,MBA,4,53017,Ahmedabad,2023-10-27,No,5,No
4649,Vikas Verma,Male,44,Sales,Sales Executive,B.Tech,16,89034,Noida,2016-11-14,No,1,No
4650,Pooja Gupta,Male,33,Finance,Accountant,Graduate,11,84930,Delhi,2016-02-26,No,2,No
4651,Rahul Verma,Male,29,HR,HR Executive,Graduate,2,49862,Pune,2019-06-14,No,2,Yes
4652,Deepak Joshi,Male,34,Operations,Supervisor,Graduate,14,74893,Noida,2024-07-02,No,1,No
4653,Rahul Roy,Female,41,Sales,Sales Executive,Graduate,12,76349,Bengaluru,2020-03-21,Yes,1,No
4654,Kiran Gupta,Male,30,Sales,Sales Executive,MBA,1,51534,Pune,2024-06-12,No,1,Yes
4655,Amit Patel,Male,21,Sales,Sales Manager,M.Com,0,46590,Noida,2018-08-26,No,2,Yes
4656,Amit Joshi,Male,27,Finance,Financial Analyst,M.Com,7,73450,Pune,2017-06-25,Yes,1,No
4657,Sneha Joshi,Male,40,HR,Recruiter,M.Com,18,84807,Lucknow,2024-06-12,Yes,1,Yes
4658,Rohan Verma,Female,36,IT,Developer,B.Com,7,78317,Noida,2019-01-22,No,2,No
4659,Rahul Yadav,Female,38,Marketing,SEO Specialist,B.Tech,10,68318,Delhi,2016-02-22,No,1,Yes
4660,Priya Joshi,Male,35,HR,Recruiter,B.Tech,9,66011,Lucknow,2024-04-24,Yes,2,No
4661,Rahul Verma,Male,35,Marketing,Marketing Executive,Graduate,9,70211,Noida,2023-07-22,No,2,Yes
4662,Deepak Joshi,Male,32,Finance,Accountant,M.Com,11,87331,Lucknow,2019-07-21,No,5,No
4663,Arjun Gupta,Female,39,HR,HR Executive,B.Tech,14,71965,Jaipur,2020-03-05,Yes,5,No
4664,Kiran Joshi,Male,42,HR,Recruiter,B.Tech,12,67613,Jaipur,2018-03-08,No,2,No
4665,Neha Sharma,Female,48,Marketing,Marketing Executive,M.Com,20,101176,Lucknow,2017-11-19,No,2,Yes
4666,Neha Joshi,Female,36,IT,Analyst,B.Tech,9,88670,Lucknow,2016-08-07,Yes,3,No
4667,Amit Kumar,Male,26,IT,QA Engineer,B.Com,2,70952,Delhi,2015-03-04,No,5,No
4668,Sonia Roy,Male,43,Finance,Accountant,B.Com,18,99997,Bengaluru,2017-11-07,Yes,4,No
4669,Sneha Sharma,Female,43,IT,QA Engineer,B.Com,13,94021,Noida,2016-10-15,No,1,No
4670,Anjali Patel,Male,43,Sales,Sales Executive,M.Com,13,77368,Delhi,2019-09-10,No,4,Yes
4671,Arjun Singh,Male,22,Finance,Accountant,B.Tech,0,52841,Noida,2018-08-16,No,3,No
4672,Anjali Gupta,Male,35,Finance,Financial Analyst,Graduate,13,85559,Noida,2018-05-10,No,5,Yes
4673,Anjali Verma,Male,34,Finance,Accountant,MBA,7,68092,Chennai,2016-11-05,Yes,3,No
4674,Sonia Joshi,Male,41,Operations,Supervisor,B.Tech,12,68692,Jaipur,2021-02-02,No,1,No
4675,Deepak Roy,Female,24,HR,Recruiter,B.Tech,4,51271,Ahmedabad,2023-01-31,No,3,No
4676,Kiran Singh,Male,37,Marketing,SEO Specialist,MBA,11,73278,Chennai,2018-12-16,No,3,No
4677,Mohit Yadav,Male,40,Marketing,Marketing Executive,Graduate,18,93835,Mumbai,2021-06-29,No,4,No
4678,Sneha Gupta,Male,41,Marketing,Marketing Executive,Graduate,11,75987,Pune,2024-08-16,No,1,Yes
4679,Sonia Gupta,Male,43,IT,Developer,B.Com,17,108027,Pune,2016-05-15,No,5,No
4680,Kiran Mehta,Male,26,Marketing,Marketing Executive,Graduate,1,48690,Pune,2024-12-22,No,1,No
4681,Kiran Singh,Male,40,Marketing,Marketing Executive,Graduate,16,83304,Lucknow,2019-07-04,No,1,No
4682,Nisha Patel,Female,36,HR,Recruiter,B.Tech,15,81980,Delhi,2020-06-09,Yes,4,Yes
4683,Priya Singh,Female,39,Finance,Financial Analyst,B.Tech,18,100069,Jaipur,2021-03-12,No,2,No
4684,Rahul Yadav,Female,42,Finance,Accountant,MBA,13,87652,Ahmedabad,2021-04-25,No,5,No
4685,Pooja Sharma,Male,29,IT,Analyst,M.Com,5,76241,Jaipur,2017-02-19,No,4,No
4686,Vikas Mehta,Female,27,Sales,Sales Executive,MBA,3,48530,Chennai,2015-03-28,No,2,Yes
4687,Pooja Singh,Male,40,Marketing,SEO Specialist,Graduate,14,86967,Mumbai,2018-12-21,Yes,1,No
4688,Anjali Verma,Male,30,Operations,Operations Executive,Graduate,8,60895,Pune,2023-03-05,Yes,4,No
4689,Kiran Singh,Female,40,HR,Recruiter,B.Com,16,78158,Mumbai,2022-07-23,Yes,3,Yes
4690,Anjali Verma,Male,24,Finance,Financial Analyst,M.Com,3,59280,Kolkata,2016-11-29,No,3,No
4691,Deepak Patel,Female,32,Finance,Financial Analyst,MBA,7,72612,Noida,2018-11-30,No,1,Yes
4692,Vikas Verma,Female,29,Operations,Supervisor,Graduate,3,52886,Delhi,2016-12-22,No,5,No
4693,Mohit Gupta,Female,48,Marketing,SEO Specialist,B.Com,20,102902,Noida,2016-05-25,Yes,3,No
4694,Nisha Singh,Female,37,Finance,Accountant,MBA,11,77660,Bengaluru,2022-08-08,Yes,5,No
4695,Rohan Yadav,Male,34,Sales,Sales Executive,B.Com,12,79105,Ahmedabad,2020-03-29,Yes,5,No
4696,Priya Roy,Male,36,IT,Developer,MBA,13,93781,Chennai,2020-10-15,No,3,No
4697,Rohan Joshi,Male,34,Operations,Operations Executive,Graduate,6,52113,Jaipur,2015-01-14,No,3,No
4698,Mohit Singh,Female,41,Sales,Sales Executive,MBA,15,81679,Ahmedabad,2021-04-16,No,5,No
4699,Sneha Verma,Female,26,Operations,Operations Executive,B.Tech,4,54985,Kolkata,2015-11-04,No,5,No
4700,Arjun Verma,Male,27,Marketing,Marketing Executive,B.Com,7,63365,Bengaluru,2019-07-30,No,1,Yes
4701,Anjali Kumar,Male,43,HR,Recruiter,B.Tech,15,79955,Kolkata,2018-06-22,No,4,Yes
4702,Anjali Mehta,Female,22,Marketing,Marketing Executive,MBA,2,53546,Kolkata,2015-12-27,No,1,Yes
4703,Sonia Sharma,Male,34,Marketing,Marketing Executive,MBA,7,70487,Ahmedabad,2021-05-12,No,2,No
4704,Deepak Yadav,Male,37,Operations,Operations Executive,MBA,16,81487,Mumbai,2018-07-21,Yes,4,No
4705,Vikas Kumar,Female,36,HR,HR Executive,Graduate,14,74923,Jaipur,2015-12-17,No,5,No
4706,Kiran Singh,Female,37,Finance,Accountant,B.Com,17,93557,Delhi,2015-12-13,No,5,No
4707,Rahul Patel,Female,36,Sales,Sales Manager,B.Tech,9,64223,Kolkata,2023-06-29,No,2,Yes
4708,Anjali Verma,Male,34,Sales,Sales Executive,M.Com,12,73507,Ahmedabad,2019-10-10,No,4,No
4709,Arjun Singh,Female,26,Finance,Accountant,M.Com,0,53084,Kolkata,2022-09-13,No,5,No
4710,Pooja Mehta,Female,38,Marketing,SEO Specialist,MBA,18,94990,Jaipur,2022-10-30,Yes,3,No
4711,Nisha Mehta,Male,37,Finance,Financial Analyst,B.Tech,7,71540,Pune,2019-09-02,No,4,No
4712,Sneha Mehta,Female,42,Sales,Sales Executive,M.Com,15,85391,Noida,2016-07-19,Yes,4,No
4713,Sonia Joshi,Male,39,Marketing,SEO Specialist,Graduate,16,90205,Bengaluru,2016-11-11,No,3,No
4714,Arjun Sharma,Female,32,IT,Developer,Graduate,8,85314,Ahmedabad,2019-05-17,No,1,Yes
4715,Sonia Singh,Female,34,Marketing,Marketing Executive,MBA,5,60953,Ahmedabad,2015-10-21,No,5,No
4716,Rohan Verma,Male,36,Operations,Supervisor,B.Tech,13,72151,Noida,2023-11-20,Yes,5,No
4717,Amit Mehta,Male,31,Operations,Supervisor,Graduate,5,58493,Chennai,2018-07-30,No,1,No
4718,Priya Kumar,Male,34,Marketing,SEO Specialist,Graduate,14,86126,Mumbai,2022-08-10,No,5,No
4719,Sneha Roy,Female,40,Operations,Supervisor,B.Tech,15,84134,Lucknow,2015-09-28,No,3,No
4720,Arjun Sharma,Female,37,Finance,Financial Analyst,M.Com,9,78693,Delhi,2022-09-08,No,2,No
4721,Neha Sharma,Female,37,Sales,Sales Manager,Graduate,10,68443,Delhi,2024-05-25,No,5,No
4722,Arjun Gupta,Male,39,Operations,Operations Executive,Graduate,13,71407,Ahmedabad,2024-08-29,No,4,No
4723,Kiran Joshi,Female,32,Finance,Accountant,B.Com,12,82695,Noida,2021-09-26,Yes,3,No
4724,Rohan Yadav,Female,29,Sales,Sales Executive,M.Com,6,61341,Kolkata,2018-09-23,Yes,5,No
4725,Deepak Patel,Male,30,IT,QA Engineer,B.Com,8,86847,Jaipur,2020-11-19,Yes,1,Yes
4726,Mohit Roy,Male,38,Marketing,SEO Specialist,B.Com,12,73822,Kolkata,2023-02-21,No,5,No
4727,Rohan Gupta,Female,30,HR,HR Executive,MBA,9,62237,Jaipur,2018-06-06,No,1,Yes
4728,Nisha Sharma,Male,41,HR,Recruiter,B.Tech,18,87375,Pune,2022-05-06,Yes,5,Yes
4729,Sneha Roy,Female,26,HR,HR Executive,Graduate,5,50732,Ahmedabad,2022-12-30,No,3,No
4730,Arjun Verma,Female,36,IT,Analyst,B.Tech,10,91346,Ahmedabad,2015-08-24,No,5,No
4731,Priya Yadav,Male,33,Marketing,SEO Specialist,M.Com,6,59207,Ahmedabad,2018-03-12,No,3,No
4732,Kiran Kumar,Male,44,Finance,Financial Analyst,B.Com,15,93419,Jaipur,2023-05-03,No,5,No
4733,Pooja Singh,Female,33,Finance,Accountant,Graduate,6,66303,Chennai,2023-09-28,Yes,5,No
4734,Mohit Mehta,Male,34,Sales,Sales Executive,M.Com,10,65391,Chennai,2018-05-06,No,2,No
4735,Sonia Mehta,Female,41,Finance,Financial Analyst,B.Com,12,84568,Chennai,2020-06-17,Yes,1,Yes
4736,Rohan Singh,Male,41,Marketing,Marketing Executive,B.Tech,12,73133,Chennai,2017-08-08,No,5,No
4737,Anjali Sharma,Male,43,HR,Recruiter,MBA,19,92492,Lucknow,2018-02-16,Yes,1,No
4738,Rohan Roy,Female,33,Sales,Sales Executive,B.Com,8,62466,Ahmedabad,2021-09-30,Yes,4,No
4739,Vikas Sharma,Female,28,Sales,Sales Executive,M.Com,1,47703,Kolkata,2016-05-22,No,1,No
4740,Arjun Sharma,Male,37,IT,QA Engineer,B.Tech,17,106241,Kolkata,2021-10-31,No,3,No
4741,Deepak Joshi,Male,42,Finance,Accountant,B.Tech,15,87506,Jaipur,2021-06-16,Yes,4,No
4742,Neha Mehta,Female,46,Finance,Financial Analyst,MBA,19,102488,Jaipur,2020-05-16,Yes,4,No
4743,Priya Mehta,Female,42,Finance,Accountant,MBA,14,91736,Delhi,2017-07-16,Yes,1,Yes
4744,Rohan Sharma,Female,30,IT,QA Engineer,B.Tech,4,72127,Jaipur,2021-11-23,No,3,No
4745,Rohan Patel,Female,35,Finance,Accountant,B.Tech,11,86790,Chennai,2017-07-10,No,4,No
4746,Nisha Mehta,Male,34,Operations,Operations Executive,Graduate,10,63690,Mumbai,2016-11-28,No,2,Yes
4747,Deepak Sharma,Male,42,Marketing,SEO Specialist,MBA,19,94672,Jaipur,2015-04-07,Yes,5,No
4748,Pooja Sharma,Female,24,Sales,Sales Executive,Graduate,0,45814,Chennai,2021-12-10,No,4,No
4749,Nisha Gupta,Male,29,IT,QA Engineer,M.Com,6,76465,Lucknow,2018-01-20,Yes,3,No
4750,Anjali Roy,Male,30,Marketing,Marketing Executive,MBA,8,70572,Pune,2016-01-17,No,4,No
4751,Anjali Yadav,Female,36,IT,Analyst,Graduate,10,90090,Jaipur,2017-11-16,No,2,Yes
4752,Neha Mehta,Male,34,Operations,Supervisor,Graduate,5,55463,Ahmedabad,2015-02-26,No,1,No
4753,Arjun Yadav,Female,35,IT,Analyst,B.Tech,5,79183,Bengaluru,2017-05-18,No,3,No
4754,Anjali Kumar,Female,24,Finance,Financial Analyst,B.Tech,2,56008,Bengaluru,2023-04-09,No,2,No
4755,Nisha Patel,Male,22,Operations,Operations Executive,B.Tech,1,49363,Pune,2022-11-29,No,5,No
4756,Deepak Mehta,Male,44,Sales,Sales Manager,Graduate,20,92951,Ahmedabad,2019-10-27,No,3,No
4757,Deepak Singh,Female,37,Operations,Operations Executive,B.Tech,16,81064,Delhi,2023-12-01,No,5,No
4758,Arjun Patel,Male,37,Finance,Accountant,B.Tech,8,71445,Lucknow,2019-03-14,Yes,5,No
4759,Neha Singh,Female,38,Sales,Sales Manager,B.Com,13,73779,Ahmedabad,2022-06-04,No,2,Yes
4760,Mohit Patel,Female,47,IT,Analyst,B.Tech,20,112548,Pune,2016-05-01,Yes,3,No
4761,Amit Joshi,Male,32,Marketing,Marketing Executive,MBA,8,65092,Noida,2022-07-18,Yes,5,Yes
4762,Arjun Verma,Female,31,Marketing,Marketing Executive,Graduate,11,78236,Pune,2024-07-21,Yes,5,No
4763,Arjun Gupta,Female,50,Sales,Sales Manager,B.Tech,20,93427,Jaipur,2015-04-13,Yes,2,No
4764,Mohit Verma,Female,40,IT,Developer,B.Com,16,109945,Pune,2023-03-23,No,4,No
4765,Sonia Roy,Female,42,Marketing,SEO Specialist,B.Com,18,91400,Mumbai,2015-11-22,No,1,Yes
4766,Pooja Roy,Male,30,Marketing,Marketing Executive,Graduate,0,52271,Noida,2023-02-21,No,3,No
4767,Vikas Sharma,Female,47,Marketing,SEO Specialist,B.Tech,19,97580,Lucknow,2023-08-08,No,3,No
4768,Nisha Kumar,Male,35,Finance,Financial Analyst,Graduate,5,67732,Kolkata,2015-01-15,No,4,No
4769,Arjun Kumar,Male,43,Operations,Operations Executive,M.Com,16,82843,Lucknow,2023-11-29,Yes,5,No
4770,Nisha Roy,Male,24,Operations,Supervisor,MBA,4,51130,Chennai,2021-07-25,No,4,No
4771,Amit Kumar,Male,46,HR,Recruiter,B.Tech,20,89254,Bengaluru,2017-02-17,No,5,No
4772,Neha Singh,Male,38,HR,HR Executive,Graduate,15,74158,Pune,2022-04-27,No,5,No
4773,Neha Yadav,Female,37,Finance,Financial Analyst,M.Com,15,88679,Bengaluru,2016-05-28,No,4,No
4774,Sneha Yadav,Female,22,Finance,Financial Analyst,MBA,2,63007,Delhi,2017-01-19,No,5,No
4775,Rahul Singh,Male,28,Marketing,SEO Specialist,MBA,7,63658,Chennai,2022-02-16,Yes,1,Yes
4776,Priya Sharma,Female,28,HR,Recruiter,Graduate,1,42336,Bengaluru,2019-03-27,No,1,No
4777,Vikas Patel,Female,47,IT,Analyst,M.Com,17,106352,Noida,2016-06-19,Yes,1,Yes
4778,Nisha Roy,Female,32,HR,HR Executive,Graduate,12,71446,Bengaluru,2017-08-28,No,1,Yes
4779,Anjali Joshi,Female,38,HR,HR Executive,Graduate,17,78144,Noida,2015-04-15,No,1,Yes
4780,Kiran Gupta,Female,26,Finance,Financial Analyst,M.Com,1,58901,Lucknow,2024-10-03,No,3,No
4781,Arjun Joshi,Female,38,Finance,Financial Analyst,M.Com,18,98690,Chennai,2023-03-02,No,2,Yes
4782,Mohit Yadav,Female,29,HR,Recruiter,MBA,0,44567,Pune,2020-12-07,No,2,No
4783,Amit Patel,Male,37,HR,HR Executive,Graduate,17,82235,Ahmedabad,2024-11-01,Yes,3,No
4784,Sneha Patel,Female,21,HR,Recruiter,B.Tech,0,37521,Pune,2020-04-03,No,4,No
4785,Anjali Kumar,Male,45,Operations,Operations Executive,Graduate,19,89261,Pune,2015-11-27,Yes,1,No
4786,Arjun Verma,Male,38,Sales,Sales Executive,B.Com,16,81470,Delhi,2019-05-10,Yes,4,No
4787,Neha Kumar,Male,36,Operations,Supervisor,B.Com,8,57213,Delhi,2019-10-25,No,5,No
4788,Nisha Roy,Female,32,Sales,Sales Executive,Graduate,9,63484,Noida,2023-09-26,No,4,No
4789,Vikas Yadav,Female,35,IT,Developer,B.Tech,14,101630,Mumbai,2016-01-24,No,5,No
4790,Amit Roy,Male,32,HR,HR Executive,M.Com,10,66852,Kolkata,2016-04-14,No,4,No
4791,Rohan Roy,Male,46,Finance,Accountant,B.Tech,16,97096,Chennai,2018-06-12,No,3,No
4792,Rahul Gupta,Female,41,Sales,Sales Manager,M.Com,13,81826,Jaipur,2017-01-30,No,3,No
4793,Neha Yadav,Female,47,Marketing,SEO Specialist,Graduate,18,96049,Pune,2024-04-21,Yes,4,No
4794,Rohan Sharma,Male,35,Operations,Supervisor,Graduate,5,53582,Ahmedabad,2015-05-04,No,4,No
4795,Rahul Verma,Male,27,Operations,Operations Executive,B.Tech,2,43599,Ahmedabad,2019-04-06,No,5,No
4796,Arjun Joshi,Female,29,Finance,Financial Analyst,MBA,4,69683,Pune,2016-01-10,No,4,Yes
4797,Vikas Kumar,Male,30,Marketing,Marketing Executive,B.Tech,9,71947,Jaipur,2022-08-31,No,2,No
4798,Neha Mehta,Female,31,Finance,Accountant,B.Tech,1,55662,Pune,2015-08-26,No,1,No
4799,Anjali Joshi,Female,41,Sales,Sales Executive,B.Tech,18,91675,Ahmedabad,2022-10-07,No,2,Yes
4800,Kiran Patel,Female,33,IT,Developer,Graduate,9,84041,Chennai,2023-12-24,Yes,4,No
4801,Mohit Roy,Female,36,Finance,Accountant,B.Com,9,77438,Mumbai,2017-08-25,Yes,2,No
4802,Mohit Kumar,Female,31,Marketing,SEO Specialist,MBA,10,74891,Ahmedabad,2018-11-28,No,2,No
4803,Vikas Yadav,Female,29,Finance,Accountant,B.Tech,6,66672,Delhi,2022-07-08,Yes,2,Yes
4804,Sneha Kumar,Female,32,Sales,Sales Executive,B.Tech,3,54747,Jaipur,2020-03-30,No,3,No
4805,Neha Roy,Female,40,Marketing,Marketing Executive,MBA,12,78424,Lucknow,2020-05-06,Yes,1,Yes
4806,Amit Gupta,Female,34,Operations,Operations Executive,Graduate,4,56066,Lucknow,2022-03-16,No,3,No
4807,Mohit Roy,Female,38,Finance,Financial Analyst,Graduate,8,75448,Pune,2019-09-15,No,5,No
4808,Priya Gupta,Male,28,Marketing,SEO Specialist,B.Com,7,63429,Mumbai,2023-09-02,No,4,No
4809,Vikas Sharma,Male,28,Operations,Operations Executive,B.Tech,4,52936,Pune,2024-01-05,No,2,Yes
4810,Neha Singh,Female,30,Sales,Sales Executive,Graduate,3,54445,Noida,2016-03-12,No,3,No
4811,Sonia Gupta,Male,37,Sales,Sales Manager,B.Tech,14,84308,Kolkata,2022-04-25,No,1,No
4812,Nisha Roy,Male,30,Operations,Supervisor,Graduate,0,38622,Lucknow,2015-10-28,No,2,Yes
4813,Rohan Patel,Female,48,Finance,Financial Analyst,B.Com,20,105539,Bengaluru,2016-01-29,No,2,No
4814,Rahul Joshi,Male,36,HR,HR Executive,M.Com,16,78150,Bengaluru,2021-09-03,No,1,No
4815,Anjali Yadav,Male,48,HR,Recruiter,B.Tech,19,88874,Mumbai,2016-09-25,Yes,3,No
4816,Mohit Yadav,Male,45,Finance,Financial Analyst,M.Com,20,109094,Mumbai,2016-11-21,No,4,No
4817,Arjun Singh,Male,21,Finance,Accountant,Graduate,1,61583,Pune,2021-02-05,No,1,Yes
4818,Deepak Mehta,Female,25,HR,Recruiter,MBA,0,38196,Mumbai,2021-02-15,No,4,No
4819,Pooja Kumar,Female,26,HR,HR Executive,MBA,6,57443,Chennai,2015-09-14,No,1,Yes
4820,Pooja Mehta,Male,42,Finance,Accountant,M.Com,12,86415,Delhi,2018-11-28,Yes,2,Yes
4821,Deepak Kumar,Female,31,Operations,Supervisor,MBA,4,49196,Lucknow,2024-04-30,No,5,No
4822,Arjun Patel,Female,31,Marketing,SEO Specialist,B.Tech,7,70064,Chennai,2023-08-26,No,2,No
4823,Anjali Kumar,Female,30,HR,HR Executive,B.Tech,1,39806,Jaipur,2024-07-10,No,2,No
4824,Sneha Gupta,Male,36,Operations,Supervisor,B.Tech,6,60448,Pune,2022-06-07,Yes,5,No
4825,Sonia Joshi,Male,42,HR,Recruiter,Graduate,20,94617,Jaipur,2021-09-29,No,4,No
4826,Rohan Gupta,Male,43,Finance,Financial Analyst,B.Com,18,97569,Noida,2020-09-11,No,1,Yes
4827,Mohit Roy,Female,46,HR,Recruiter,B.Com,17,79482,Bengaluru,2018-10-13,No,4,No
4828,Sneha Mehta,Female,30,HR,HR Executive,M.Com,1,40355,Mumbai,2023-09-30,No,4,No
4829,Pooja Roy,Male,29,HR,Recruiter,MBA,1,37868,Lucknow,2015-03-26,No,3,No
4830,Deepak Yadav,Female,40,Finance,Accountant,B.Com,10,77406,Bengaluru,2024-03-09,Yes,5,No
4831,Sonia Verma,Male,39,Finance,Financial Analyst,MBA,19,97523,Bengaluru,2016-03-31,No,1,Yes
4832,Nisha Gupta,Male,29,Operations,Operations Executive,B.Com,5,54176,Delhi,2015-01-20,No,4,No
4833,Sonia Roy,Female,47,Finance,Financial Analyst,MBA,20,102277,Bengaluru,2015-07-27,No,3,No
4834,Sneha Roy,Male,42,Marketing,Marketing Executive,B.Com,15,85232,Chennai,2015-08-11,No,4,No
4835,Rohan Singh,Female,40,HR,HR Executive,B.Tech,19,83430,Mumbai,2022-03-10,Yes,1,No
4836,Nisha Gupta,Female,26,HR,Recruiter,MBA,4,48190,Pune,2024-09-25,No,1,Yes
4837,Kiran Gupta,Female,47,Finance,Financial Analyst,MBA,17,95567,Lucknow,2020-01-15,Yes,5,No
4838,Sonia Yadav,Female,41,Marketing,SEO Specialist,B.Com,13,80804,Ahmedabad,2023-02-16,Yes,4,No
4839,Neha Verma,Female,35,Marketing,Marketing Executive,Graduate,5,62067,Delhi,2020-09-20,No,3,No
4840,Rohan Roy,Male,35,IT,QA Engineer,B.Com,10,89279,Lucknow,2017-10-18,Yes,4,No
4841,Kiran Patel,Male,42,IT,Analyst,Graduate,18,113334,Lucknow,2024-03-05,Yes,3,No
4842,Deepak Singh,Male,35,Operations,Operations Executive,B.Com,12,70208,Jaipur,2018-10-03,No,4,Yes
4843,Sneha Joshi,Female,26,Operations,Supervisor,MBA,3,53262,Mumbai,2019-01-30,No,4,No
4844,Deepak Roy,Female,37,Marketing,Marketing Executive,Graduate,16,86128,Kolkata,2021-11-28,Yes,2,No
4845,Vikas Sharma,Male,29,HR,Recruiter,B.Com,3,49733,Chennai,2024-03-04,No,4,No
4846,Arjun Yadav,Male,46,HR,Recruiter,M.Com,18,85436,Bengaluru,2017-11-23,Yes,5,No
4847,Kiran Mehta,Male,36,Marketing,SEO Specialist,Graduate,6,63009,Jaipur,2020-12-24,No,4,No
4848,Mohit Sharma,Female,30,Operations,Supervisor,MBA,2,49872,Noida,2023-02-26,No,4,No
4849,Arjun Sharma,Male,43,Marketing,SEO Specialist,MBA,13,80711,Noida,2021-04-30,Yes,2,No
4850,Nisha Mehta,Male,33,IT,Analyst,B.Tech,13,98570,Chennai,2015-09-12,No,3,No
4851,Arjun Kumar,Male,44,Sales,Sales Manager,B.Com,17,89437,Noida,2024-06-02,No,5,No
4852,Sonia Mehta,Male,28,IT,QA Engineer,MBA,1,70993,Lucknow,2017-05-08,No,2,Yes
4853,Priya Kumar,Male,30,Marketing,SEO Specialist,B.Com,9,68302,Delhi,2023-01-15,Yes,2,No
4854,Sonia Yadav,Male,29,Operations,Operations Executive,M.Com,5,55193,Bengaluru,2015-11-14,No,3,No
4855,Anjali Sharma,Male,31,IT,Developer,MBA,10,89636,Noida,2017-04-03,No,5,No
4856,Vikas Verma,Female,38,Finance,Financial Analyst,B.Tech,8,70545,Pune,2015-01-12,No,2,Yes
4857,Priya Verma,Female,38,IT,QA Engineer,B.Tech,8,86801,Jaipur,2024-12-10,No,1,Yes
4858,Amit Kumar,Female,28,Sales,Sales Manager,MBA,2,47936,Noida,2022-06-12,No,5,No
4859,Rahul Verma,Female,26,Sales,Sales Manager,B.Com,2,48731,Lucknow,2016-01-26,No,3,No
4860,Deepak Verma,Male,38,HR,Recruiter,B.Tech,8,60111,Ahmedabad,2022-02-07,Yes,5,No
4861,Amit Yadav,Male,29,IT,Developer,Graduate,5,73082,Pune,2019-01-15,No,3,No
4862,Anjali Gupta,Male,21,Marketing,Marketing Executive,MBA,0,47363,Bengaluru,2021-10-11,No,3,No
4863,Priya Gupta,Male,43,HR,Recruiter,B.Tech,16,75585,Jaipur,2022-06-15,No,3,No
4864,Nisha Verma,Female,41,IT,QA Engineer,B.Com,16,109667,Ahmedabad,2021-03-29,No,5,Yes
4865,Anjali Verma,Female,42,Sales,Sales Executive,B.Com,16,89500,Delhi,2023-01-14,No,5,Yes
4866,Rohan Roy,Female,41,Finance,Financial Analyst,Graduate,19,104152,Noida,2015-02-11,No,4,Yes
4867,Mohit Joshi,Female,30,Finance,Accountant,M.Com,10,80458,Lucknow,2023-10-08,Yes,4,No
4868,Rohan Verma,Male,41,Marketing,Marketing Executive,Graduate,12,81140,Jaipur,2017-01-14,Yes,2,Yes
4869,Kiran Verma,Male,31,IT,Analyst,MBA,2,66720,Lucknow,2020-04-06,No,1,No
4870,Deepak Kumar,Male,32,Marketing,SEO Specialist,Graduate,2,49489,Mumbai,2016-08-25,No,3,No
4871,Rohan Sharma,Male,28,IT,QA Engineer,MBA,6,84073,Bengaluru,2023-07-12,No,4,No
4872,Amit Kumar,Male,31,Sales,Sales Executive,MBA,9,64886,Delhi,2018-03-22,Yes,3,No
4873,Mohit Kumar,Male,21,HR,Recruiter,MBA,0,38124,Lucknow,2021-10-08,No,2,Yes
4874,Sonia Kumar,Male,49,HR,Recruiter,M.Com,20,93000,Noida,2018-10-06,No,5,No
4875,Vikas Roy,Female,41,Operations,Supervisor,B.Tech,15,77511,Delhi,2020-10-28,No,5,No
4876,Amit Mehta,Female,46,Marketing,Marketing Executive,Graduate,19,98009,Ahmedabad,2015-10-11,Yes,5,No
4877,Nisha Singh,Male,39,HR,Recruiter,M.Com,19,88924,Ahmedabad,2020-06-10,Yes,2,No
4878,Vikas Kumar,Male,31,Operations,Operations Executive,B.Tech,5,50628,Lucknow,2023-10-03,No,4,No
4879,Kiran Patel,Male,46,Marketing,Marketing Executive,B.Com,17,93211,Mumbai,2023-02-22,Yes,4,No
4880,Priya Mehta,Male,34,HR,HR Executive,MBA,8,57722,Kolkata,2016-10-19,Yes,5,No
4881,Rahul Roy,Female,27,Sales,Sales Executive,B.Com,5,56063,Bengaluru,2015-04-25,No,3,No
4882,Rahul Joshi,Male,27,HR,HR Executive,B.Tech,3,47403,Lucknow,2018-10-18,No,1,Yes
4883,Nisha Gupta,Male,44,Finance,Accountant,B.Tech,14,85430,Jaipur,2017-06-22,No,5,No
4884,Mohit Verma,Female,42,IT,Developer,B.Com,19,110721,Ahmedabad,2017-03-16,Yes,4,No
4885,Sneha Verma,Male,49,Marketing,Marketing Executive,B.Com,20,98983,Bengaluru,2021-11-01,No,5,Yes
4886,Sonia Roy,Female,44,Sales,Sales Executive,MBA,17,88421,Mumbai,2017-01-28,No,5,No
4887,Mohit Yadav,Male,26,Operations,Supervisor,B.Com,6,52093,Bengaluru,2024-12-18,Yes,4,Yes
4888,Kiran Gupta,Male,38,Finance,Financial Analyst,B.Tech,14,92641,Delhi,2018-01-06,No,3,No
4889,Kiran Kumar,Male,46,Marketing,SEO Specialist,MBA,20,102361,Lucknow,2024-09-11,No,2,No
4890,Kiran Yadav,Female,38,Operations,Operations Executive,B.Tech,8,58692,Noida,2019-02-16,No,1,Yes
4891,Amit Gupta,Female,43,IT,QA Engineer,M.Com,13,99187,Bengaluru,2015-04-18,No,4,No
4892,Deepak Gupta,Female,24,Finance,Accountant,MBA,1,55783,Delhi,2016-11-29,No,4,No
4893,Deepak Sharma,Female,34,Finance,Accountant,M.Com,10,78685,Noida,2017-06-22,Yes,2,No
4894,Arjun Yadav,Female,28,Sales,Sales Executive,Graduate,4,53114,Chennai,2015-09-24,No,1,Yes
4895,Rohan Joshi,Female,34,Operations,Supervisor,B.Tech,11,65778,Ahmedabad,2023-04-10,Yes,2,Yes
4896,Rahul Mehta,Female,34,Marketing,SEO Specialist,MBA,14,85124,Delhi,2018-04-04,No,4,No
4897,Neha Kumar,Male,27,Finance,Financial Analyst,B.Tech,0,58588,Kolkata,2023-03-23,No,1,No
4898,Rohan Joshi,Female,37,HR,HR Executive,Graduate,11,72428,Bengaluru,2023-04-15,Yes,3,No
4899,Kiran Patel,Male,39,Sales,Sales Executive,Graduate,18,85895,Bengaluru,2022-09-17,No,1,Yes
4900,Neha Sharma,Male,42,Marketing,SEO Specialist,Graduate,19,90766,Bengaluru,2015-12-17,No,4,No
4901,Kiran Mehta,Female,27,Operations,Supervisor,B.Com,6,52478,Lucknow,2015-12-28,Yes,3,No
4902,Rohan Singh,Male,38,HR,Recruiter,B.Com,12,65252,Pune,2022-04-06,No,4,No
4903,Nisha Roy,Male,27,Sales,Sales Manager,Graduate,2,51605,Mumbai,2023-01-25,No,1,No
4904,Neha Yadav,Male,33,HR,HR Executive,M.Com,10,68845,Noida,2016-05-15,No,4,No
4905,Sneha Sharma,Female,31,Sales,Sales Manager,M.Com,6,58158,Mumbai,2022-04-04,Yes,3,No
4906,Rahul Sharma,Male,34,Sales,Sales Manager,MBA,11,69490,Lucknow,2015-11-01,No,1,Yes
4907,Rohan Sharma,Male,29,Operations,Supervisor,Graduate,1,44516,Chennai,2023-05-21,No,3,No
4908,Sonia Singh,Male,40,Finance,Accountant,B.Tech,18,100203,Delhi,2015-03-03,Yes,2,No
4909,Kiran Singh,Female,48,HR,HR Executive,MBA,19,90775,Kolkata,2022-01-01,No,1,Yes
4910,Sonia Gupta,Male,38,Marketing,SEO Specialist,MBA,14,79259,Bengaluru,2017-11-18,No,3,No
4911,Mohit Yadav,Male,30,Operations,Supervisor,M.Com,10,64435,Bengaluru,2020-05-16,No,4,No
4912,Pooja Kumar,Male,23,Marketing,SEO Specialist,MBA,2,48614,Bengaluru,2023-08-04,No,3,Yes
4913,Arjun Yadav,Male,26,IT,Analyst,M.Com,0,68072,Kolkata,2020-10-17,No,4,No
4914,Amit Mehta,Female,27,HR,HR Executive,B.Tech,0,35049,Noida,2016-07-05,No,5,No
4915,Arjun Verma,Male,30,Operations,Supervisor,M.Com,7,56090,Noida,2021-04-20,Yes,3,No
4916,Kiran Singh,Female,42,Operations,Operations Executive,M.Com,12,69686,Jaipur,2016-09-10,No,1,Yes
4917,Mohit Patel,Male,43,HR,HR Executive,MBA,17,87108,Chennai,2024-07-17,No,4,No
4918,Sonia Mehta,Male,40,HR,Recruiter,MBA,18,87823,Pune,2019-08-15,Yes,4,No
4919,Vikas Sharma,Female,47,IT,QA Engineer,B.Tech,18,110676,Lucknow,2022-03-17,No,1,Yes
4920,Mohit Verma,Male,46,HR,HR Executive,M.Com,16,75434,Chennai,2022-08-12,No,1,Yes
4921,Nisha Patel,Female,31,IT,Analyst,Graduate,11,97175,Chennai,2019-02-27,Yes,5,No
4922,Amit Kumar,Female,30,Marketing,Marketing Executive,M.Com,9,67577,Jaipur,2015-07-17,Yes,3,No
4923,Vikas Roy,Male,39,HR,Recruiter,B.Com,18,88269,Delhi,2021-01-06,No,1,No
4924,Neha Roy,Male,25,IT,Analyst,M.Com,4,77371,Lucknow,2024-05-07,No,4,No
4925,Arjun Verma,Female,30,Sales,Sales Executive,B.Tech,0,40665,Ahmedabad,2020-07-15,No,3,No
4926,Amit Verma,Female,50,Sales,Sales Executive,MBA,20,92167,Jaipur,2024-03-26,No,2,Yes
4927,Deepak Verma,Female,37,Finance,Financial Analyst,Graduate,9,79534,Lucknow,2020-04-17,No,4,No
4928,Mohit Singh,Male,38,IT,Developer,Graduate,8,88090,Ahmedabad,2020-07-26,No,3,No
4929,Neha Sharma,Male,21,Marketing,Marketing Executive,MBA,1,48899,Delhi,2024-08-08,No,4,No
4930,Pooja Roy,Male,27,Marketing,SEO Specialist,M.Com,4,57212,Kolkata,2021-09-12,No,1,No
4931,Rohan Patel,Female,32,Marketing,SEO Specialist,B.Com,11,77062,Delhi,2024-11-13,Yes,4,No
4932,Rahul Kumar,Male,36,Sales,Sales Manager,M.Com,7,62233,Mumbai,2022-04-03,Yes,4,No
4933,Rahul Yadav,Male,23,Finance,Accountant,MBA,3,63078,Kolkata,2023-11-17,No,3,No
4934,Vikas Mehta,Female,35,Operations,Supervisor,B.Tech,9,65327,Chennai,2022-12-07,No,3,No
4935,Mohit Sharma,Male,29,Marketing,Marketing Executive,MBA,6,67584,Kolkata,2024-10-31,Yes,4,No
4936,Arjun Roy,Male,44,Sales,Sales Executive,M.Com,17,89227,Delhi,2023-03-17,Yes,1,No
4937,Pooja Patel,Female,29,Marketing,SEO Specialist,M.Com,1,50895,Pune,2023-09-22,No,4,No
4938,Arjun Roy,Male,39,HR,Recruiter,MBA,16,79176,Pune,2021-08-28,Yes,2,Yes
4939,Sonia Yadav,Male,42,Sales,Sales Manager,M.Com,12,71284,Delhi,2016-10-15,No,3,Yes
4940,Mohit Joshi,Female,45,Marketing,SEO Specialist,B.Com,19,91224,Mumbai,2019-10-16,No,1,Yes
4941,Mohit Gupta,Male,31,Operations,Supervisor,Graduate,9,65554,Bengaluru,2021-06-19,Yes,4,No
4942,Kiran Patel,Male,39,Operations,Supervisor,M.Com,9,65017,Chennai,2017-03-04,No,1,No
4943,Pooja Yadav,Male,37,HR,Recruiter,MBA,16,79218,Mumbai,2015-06-28,Yes,3,No
4944,Anjali Joshi,Male,40,Operations,Operations Executive,B.Com,17,80757,Delhi,2020-05-17,Yes,3,No
4945,Nisha Verma,Male,43,Sales,Sales Manager,B.Tech,16,88460,Noida,2015-09-12,Yes,4,No
4946,Sonia Singh,Female,47,IT,QA Engineer,MBA,19,109940,Pune,2018-11-22,No,5,No
4947,Rahul Gupta,Female,45,Finance,Accountant,M.Com,17,94270,Bengaluru,2022-12-11,No,3,No
4948,Anjali Mehta,Male,38,IT,Analyst,M.Com,16,100750,Ahmedabad,2022-12-22,Yes,2,No
4949,Kiran Sharma,Female,30,Sales,Sales Executive,M.Com,10,65566,Ahmedabad,2020-06-06,No,3,No
4950,Sneha Singh,Male,32,IT,Analyst,MBA,6,76113,Mumbai,2018-02-24,Yes,3,No
4951,Kiran Patel,Male,36,Marketing,Marketing Executive,M.Com,10,74811,Bengaluru,2023-12-03,No,1,No
4952,Anjali Verma,Female,31,Marketing,Marketing Executive,M.Com,10,75268,Noida,2019-01-21,Yes,5,No
4953,Rohan Sharma,Female,32,Sales,Sales Executive,Graduate,12,71311,Chennai,2021-09-05,No,4,No
4954,Deepak Kumar,Female,36,IT,Analyst,B.Com,10,93368,Pune,2022-05-05,No,2,No
4955,Rohan Roy,Male,44,Operations,Operations Executive,B.Tech,17,87324,Lucknow,2016-07-03,Yes,4,No
4956,Sonia Yadav,Female,33,HR,Recruiter,MBA,6,54465,Chennai,2019-09-09,No,1,No
4957,Arjun Patel,Female,39,IT,Developer,MBA,12,95930,Bengaluru,2017-10-28,Yes,4,No
4958,Arjun Patel,Female,48,Marketing,Marketing Executive,MBA,20,102378,Delhi,2017-08-28,Yes,2,No
4959,Sneha Mehta,Female,35,Marketing,Marketing Executive,B.Com,8,63550,Delhi,2024-09-15,Yes,3,No
4960,Amit Patel,Female,47,HR,HR Executive,B.Com,17,85175,Kolkata,2016-11-04,No,4,No
4961,Rohan Patel,Male,32,Sales,Sales Executive,Graduate,4,57384,Mumbai,2022-09-25,No,1,No
4962,Amit Kumar,Female,49,Marketing,SEO Specialist,B.Com,19,98137,Delhi,2016-12-24,No,2,No
4963,Mohit Roy,Male,41,Sales,Sales Manager,MBA,13,81104,Bengaluru,2021-12-14,No,4,No
4964,Neha Gupta,Male,32,Operations,Supervisor,B.Com,5,52212,Ahmedabad,2020-03-21,No,3,No
4965,Rahul Singh,Female,43,IT,QA Engineer,M.Com,15,98893,Pune,2024-11-26,Yes,3,No
4966,Kiran Verma,Male,36,Finance,Accountant,B.Com,15,91342,Noida,2018-04-10,Yes,5,No
4967,Pooja Mehta,Female,39,Finance,Financial Analyst,M.Com,13,84470,Jaipur,2022-05-31,No,4,No
4968,Rahul Patel,Male,30,IT,Analyst,M.Com,2,67271,Kolkata,2021-05-21,No,2,Yes
4969,Mohit Joshi,Female,34,Finance,Financial Analyst,M.Com,14,92468,Chennai,2022-02-25,Yes,1,Yes
4970,Pooja Mehta,Male,37,IT,Developer,Graduate,10,93794,Chennai,2018-07-16,Yes,3,No
4971,Anjali Singh,Female,30,IT,Developer,B.Tech,9,86148,Lucknow,2016-06-10,Yes,4,No
4972,Neha Roy,Female,27,Marketing,Marketing Executive,B.Com,5,56584,Delhi,2021-05-06,No,5,No
4973,Deepak Singh,Male,26,Finance,Accountant,Graduate,0,57474,Jaipur,2022-06-26,No,4,No
4974,Sneha Sharma,Female,33,Sales,Sales Executive,B.Tech,10,74069,Pune,2016-10-22,No,2,Yes
4975,Anjali Gupta,Female,26,IT,QA Engineer,Graduate,5,73041,Bengaluru,2018-05-13,No,1,Yes
4976,Anjali Sharma,Female,48,Marketing,Marketing Executive,Graduate,18,97917,Ahmedabad,2023-06-26,No,3,No
4977,Nisha Patel,Male,37,HR,HR Executive,B.Tech,11,71230,Bengaluru,2015-06-18,Yes,2,Yes
4978,Vikas Mehta,Male,35,Sales,Sales Manager,MBA,12,76488,Jaipur,2024-01-05,No,4,No
4979,Arjun Yadav,Male,39,Operations,Operations Executive,MBA,9,64610,Jaipur,2016-04-24,No,3,No
4980,Rahul Joshi,Female,35,Finance,Financial Analyst,MBA,6,67287,Chennai,2015-04-05,No,1,Yes
4981,Rohan Verma,Female,25,Marketing,SEO Specialist,Graduate,4,54467,Jaipur,2017-12-26,No,5,No
4982,Neha Kumar,Male,43,Marketing,Marketing Executive,MBA,15,83276,Kolkata,2016-07-04,No,1,No
4983,Neha Gupta,Male,47,IT,Developer,B.Tech,18,113278,Chennai,2024-05-09,No,2,No
4984,Mohit Sharma,Female,36,Sales,Sales Executive,Graduate,9,69476,Bengaluru,2015-09-07,No,1,Yes
4985,Neha Verma,Male,21,Operations,Operations Executive,B.Tech,0,42353,Pune,2020-11-03,No,3,No
4986,Neha Gupta,Male,33,IT,Analyst,B.Com,13,98360,Lucknow,2023-04-01,Yes,4,No
4987,Pooja Yadav,Male,50,Marketing,Marketing Executive,B.Com,20,95130,Noida,2021-09-04,No,5,No
4988,Amit Gupta,Male,36,IT,QA Engineer,B.Tech,12,91077,Kolkata,2022-11-04,Yes,4,No
4989,Deepak Mehta,Female,32,Operations,Operations Executive,Graduate,6,52410,Noida,2015-11-02,No,5,No
4990,Arjun Verma,Female,32,Sales,Sales Manager,B.Com,6,55295,Ahmedabad,2018-05-11,Yes,5,No
4991,Priya Gupta,Female,24,IT,Developer,Graduate,4,70048,Lucknow,2016-04-22,No,5,No
4992,Deepak Patel,Male,30,IT,QA Engineer,M.Com,5,79578,Delhi,2021-04-15,No,2,No
4993,Pooja Verma,Female,37,Sales,Sales Executive,B.Tech,13,81533,Delhi,2016-02-03,No,3,No
4994,Priya Joshi,Female,47,Sales,Sales Executive,Graduate,20,94738,Pune,2017-04-19,No,1,Yes
4995,Pooja Gupta,Male,49,Marketing,Marketing Executive,Graduate,20,94205,Kolkata,2019-12-10,Yes,4,No
4996,Rahul Joshi,Female,42,Sales,Sales Executive,Graduate,16,88694,Kolkata,2021-10-18,No,1,Yes
4997,Anjali Mehta,Female,45,Operations,Operations Executive,B.Com,16,79341,Kolkata,2024-04-16,No,3,No
4998,Amit Gupta,Male,33,HR,Recruiter,B.Com,6,50388,Bengaluru,2015-12-05,Yes,2,Yes
4999,Sonia Verma,Male,34,Marketing,SEO Specialist,Graduate,11,71508,Chennai,2021-03-07,No,4,No
5000,Priya Yadav,Male,41,Sales,Sales Executive,M.Com,20,94485,Delhi,2021-03-17,No,1,Yes
5001,Kiran Kumar,Male,25,HR,HR Executive,B.Tech,1,45932,Kolkata,2022-05-15,No,3,No
5002,Kiran Joshi,Male,29,HR,Recruiter,MBA,0,39659,Lucknow,2018-08-31,No,3,No
5003,Amit Singh,Female,34,Sales,Sales Executive,B.Com,13,76949,Pune,2023-01-13,Yes,3,No
5004,Neha Singh,Female,25,Operations,Operations Executive,B.Tech,4,52461,Kolkata,2024-01-16,No,2,No
5005,Nisha Yadav,Male,29,IT,Developer,MBA,5,73119,Noida,2018-11-05,No,5,No
5006,Amit Singh,Male,42,Finance,Accountant,MBA,13,87391,Pune,2022-02-22,No,5,No
5007,Sneha Yadav,Female,21,IT,QA Engineer,M.Com,0,66877,Pune,2019-04-12,No,4,No
5008,Rohan Yadav,Female,35,IT,Developer,MBA,7,80648,Kolkata,2017-09-13,Yes,4,No
5009,Sneha Joshi,Male,39,HR,Recruiter,Graduate,15,82375,Chennai,2022-07-23,Yes,1,Yes
5010,Anjali Roy,Female,30,Operations,Operations Executive,Graduate,8,65596,Delhi,2016-09-16,Yes,1,Yes
5011,Pooja Singh,Female,43,Operations,Supervisor,M.Com,16,80031,Chennai,2015-07-26,No,4,No
5012,Kiran Gupta,Female,27,Marketing,Marketing Executive,B.Com,2,53563,Jaipur,2018-07-01,No,3,No
5013,Rahul Patel,Female,37,Sales,Sales Manager,MBA,7,62700,Chennai,2016-06-09,No,2,Yes
5014,Rahul Yadav,Female,31,Marketing,SEO Specialist,Graduate,1,48155,Pune,2022-03-20,No,1,No
5015,Priya Singh,Male,30,Operations,Supervisor,B.Tech,8,57536,Jaipur,2020-10-13,No,3,No
5016,Priya Sharma,Male,34,IT,Developer,Graduate,11,88492,Noida,2024-07-13,Yes,2,Yes
5017,Rohan Verma,Male,26,IT,Analyst,M.Com,2,71951,Kolkata,2017-01-27,No,3,No
5018,Anjali Sharma,Female,25,Operations,Operations Executive,M.Com,0,42502,Delhi,2016-06-29,No,5,No
5019,Kiran Kumar,Female,38,Operations,Supervisor,M.Com,9,67141,Chennai,2021-11-14,No,4,No
5020,Sonia Patel,Female,44,Finance,Financial Analyst,M.Com,20,101275,Mumbai,2020-01-09,Yes,1,Yes
5021,Nisha Singh,Male,40,Operations,Supervisor,M.Com,14,75112,Lucknow,2019-12-20,No,2,No
5022,Deepak Sharma,Female,41,HR,Recruiter,MBA,11,65514,Mumbai,2024-12-01,Yes,2,Yes
5023,Sonia Patel,Male,40,Operations,Operations Executive,MBA,11,68160,Noida,2021-03-10,Yes,2,No
5024,Arjun Patel,Female,28,Finance,Financial Analyst,B.Com,2,61653,Ahmedabad,2020-04-15,No,5,No
5025,Nisha Singh,Female,36,HR,HR Executive,Graduate,15,74335,Lucknow,2021-07-03,No,5,No
5026,Nisha Mehta,Female,44,Finance,Financial Analyst,Graduate,17,94603,Mumbai,2018-08-11,No,2,No
5027,Sonia Mehta,Female,31,Finance,Financial Analyst,M.Com,9,75944,Chennai,2018-05-23,No,4,No
5028,Mohit Sharma,Male,35,IT,Analyst,M.Com,14,99606,Noida,2024-09-10,No,4,No
5029,Deepak Patel,Female,43,HR,Recruiter,MBA,15,76729,Bengaluru,2023-03-23,Yes,3,No
5030,Rohan Mehta,Female,34,Sales,Sales Manager,M.Com,7,67452,Noida,2015-08-02,Yes,2,Yes
5031,Arjun Verma,Female,45,HR,Recruiter,M.Com,17,78745,Ahmedabad,2020-06-29,Yes,4,Yes
5032,Nisha Verma,Female,44,Sales,Sales Executive,Graduate,18,92178,Kolkata,2016-05-28,Yes,5,No
5033,Deepak Verma,Male,28,Marketing,SEO Specialist,B.Tech,3,57305,Lucknow,2018-03-12,No,4,No
5034,Arjun Sharma,Female,43,Sales,Sales Manager,B.Tech,14,82483,Lucknow,2020-05-04,No,1,No
5035,Neha Kumar,Female,21,IT,Analyst,MBA,0,61167,Lucknow,2023-09-15,No,4,No
5036,Anjali Kumar,Female,26,Marketing,SEO Specialist,Graduate,5,58505,Lucknow,2019-01-03,No,5,No
5037,Arjun Mehta,Female,40,Sales,Sales Manager,M.Com,10,67663,Lucknow,2020-04-05,Yes,3,No
5038,Mohit Kumar,Male,46,IT,Developer,Graduate,20,115046,Mumbai,2018-06-14,Yes,2,No
5039,Amit Roy,Female,25,IT,Developer,M.Com,1,63693,Lucknow,2021-05-27,No,1,Yes
5040,Pooja Yadav,Male,31,IT,Analyst,MBA,1,64250,Ahmedabad,2019-09-14,No,3,No
5041,Vikas Joshi,Female,31,IT,Developer,MBA,11,88400,Delhi,2016-04-25,Yes,5,No
5042,Nisha Singh,Female,26,Sales,Sales Manager,B.Com,0,45691,Kolkata,2021-05-16,No,1,Yes
5043,Neha Sharma,Male,38,Sales,Sales Executive,MBA,8,65754,Delhi,2017-12-18,Yes,2,Yes
5044,Rahul Verma,Female,44,Marketing,Marketing Executive,Graduate,18,96055,Lucknow,2023-11-08,Yes,4,No
5045,Amit Gupta,Female,39,HR,Recruiter,B.Tech,14,72041,Pune,2017-01-02,No,5,No
5046,Nisha Patel,Male,38,HR,HR Executive,Graduate,8,58470,Delhi,2020-07-21,Yes,3,No
5047,Nisha Mehta,Female,36,Finance,Accountant,M.Com,14,87719,Ahmedabad,2021-09-13,No,2,No
5048,Nisha Roy,Female,33,Sales,Sales Manager,MBA,5,59012,Kolkata,2023-09-05,No,1,Yes
5049,Arjun Joshi,Male,22,Marketing,Marketing Executive,MBA,1,47201,Kolkata,2018-12-04,No,1,Yes
5050,Sonia Mehta,Female,33,IT,Developer,M.Com,11,89923,Pune,2018-01-09,Yes,2,Yes
5051,Vikas Sharma,Female,29,Operations,Supervisor,Graduate,5,54065,Mumbai,2019-06-23,No,5,No
5052,Pooja Verma,Female,29,Finance,Accountant,B.Com,3,63503,Chennai,2016-06-15,No,3,No
5053,Pooja Sharma,Female,23,Finance,Financial Analyst,M.Com,1,54478,Jaipur,2015-11-14,No,3,No
5054,Sonia Patel,Male,23,HR,HR Executive,M.Com,1,44500,Ahmedabad,2015-12-05,No,3,No
5055,Amit Verma,Female,34,HR,Recruiter,M.Com,5,54290,Mumbai,2015-05-15,No,4,No
5056,Amit Patel,Female,36,IT,QA Engineer,B.Tech,14,99492,Noida,2024-01-25,No,4,No
5057,Deepak Kumar,Male,47,HR,Recruiter,M.Com,18,80513,Chennai,2017-08-21,Yes,4,No
5058,Pooja Kumar,Female,24,HR,Recruiter,MBA,3,50550,Chennai,2017-01-06,No,5,No
5059,Priya Mehta,Female,41,HR,Recruiter,Graduate,12,69770,Kolkata,2016-08-04,No,2,No
5060,Rahul Patel,Male,37,Finance,Financial Analyst,B.Com,10,81394,Kolkata,2020-06-07,Yes,1,Yes
5061,Amit Mehta,Female,39,IT,Developer,MBA,13,92730,Ahmedabad,2022-06-08,Yes,4,No
5062,Vikas Mehta,Female,32,Marketing,SEO Specialist,M.Com,6,59841,Kolkata,2024-07-21,No,3,No
5063,Amit Kumar,Male,37,HR,HR Executive,M.Com,17,85386,Lucknow,2015-07-28,Yes,5,No
5064,Mohit Sharma,Male,42,HR,HR Executive,MBA,19,89203,Ahmedabad,2021-12-09,No,1,Yes
5065,Pooja Kumar,Male,30,HR,HR Executive,M.Com,8,56826,Kolkata,2020-08-05,No,2,No
5066,Pooja Verma,Male,37,Marketing,Marketing Executive,M.Com,8,68369,Chennai,2023-04-25,No,3,No
5067,Pooja Mehta,Female,28,Marketing,Marketing Executive,M.Com,6,63068,Noida,2015-12-17,No,1,No
5068,Rohan Sharma,Male,36,Operations,Operations Executive,MBA,16,86658,Jaipur,2020-12-28,Yes,5,No
5069,Rahul Roy,Male,32,Operations,Supervisor,B.Com,5,51901,Bengaluru,2018-09-10,No,3,No
5070,Neha Gupta,Male,39,IT,Analyst,MBA,12,93810,Mumbai,2017-01-29,No,2,No
5071,Pooja Roy,Male,22,Sales,Sales Manager,B.Tech,1,48928,Noida,2017-02-07,No,5,No
5072,Deepak Joshi,Female,37,HR,Recruiter,Graduate,12,66122,Pune,2023-09-10,Yes,4,Yes
5073,Arjun Joshi,Male,44,IT,Analyst,M.Com,18,111981,Bengaluru,2018-08-18,No,1,No
5074,Anjali Kumar,Male,32,Finance,Accountant,B.Com,2,56531,Noida,2016-07-05,No,5,No
5075,Sonia Yadav,Male,30,Marketing,Marketing Executive,M.Com,2,52310,Chennai,2019-02-03,No,4,No
5076,Sneha Joshi,Female,41,Operations,Operations Executive,B.Com,16,78037,Jaipur,2019-09-19,No,4,No
5077,Arjun Singh,Female,45,Finance,Financial Analyst,MBA,18,101651,Ahmedabad,2018-06-08,Yes,1,No
5078,Deepak Yadav,Male,24,Operations,Operations Executive,M.Com,0,40229,Pune,2018-04-30,No,3,No
5079,Neha Kumar,Male,42,HR,Recruiter,MBA,15,80190,Noida,2017-01-11,Yes,3,No
5080,Nisha Verma,Male,45,Operations,Supervisor,M.Com,18,85142,Pune,2023-12-30,No,5,No
5081,Amit Mehta,Female,39,HR,HR Executive,MBA,14,71653,Mumbai,2017-08-26,Yes,1,No
5082,Priya Gupta,Male,23,Finance,Financial Analyst,MBA,3,62389,Bengaluru,2018-08-14,No,3,No
5083,Nisha Yadav,Male,29,IT,Developer,MBA,2,66275,Lucknow,2022-02-04,No,5,No
5084,Nisha Mehta,Male,44,Sales,Sales Executive,B.Tech,14,76394,Bengaluru,2017-05-14,No,3,No
5085,Vikas Mehta,Male,41,HR,HR Executive,B.Com,15,81421,Chennai,2016-08-25,No,5,No
5086,Anjali Singh,Female,33,Operations,Supervisor,B.Com,8,66028,Noida,2018-05-28,No,1,Yes
5087,Neha Patel,Male,48,Marketing,SEO Specialist,MBA,20,94397,Jaipur,2018-04-16,Yes,4,No
5088,Vikas Roy,Male,26,Sales,Sales Manager,M.Com,3,51055,Noida,2016-03-30,No,5,No
5089,Arjun Sharma,Female,29,Finance,Financial Analyst,MBA,3,57677,Jaipur,2017-07-16,No,3,No
5090,Priya Singh,Female,24,Finance,Accountant,Graduate,2,63161,Ahmedabad,2019-09-07,No,3,No
5091,Anjali Kumar,Female,43,Marketing,Marketing Executive,B.Tech,19,90506,Noida,2021-08-30,No,4,No
5092,Mohit Roy,Female,35,Marketing,SEO Specialist,B.Com,13,78701,Jaipur,2024-12-19,No,1,No
5093,Sneha Verma,Female,35,Operations,Operations Executive,M.Com,8,61235,Lucknow,2016-08-12,No,1,No
5094,Mohit Patel,Male,24,Sales,Sales Executive,MBA,0,46407,Chennai,2018-04-23,No,1,Yes
5095,Deepak Joshi,Female,30,Finance,Accountant,B.Com,4,67811,Bengaluru,2019-12-08,No,3,No
5096,Priya Mehta,Male,30,HR,Recruiter,B.Tech,8,60829,Mumbai,2023-03-15,Yes,1,No
5097,Mohit Verma,Female,38,Marketing,SEO Specialist,MBA,16,86110,Lucknow,2019-10-18,No,1,No
5098,Mohit Gupta,Male,40,Marketing,SEO Specialist,B.Com,11,79985,Mumbai,2019-08-04,No,1,No
5099,Rahul Mehta,Female,40,IT,Analyst,Graduate,10,89419,Noida,2019-09-21,Yes,2,Yes
5100,Sneha Verma,Female,29,Finance,Financial Analyst,B.Tech,3,63577,Delhi,2023-06-30,No,2,No
5101,Priya Sharma,Female,46,Finance,Financial Analyst,MBA,18,100519,Kolkata,2017-12-15,Yes,5,No
5102,Nisha Verma,Female,40,Sales,Sales Executive,B.Tech,10,69533,Chennai,2024-05-04,Yes,1,Yes
5103,Pooja Yadav,Male,27,Operations,Supervisor,M.Com,3,47103,Mumbai,2018-06-23,No,1,Yes
5104,Sonia Gupta,Male,32,Sales,Sales Executive,M.Com,4,55910,Ahmedabad,2018-06-20,No,4,No
5105,Amit Roy,Male,31,HR,Recruiter,B.Com,6,54120,Chennai,2023-12-21,No,4,No
5106,Pooja Patel,Male,31,Finance,Accountant,M.Com,10,75007,Mumbai,2018-12-19,No,5,Yes
5107,Anjali Sharma,Male,34,IT,QA Engineer,MBA,8,81680,Chennai,2022-12-26,Yes,3,No
5108,Pooja Sharma,Male,24,IT,Developer,MBA,4,79626,Chennai,2022-11-07,No,2,No
5109,Rahul Joshi,Female,31,Operations,Operations Executive,B.Tech,11,65548,Lucknow,2022-07-25,Yes,1,Yes
5110,Rohan Joshi,Male,27,Sales,Sales Manager,B.Tech,4,57890,Ahmedabad,2021-12-06,No,5,No
5111,Priya Verma,Male,34,Operations,Operations Executive,B.Com,9,65672,Kolkata,2019-04-15,Yes,5,No
5112,Sonia Sharma,Male,38,Sales,Sales Executive,B.Tech,13,73584,Noida,2018-04-06,Yes,5,No
5113,Arjun Patel,Female,22,IT,QA Engineer,Graduate,1,69417,Pune,2023-08-24,No,1,Yes
5114,Kiran Verma,Female,49,Sales,Sales Executive,B.Tech,20,93982,Pune,2020-06-10,Yes,3,No
5115,Neha Yadav,Male,40,Operations,Operations Executive,M.Com,20,94436,Pune,2016-02-14,No,1,No
5116,Arjun Singh,Male,28,Marketing,Marketing Executive,B.Com,5,56598,Delhi,2020-03-04,No,5,No
5117,Sonia Gupta,Male,35,IT,Analyst,B.Com,7,86627,Lucknow,2015-01-26,No,2,No
5118,Sneha Patel,Male,37,IT,Analyst,MBA,11,92572,Kolkata,2021-10-17,No,3,No
5119,Priya Mehta,Male,36,Finance,Financial Analyst,B.Com,7,76766,Mumbai,2022-06-10,No,4,No
5120,Pooja Sharma,Male,28,HR,HR Executive,B.Com,7,60280,Lucknow,2015-02-11,Yes,3,No
5121,Pooja Singh,Male,32,Finance,Accountant,M.Com,4,66165,Ahmedabad,2018-10-24,No,5,No
5122,Sonia Patel,Male,30,IT,QA Engineer,Graduate,7,86014,Mumbai,2018-08-03,No,2,Yes
5123,Mohit Gupta,Male,38,Operations,Supervisor,B.Tech,9,65876,Mumbai,2016-12-02,No,4,No
5124,Mohit Patel,Female,22,HR,Recruiter,B.Com,2,41833,Mumbai,2018-05-25,No,3,No
5125,Amit Verma,Female,38,HR,HR Executive,MBA,14,70932,Noida,2022-10-02,No,3,No
5126,Kiran Joshi,Female,47,Operations,Operations Executive,B.Com,20,94475,Noida,2018-11-11,Yes,3,No
5127,Rahul Mehta,Female,28,HR,HR Executive,Graduate,6,50102,Mumbai,2022-03-06,Yes,3,No
5128,Rahul Yadav,Male,36,Marketing,Marketing Executive,M.Com,14,87755,Delhi,2019-01-03,Yes,3,No
5129,Priya Sharma,Male,28,Operations,Operations Executive,MBA,1,49449,Lucknow,2022-05-07,No,4,No
5130,Nisha Kumar,Male,40,HR,Recruiter,B.Tech,14,77035,Jaipur,2016-12-14,No,4,No
5131,Mohit Kumar,Female,26,IT,QA Engineer,B.Com,3,71007,Lucknow,2024-12-26,No,3,No
5132,Pooja Joshi,Male,37,Finance,Financial Analyst,B.Tech,11,80115,Noida,2018-08-28,No,1,No
5133,Sneha Yadav,Male,40,Sales,Sales Manager,B.Com,15,80908,Lucknow,2020-01-25,Yes,4,No
5134,Arjun Roy,Female,37,Marketing,SEO Specialist,Graduate,13,83654,Lucknow,2022-06-12,Yes,4,No
5135,Nisha Patel,Female,43,HR,Recruiter,Graduate,17,83485,Noida,2023-09-06,No,1,Yes
5136,Vikas Mehta,Female,48,Sales,Sales Manager,Graduate,18,85085,Bengaluru,2024-06-16,No,3,No
5137,Sonia Patel,Male,37,IT,QA Engineer,M.Com,13,98691,Jaipur,2024-07-05,Yes,5,No
5138,Amit Patel,Female,46,HR,HR Executive,M.Com,20,88610,Mumbai,2017-01-21,No,5,No
5139,Sonia Verma,Male,30,Finance,Accountant,MBA,10,77666,Chennai,2016-03-26,Yes,1,No
5140,Nisha Patel,Male,33,Operations,Supervisor,B.Tech,9,65762,Chennai,2023-01-23,Yes,2,No
5141,Sneha Mehta,Female,41,Finance,Accountant,B.Com,20,105162,Lucknow,2018-09-08,No,1,Yes
5142,Vikas Joshi,Male,43,IT,Analyst,MBA,20,115431,Lucknow,2021-10-30,Yes,5,No
5143,Neha Kumar,Female,49,Operations,Operations Executive,B.Com,20,92566,Delhi,2022-04-25,No,2,Yes
5144,Neha Singh,Male,38,HR,Recruiter,B.Com,17,85635,Jaipur,2023-08-05,No,3,No
5145,Sneha Sharma,Male,32,IT,Analyst,B.Tech,6,75417,Chennai,2024-10-05,No,5,No
5146,Sneha Mehta,Female,41,Finance,Accountant,B.Tech,20,107410,Bengaluru,2019-01-23,No,3,Yes
5147,Deepak Singh,Female,43,Sales,Sales Executive,B.Com,19,90253,Jaipur,2015-03-10,Yes,1,Yes
5148,Kiran Gupta,Male,37,Sales,Sales Manager,Graduate,8,60590,Lucknow,2018-09-09,Yes,4,No
5149,Amit Roy,Female,39,HR,Recruiter,Graduate,19,91900,Jaipur,2023-07-07,No,2,Yes
5150,Deepak Mehta,Male,42,HR,Recruiter,B.Com,13,72015,Pune,2016-02-16,Yes,1,Yes
5151,Anjali Sharma,Female,44,Finance,Financial Analyst,B.Com,19,103398,Chennai,2016-10-17,No,5,No
5152,Pooja Sharma,Female,30,IT,Analyst,Graduate,4,79814,Kolkata,2022-07-18,No,1,No
5153,Sneha Singh,Male,32,Operations,Operations Executive,Graduate,5,56458,Chennai,2016-11-26,No,1,Yes
5154,Kiran Patel,Male,40,Sales,Sales Manager,MBA,11,73787,Kolkata,2020-04-06,No,5,No
5155,Pooja Singh,Female,50,Sales,Sales Executive,B.Com,20,96932,Ahmedabad,2024-09-19,Yes,2,Yes
5156,Neha Verma,Male,43,Operations,Operations Executive,M.Com,16,77044,Chennai,2022-09-21,No,1,No
5157,Neha Roy,Female,28,Sales,Sales Executive,M.Com,5,55810,Noida,2016-11-12,No,1,Yes
5158,Sonia Joshi,Female,43,IT,QA Engineer,Graduate,15,105448,Kolkata,2020-09-19,Yes,5,No
5159,Nisha Sharma,Male,25,Operations,Supervisor,B.Tech,2,44820,Kolkata,2016-08-03,No,2,No
5160,Vikas Patel,Male,32,Sales,Sales Manager,M.Com,7,59338,Noida,2023-09-23,No,5,No
5161,Mohit Patel,Male,31,HR,HR Executive,MBA,9,63082,Bengaluru,2023-10-08,Yes,5,No
5162,Priya Roy,Male,35,HR,Recruiter,B.Tech,15,74538,Pune,2017-07-03,No,5,No
5163,Sneha Singh,Male,24,Sales,Sales Manager,MBA,1,43471,Pune,2020-04-21,No,3,No
5164,Neha Gupta,Male,39,IT,Developer,B.Com,11,89387,Ahmedabad,2016-10-26,Yes,2,Yes
5165,Amit Sharma,Female,41,Marketing,SEO Specialist,MBA,13,81529,Delhi,2019-04-28,Yes,3,No
5166,Vikas Patel,Female,25,Marketing,SEO Specialist,MBA,4,55174,Jaipur,2024-06-01,No,3,Yes
5167,Priya Patel,Male,40,IT,Analyst,B.Com,18,106904,Jaipur,2016-02-16,No,2,No
5168,Mohit Joshi,Female,43,Marketing,SEO Specialist,B.Tech,18,88443,Bengaluru,2024-06-10,No,5,No
5169,Arjun Sharma,Male,42,Operations,Supervisor,M.Com,18,91728,Bengaluru,2024-06-13,Yes,4,No
5170,Pooja Patel,Male,34,Sales,Sales Executive,B.Tech,4,51765,Jaipur,2019-08-15,No,4,No
5171,Anjali Patel,Female,27,Sales,Sales Executive,B.Tech,3,52432,Lucknow,2022-10-12,No,3,No
5172,Sneha Sharma,Female,32,IT,QA Engineer,B.Com,10,93382,Pune,2018-05-05,No,5,No
5173,Pooja Singh,Male,31,HR,HR Executive,M.Com,8,56346,Chennai,2015-11-10,Yes,4,No
5174,Nisha Kumar,Female,40,Marketing,SEO Specialist,Graduate,15,84770,Lucknow,2020-06-09,Yes,5,No
5175,Kiran Verma,Male,26,Sales,Sales Executive,B.Tech,4,54217,Noida,2018-07-23,No,1,Yes
5176,Amit Roy,Male,36,IT,Analyst,Graduate,9,84751,Chennai,2020-02-08,No,2,Yes
5177,Pooja Joshi,Male,34,Finance,Financial Analyst,M.Com,11,85323,Pune,2016-10-22,Yes,1,Yes
5178,Sneha Gupta,Female,33,IT,QA Engineer,B.Com,11,89088,Mumbai,2022-03-07,Yes,1,No
5179,Nisha Singh,Female,29,Finance,Accountant,B.Com,7,68935,Kolkata,2023-08-24,No,5,No
5180,Nisha Singh,Male,45,Sales,Sales Manager,MBA,16,89476,Kolkata,2020-12-01,No,5,No
5181,Priya Verma,Female,43,HR,Recruiter,B.Tech,15,76352,Pune,2019-08-14,No,3,No
5182,Rahul Sharma,Female,29,Sales,Sales Manager,Graduate,6,59649,Chennai,2023-08-15,No,5,No
5183,Deepak Sharma,Male,28,Operations,Operations Executive,M.Com,6,56768,Pune,2022-01-10,Yes,2,Yes
5184,Sonia Kumar,Female,35,HR,Recruiter,B.Tech,12,68629,Ahmedabad,2022-05-17,Yes,2,Yes
5185,Anjali Joshi,Female,36,Marketing,SEO Specialist,B.Com,7,60965,Noida,2016-11-15,Yes,4,No
5186,Anjali Kumar,Male,28,HR,Recruiter,B.Tech,4,46826,Chennai,2024-05-17,No,5,No
5187,Sneha Kumar,Male,25,Sales,Sales Executive,Graduate,5,59719,Noida,2022-01-18,No,4,No
5188,Nisha Singh,Male,41,Marketing,Marketing Executive,Graduate,14,86302,Lucknow,2019-01-07,Yes,5,No
5189,Priya Singh,Male,29,Sales,Sales Manager,MBA,9,64858,Lucknow,2022-06-18,Yes,4,No
5190,Anjali Patel,Female,32,Finance,Accountant,B.Com,11,77901,Ahmedabad,2019-08-11,Yes,1,Yes
5191,Sonia Gupta,Female,35,Operations,Operations Executive,M.Com,7,58925,Pune,2016-01-09,No,4,No
5192,Priya Yadav,Male,26,HR,HR Executive,M.Com,5,50351,Mumbai,2021-01-04,No,5,No
5193,Sonia Singh,Male,24,Sales,Sales Executive,MBA,3,49783,Jaipur,2015-05-09,No,5,No
5194,Mohit Kumar,Female,34,IT,QA Engineer,B.Tech,7,77903,Mumbai,2022-07-21,No,3,Yes
5195,Anjali Yadav,Female,40,IT,Developer,Graduate,18,110341,Jaipur,2018-10-10,No,3,No
5196,Priya Yadav,Male,26,Marketing,SEO Specialist,MBA,2,54071,Lucknow,2024-06-12,No,3,No
5197,Anjali Yadav,Female,31,Operations,Operations Executive,MBA,9,62842,Jaipur,2019-11-25,No,4,No
5198,Sonia Gupta,Female,41,Operations,Supervisor,MBA,15,75710,Mumbai,2015-02-18,Yes,4,No
5199,Sneha Patel,Male,25,Sales,Sales Manager,B.Com,5,58398,Delhi,2017-12-03,No,5,No
5200,Kiran Verma,Male,31,Finance,Financial Analyst,B.Com,8,77901,Chennai,2019-06-19,No,1,No
5201,Priya Joshi,Female,28,Finance,Financial Analyst,MBA,7,69278,Noida,2024-06-26,Yes,4,Yes
5202,Amit Patel,Female,50,HR,HR Executive,M.Com,20,90209,Chennai,2016-01-18,Yes,3,No
5203,Nisha Gupta,Female,42,HR,HR Executive,M.Com,16,83979,Bengaluru,2023-01-21,Yes,1,No
5204,Rohan Kumar,Female,38,Sales,Sales Manager,B.Tech,8,69205,Mumbai,2021-06-10,No,4,No
5205,Sneha Yadav,Female,48,Operations,Supervisor,B.Com,18,82947,Ahmedabad,2023-12-10,No,3,No
5206,Nisha Kumar,Female,41,Operations,Supervisor,MBA,16,78011,Delhi,2019-11-01,No,4,No
5207,Sneha Singh,Female,28,Marketing,Marketing Executive,B.Com,3,59182,Pune,2019-12-04,No,1,No
5208,Anjali Gupta,Male,29,Operations,Operations Executive,MBA,5,56262,Ahmedabad,2023-01-03,No,4,Yes
5209,Priya Gupta,Female,21,HR,HR Executive,B.Com,0,37406,Ahmedabad,2019-02-16,No,5,No
5210,Priya Sharma,Male,34,Sales,Sales Executive,B.Tech,14,81000,Bengaluru,2019-03-22,No,2,Yes
5211,Priya Yadav,Male,29,Finance,Financial Analyst,B.Tech,8,77903,Kolkata,2015-10-18,No,2,No
5212,Amit Singh,Female,41,HR,HR Executive,M.Com,12,68639,Noida,2021-08-19,No,2,No
5213,Deepak Roy,Female,24,IT,QA Engineer,Graduate,1,70438,Kolkata,2017-12-19,No,1,No
5214,Anjali Gupta,Male,38,Finance,Accountant,M.Com,15,95295,Bengaluru,2021-05-28,Yes,2,No
5215,Anjali Patel,Female,22,Finance,Accountant,Graduate,1,53206,Chennai,2022-04-23,No,1,No
5216,Vikas Singh,Female,34,Operations,Operations Executive,M.Com,14,73032,Noida,2022-07-30,Yes,5,No
5217,Neha Sharma,Male,41,HR,HR Executive,MBA,16,78992,Mumbai,2024-04-20,No,4,Yes
5218,Sneha Singh,Male,25,Operations,Operations Executive,Graduate,3,50984,Noida,2024-10-19,No,5,No
5219,Sonia Yadav,Male,28,Marketing,SEO Specialist,M.Com,2,57278,Chennai,2016-04-03,No,2,No
5220,Priya Kumar,Female,36,Marketing,Marketing Executive,MBA,15,81149,Lucknow,2015-12-01,Yes,1,Yes
5221,Neha Yadav,Female,44,HR,Recruiter,MBA,18,84215,Noida,2020-09-07,No,2,No
5222,Sneha Gupta,Female,35,HR,HR Executive,MBA,15,75054,Bengaluru,2024-02-19,Yes,3,No
5223,Sneha Roy,Male,26,Operations,Supervisor,B.Com,5,57991,Lucknow,2017-12-14,No,2,No
5224,Priya Verma,Female,29,HR,Recruiter,MBA,5,49820,Pune,2016-07-20,No,3,No
5225,Rahul Sharma,Male,44,HR,HR Executive,Graduate,14,75248,Jaipur,2016-05-26,No,3,No
5226,Vikas Roy,Female,35,HR,Recruiter,B.Tech,6,52134,Kolkata,2019-08-29,No,1,Yes
5227,Amit Patel,Male,33,IT,QA Engineer,M.Com,5,80514,Pune,2017-03-10,No,5,Yes
5228,Pooja Yadav,Male,44,HR,HR Executive,MBA,18,86838,Chennai,2019-11-25,No,4,No
5229,Sonia Roy,Female,44,Finance,Accountant,M.Com,20,109993,Bengaluru,2015-06-20,No,5,Yes
5230,Anjali Roy,Female,34,Marketing,Marketing Executive,MBA,10,73254,Ahmedabad,2019-07-26,No,5,No
5231,Mohit Roy,Male,34,HR,HR Executive,MBA,11,66672,Mumbai,2017-05-17,No,2,Yes
5232,Anjali Patel,Male,38,Finance,Financial Analyst,M.Com,12,85249,Bengaluru,2018-03-31,No,3,No
5233,Deepak Patel,Male,44,Sales,Sales Executive,M.Com,20,90960,Jaipur,2022-03-19,Yes,2,Yes
5234,Priya Patel,Male,42,Sales,Sales Manager,MBA,18,90883,Pune,2017-05-30,No,2,No
5235,Deepak Gupta,Female,38,Sales,Sales Manager,B.Tech,12,78432,Bengaluru,2023-03-27,No,2,No
5236,Sonia Roy,Male,42,Marketing,SEO Specialist,Graduate,20,93086,Chennai,2017-04-06,Yes,2,No
5237,Neha Singh,Male,41,HR,Recruiter,B.Com,11,69986,Noida,2018-06-26,Yes,4,No
5238,Neha Gupta,Male,34,Operations,Supervisor,M.Com,12,70471,Lucknow,2016-10-19,No,1,Yes
5239,Nisha Roy,Female,39,HR,HR Executive,Graduate,18,86166,Lucknow,2015-04-03,No,2,No
5240,Arjun Joshi,Male,31,HR,Recruiter,B.Tech,1,47389,Pune,2015-09-12,No,5,No
5241,Arjun Yadav,Male,23,HR,Recruiter,M.Com,1,45027,Chennai,2023-05-31,No,4,No
5242,Vikas Verma,Male,31,Sales,Sales Executive,M.Com,4,56767,Ahmedabad,2020-11-25,No,2,No
5243,Sneha Verma,Female,37,Finance,Financial Analyst,Graduate,7,69145,Bengaluru,2015-09-09,Yes,1,Yes
5244,Arjun Patel,Female,30,HR,Recruiter,Graduate,8,62075,Bengaluru,2023-11-27,Yes,3,No
5245,Kiran Mehta,Male,39,IT,QA Engineer,B.Com,16,108294,Lucknow,2023-02-14,Yes,1,Yes
5246,Mohit Joshi,Male,26,Sales,Sales Manager,M.Com,1,51221,Lucknow,2017-11-29,No,3,No
5247,Rahul Patel,Male,45,IT,Analyst,B.Tech,16,107935,Bengaluru,2021-04-28,No,2,No
5248,Neha Singh,Female,44,HR,Recruiter,M.Com,20,87480,Kolkata,2022-02-18,Yes,1,Yes
5249,Anjali Joshi,Female,33,Sales,Sales Manager,M.Com,8,63420,Mumbai,2023-02-02,No,5,No
5250,Amit Kumar,Male,42,Operations,Supervisor,B.Tech,13,72395,Pune,2017-09-15,Yes,2,Yes
5251,Arjun Verma,Female,40,Marketing,Marketing Executive,MBA,10,71003,Lucknow,2024-06-13,Yes,3,No
5252,Neha Roy,Male,34,IT,Analyst,Graduate,9,91197,Ahmedabad,2016-01-25,Yes,4,No
5253,Neha Gupta,Male,31,IT,Developer,B.Tech,6,84128,Jaipur,2024-05-02,No,2,Yes
5254,Nisha Singh,Female,33,Marketing,Marketing Executive,B.Tech,9,69109,Chennai,2015-10-14,No,5,No
5255,Mohit Kumar,Female,41,IT,Analyst,M.Com,11,95913,Mumbai,2018-12-03,Yes,5,No
5256,Vikas Singh,Male,38,Operations,Operations Executive,Graduate,15,81455,Chennai,2024-08-05,No,3,No
5257,Mohit Patel,Female,32,Marketing,Marketing Executive,M.Com,4,59892,Ahmedabad,2022-11-22,No,5,No
5258,Amit Joshi,Male,28,Sales,Sales Manager,B.Tech,3,51141,Delhi,2023-11-11,No,4,No
5259,Deepak Yadav,Female,41,Finance,Financial Analyst,B.Com,12,89712,Bengaluru,2021-02-16,No,1,No
5260,Neha Gupta,Male,28,Sales,Sales Manager,B.Com,2,49679,Lucknow,2016-02-11,No,5,No
5261,Kiran Sharma,Female,22,Sales,Sales Executive,M.Com,0,46337,Pune,2015-06-19,No,2,Yes
5262,Vikas Gupta,Male,37,IT,Analyst,Graduate,7,83551,Pune,2022-05-23,Yes,1,No
5263,Arjun Patel,Male,28,Operations,Supervisor,B.Tech,1,43439,Bengaluru,2019-11-29,No,5,No
5264,Kiran Roy,Female,26,Sales,Sales Manager,B.Tech,6,55065,Noida,2024-02-20,No,4,No
5265,Nisha Gupta,Male,35,Operations,Operations Executive,MBA,9,65174,Jaipur,2023-07-01,Yes,1,No
5266,Vikas Sharma,Female,26,IT,Analyst,Graduate,1,69983,Mumbai,2020-09-02,No,3,No
5267,Amit Mehta,Female,27,Sales,Sales Manager,MBA,0,46255,Jaipur,2019-05-03,No,4,No
5268,Rahul Yadav,Male,27,HR,Recruiter,M.Com,1,45903,Bengaluru,2018-11-18,No,5,No
5269,Pooja Yadav,Male,44,HR,Recruiter,B.Com,20,86050,Pune,2017-11-30,No,2,Yes
5270,Amit Mehta,Male,44,Sales,Sales Manager,Graduate,18,85820,Jaipur,2022-05-27,Yes,1,Yes
5271,Anjali Singh,Male,34,Operations,Operations Executive,B.Com,6,61034,Chennai,2022-03-10,No,1,No
5272,Vikas Gupta,Male,35,Marketing,Marketing Executive,Graduate,7,62233,Kolkata,2016-06-10,No,5,No
5273,Kiran Roy,Female,39,HR,Recruiter,MBA,14,77480,Mumbai,2015-05-12,Yes,4,No
5274,Rahul Mehta,Male,28,Finance,Accountant,M.Com,4,69782,Jaipur,2022-09-11,No,1,Yes
5275,Nisha Patel,Female,29,Sales,Sales Executive,Graduate,2,53015,Pune,2015-12-08,No,2,Yes
5276,Anjali Yadav,Male,31,Sales,Sales Manager,Graduate,4,56991,Noida,2021-12-01,No,2,No
5277,Vikas Verma,Male,29,Marketing,Marketing Executive,M.Com,4,60164,Mumbai,2018-10-14,No,4,No
5278,Mohit Singh,Male,28,Finance,Accountant,B.Tech,3,61626,Noida,2019-08-21,No,5,No
5279,Pooja Yadav,Female,30,IT,QA Engineer,B.Com,10,88077,Ahmedabad,2020-04-23,Yes,2,Yes
5280,Neha Mehta,Male,38,Sales,Sales Manager,MBA,14,79845,Chennai,2017-11-02,Yes,4,No
5281,Anjali Patel,Female,26,Marketing,Marketing Executive,B.Tech,5,57582,Delhi,2020-09-20,No,3,No
5282,Sneha Sharma,Female,27,IT,QA Engineer,M.Com,2,66086,Lucknow,2022-06-18,No,2,Yes
5283,Rohan Roy,Female,42,Operations,Supervisor,Graduate,13,78718,Pune,2020-07-01,Yes,4,No
5284,Rohan Singh,Male,24,Sales,Sales Executive,M.Com,2,50561,Lucknow,2022-10-22,No,2,No
5285,Sonia Kumar,Female,33,Finance,Accountant,M.Com,4,67299,Ahmedabad,2019-02-10,No,4,No
5286,Deepak Roy,Female,24,Operations,Supervisor,B.Tech,1,49443,Bengaluru,2019-03-20,No,2,Yes
5287,Kiran Singh,Male,31,HR,HR Executive,Graduate,1,46653,Delhi,2020-04-05,No,3,No
5288,Nisha Roy,Male,28,IT,Developer,MBA,8,84022,Delhi,2020-05-09,No,3,No
5289,Kiran Gupta,Female,32,IT,Developer,B.Com,2,65176,Bengaluru,2018-02-26,No,4,No
5290,Deepak Mehta,Female,44,Finance,Financial Analyst,B.Com,16,98165,Lucknow,2018-06-01,No,5,No
5291,Vikas Singh,Female,45,Finance,Accountant,M.Com,18,96397,Chennai,2020-02-20,No,1,Yes
5292,Rahul Roy,Male,28,Operations,Supervisor,M.Com,5,58856,Kolkata,2021-01-16,No,3,No
5293,Rahul Yadav,Male,47,Finance,Financial Analyst,Graduate,17,102435,Pune,2015-03-27,Yes,5,No
5294,Vikas Gupta,Female,32,HR,HR Executive,MBA,10,64284,Pune,2015-06-11,No,1,Yes
5295,Priya Joshi,Male,34,Sales,Sales Manager,Graduate,5,57124,Delhi,2019-11-26,No,5,No
5296,Priya Mehta,Female,38,Marketing,SEO Specialist,B.Com,8,72293,Ahmedabad,2023-09-01,Yes,2,No
5297,Neha Verma,Male,24,Finance,Financial Analyst,B.Tech,2,64302,Lucknow,2019-03-24,No,4,No
5298,Arjun Patel,Male,26,Finance,Financial Analyst,MBA,2,58713,Noida,2017-03-19,No,1,Yes
5299,Amit Sharma,Female,21,IT,Developer,B.Tech,1,71016,Noida,2015-06-24,No,3,No
5300,Kiran Verma,Female,34,Operations,Operations Executive,Graduate,14,75521,Pune,2017-09-24,Yes,4,No
5301,Deepak Yadav,Female,42,Sales,Sales Executive,Graduate,20,95100,Ahmedabad,2016-05-22,No,1,Yes
5302,Anjali Kumar,Male,49,Finance,Financial Analyst,B.Tech,19,102322,Kolkata,2015-05-24,Yes,2,No
5303,Arjun Joshi,Female,27,IT,Analyst,MBA,2,66423,Noida,2015-03-23,No,4,No
5304,Pooja Yadav,Male,28,IT,QA Engineer,B.Tech,4,70989,Noida,2024-02-27,No,3,No
5305,Sneha Mehta,Female,38,Marketing,SEO Specialist,B.Com,12,75813,Jaipur,2015-07-31,Yes,4,No
5306,Neha Kumar,Female,33,IT,Developer,B.Com,6,83380,Chennai,2016-01-31,Yes,3,No
5307,Arjun Roy,Male,36,Marketing,Marketing Executive,Graduate,6,67913,Mumbai,2020-05-13,No,1,Yes
5308,Rahul Roy,Female,47,IT,QA Engineer,B.Tech,20,119460,Pune,2018-06-07,No,4,No
5309,Vikas Patel,Male,23,HR,Recruiter,B.Tech,0,44935,Chennai,2022-02-22,No,5,No
5310,Pooja Mehta,Female,40,Sales,Sales Manager,B.Tech,19,96355,Chennai,2024-05-01,No,4,No
5311,Mohit Roy,Female,28,Operations,Operations Executive,MBA,6,52126,Ahmedabad,2024-08-19,Yes,2,No
5312,Nisha Gupta,Female,38,Sales,Sales Executive,Graduate,11,76204,Chennai,2020-06-05,Yes,3,No
5313,Rahul Kumar,Male,34,IT,Analyst,M.Com,8,84716,Lucknow,2017-06-30,No,2,Yes
5314,Kiran Sharma,Female,29,HR,Recruiter,B.Tech,8,57263,Lucknow,2017-09-04,Yes,2,Yes
5315,Vikas Kumar,Female,50,Operations,Operations Executive,B.Tech,20,94266,Ahmedabad,2016-09-09,No,2,Yes
5316,Anjali Singh,Male,33,Finance,Accountant,Graduate,13,85800,Mumbai,2020-08-19,No,5,No
5317,Pooja Joshi,Male,38,Sales,Sales Manager,B.Com,10,73653,Ahmedabad,2022-05-07,No,4,No
5318,Mohit Roy,Male,37,Marketing,SEO Specialist,B.Com,7,64167,Kolkata,2017-03-12,Yes,5,No
5319,Anjali Verma,Male,43,IT,QA Engineer,M.Com,17,111052,Kolkata,2020-10-01,Yes,5,No
5320,Anjali Mehta,Male,37,HR,Recruiter,MBA,12,67957,Lucknow,2024-01-24,Yes,2,Yes
5321,Nisha Joshi,Female,32,IT,Analyst,Graduate,3,77389,Pune,2020-10-16,No,5,Yes
5322,Rahul Kumar,Female,31,IT,Analyst,M.Com,9,92236,Mumbai,2019-06-05,Yes,5,No
5323,Sonia Mehta,Female,22,Marketing,SEO Specialist,M.Com,2,55364,Pune,2023-04-24,No,4,No
5324,Arjun Joshi,Female,46,Operations,Supervisor,B.Tech,19,85732,Jaipur,2015-07-05,No,5,No
5325,Amit Yadav,Female,47,Marketing,Marketing Executive,B.Tech,18,91730,Mumbai,2020-06-13,Yes,2,Yes
5326,Anjali Verma,Female,23,Finance,Financial Analyst,B.Tech,3,61356,Noida,2021-03-27,No,2,Yes
5327,Rahul Joshi,Male,41,Marketing,SEO Specialist,Graduate,17,95423,Jaipur,2015-11-29,No,1,No
5328,Anjali Kumar,Female,38,IT,Analyst,B.Com,11,90489,Lucknow,2021-09-21,No,3,No
5329,Deepak Verma,Female,27,HR,Recruiter,B.Com,0,37291,Delhi,2022-12-05,No,5,No
5330,Sonia Patel,Male,47,HR,Recruiter,Graduate,18,89646,Lucknow,2022-11-07,No,5,No
5331,Kiran Joshi,Female,37,HR,Recruiter,B.Tech,8,55470,Bengaluru,2017-07-04,No,3,No
5332,Kiran Sharma,Male,34,IT,Analyst,M.Com,9,86347,Chennai,2019-05-24,No,4,No
5333,Deepak Yadav,Female,47,Marketing,Marketing Executive,B.Tech,20,100479,Pune,2019-10-25,Yes,2,Yes
5334,Kiran Sharma,Female,21,IT,Analyst,M.Com,1,64920,Chennai,2020-02-29,No,4,Yes
5335,Sneha Verma,Female,42,Finance,Financial Analyst,B.Com,13,86485,Delhi,2016-03-19,No,5,No
5336,Amit Sharma,Male,41,HR,Recruiter,B.Com,13,68652,Chennai,2024-10-13,No,2,No
5337,Deepak Joshi,Male,27,Operations,Operations Executive,MBA,2,47995,Bengaluru,2018-11-19,No,5,No
5338,Kiran Mehta,Female,35,Sales,Sales Manager,B.Tech,10,72145,Noida,2016-01-28,Yes,3,No
5339,Priya Sharma,Male,48,IT,Developer,B.Com,19,116914,Noida,2019-07-05,No,3,No
5340,Pooja Gupta,Female,42,Sales,Sales Executive,Graduate,13,77859,Jaipur,2018-12-01,No,5,No
5341,Neha Roy,Male,34,IT,Developer,Graduate,13,93543,Jaipur,2024-01-19,Yes,2,No
5342,Nisha Mehta,Female,42,Marketing,SEO Specialist,MBA,19,99189,Kolkata,2021-02-11,Yes,2,Yes
5343,Amit Gupta,Female,27,Marketing,SEO Specialist,Graduate,7,63565,Kolkata,2015-11-03,Yes,5,No
5344,Kiran Mehta,Female,32,IT,QA Engineer,M.Com,3,69072,Lucknow,2022-11-14,No,2,Yes
5345,Mohit Yadav,Male,47,Sales,Sales Manager,B.Tech,19,88613,Ahmedabad,2015-03-05,Yes,5,No
5346,Amit Gupta,Female,41,HR,Recruiter,M.Com,19,90685,Mumbai,2018-06-07,No,1,No
5347,Rohan Yadav,Female,21,IT,Developer,B.Tech,0,66087,Delhi,2021-07-21,No,4,No
5348,Deepak Yadav,Female,34,HR,Recruiter,Graduate,4,48623,Lucknow,2019-06-05,No,3,Yes
5349,Vikas Gupta,Female,40,HR,Recruiter,B.Com,11,62841,Chennai,2022-10-22,No,5,No
5350,Priya Roy,Female,44,IT,Developer,B.Com,15,101573,Chennai,2020-06-19,No,5,No
5351,Pooja Singh,Male,31,HR,HR Executive,MBA,6,52497,Ahmedabad,2019-05-07,No,1,No
5352,Neha Singh,Male,35,Finance,Accountant,B.Com,8,71167,Delhi,2017-07-22,No,3,No
5353,Sonia Verma,Male,43,IT,Developer,Graduate,13,99324,Chennai,2022-02-03,No,2,Yes
5354,Priya Patel,Male,28,Marketing,SEO Specialist,MBA,7,64811,Pune,2020-12-27,Yes,3,No
5355,Vikas Gupta,Female,33,Operations,Supervisor,B.Com,5,56757,Jaipur,2024-01-03,No,3,No
5356,Nisha Verma,Female,37,Finance,Accountant,B.Tech,17,97966,Ahmedabad,2019-01-15,Yes,5,Yes
5357,Anjali Mehta,Female,22,Sales,Sales Executive,B.Com,1,47644,Delhi,2021-02-04,No,3,No
5358,Nisha Mehta,Female,43,Finance,Accountant,B.Tech,14,89484,Noida,2023-12-18,No,5,No
5359,Neha Sharma,Female,34,Sales,Sales Executive,M.Com,8,66657,Lucknow,2016-03-28,Yes,1,No
5360,Deepak Gupta,Female,30,Finance,Financial Analyst,MBA,4,66404,Jaipur,2019-01-22,No,4,No
5361,Rahul Verma,Male,42,IT,Analyst,B.Tech,15,104472,Mumbai,2018-12-13,No,4,No
5362,Pooja Singh,Female,38,IT,QA Engineer,M.Com,17,109510,Noida,2018-01-08,Yes,2,Yes
5363,Arjun Gupta,Male,34,Sales,Sales Executive,MBA,12,78989,Noida,2018-10-04,Yes,5,No
5364,Anjali Sharma,Male,32,Operations,Operations Executive,M.Com,11,67771,Kolkata,2024-02-22,Yes,1,No
5365,Anjali Kumar,Male,38,Sales,Sales Executive,MBA,15,82367,Chennai,2023-11-05,No,3,No
5366,Nisha Kumar,Male,30,Operations,Supervisor,B.Com,3,50730,Kolkata,2019-07-27,No,1,No
5367,Rohan Sharma,Female,40,Sales,Sales Manager,B.Tech,16,83228,Ahmedabad,2018-07-10,No,1,Yes
5368,Neha Roy,Female,27,Sales,Sales Manager,M.Com,0,43199,Lucknow,2021-06-11,No,5,No
5369,Rohan Kumar,Female,44,Finance,Financial Analyst,Graduate,15,96867,Noida,2017-09-21,No,1,Yes
5370,Rohan Singh,Male,30,Marketing,SEO Specialist,MBA,1,50681,Kolkata,2015-11-16,No,3,No
5371,Arjun Roy,Male,31,Finance,Accountant,M.Com,7,76464,Bengaluru,2024-06-22,No,3,Yes
5372,Kiran Gupta,Female,27,Marketing,Marketing Executive,Graduate,3,55512,Noida,2017-10-02,No,3,No
5373,Neha Gupta,Female,41,Sales,Sales Manager,MBA,12,71566,Pune,2019-04-04,No,3,No
5374,Mohit Singh,Female,41,Finance,Accountant,B.Com,13,86925,Delhi,2022-01-21,Yes,1,No
5375,Nisha Gupta,Female,32,Finance,Accountant,B.Tech,3,63633,Chennai,2022-05-15,No,4,No
5376,Mohit Roy,Male,27,Sales,Sales Executive,M.Com,3,57042,Kolkata,2023-09-09,No,3,No
5377,Mohit Patel,Male,36,HR,HR Executive,B.Com,14,79744,Kolkata,2024-09-29,Yes,4,No
5378,Arjun Sharma,Male,40,HR,HR Executive,M.Com,12,70094,Delhi,2016-11-26,No,5,No
5379,Arjun Sharma,Female,36,Sales,Sales Manager,B.Tech,12,74108,Noida,2015-01-29,Yes,3,Yes
5380,Amit Sharma,Male,48,Operations,Operations Executive,M.Com,19,85279,Jaipur,2017-08-03,No,5,No
5381,Deepak Yadav,Male,31,IT,QA Engineer,B.Tech,4,73003,Delhi,2020-07-25,No,2,Yes
5382,Sneha Verma,Male,28,Sales,Sales Manager,MBA,6,61321,Mumbai,2020-03-16,Yes,1,Yes
5383,Deepak Verma,Female,35,Finance,Financial Analyst,MBA,11,87161,Bengaluru,2023-07-16,No,2,Yes
5384,Vikas Sharma,Male,26,Sales,Sales Manager,Graduate,3,53180,Delhi,2018-04-27,No,5,No
5385,Neha Patel,Female,46,Marketing,Marketing Executive,Graduate,17,93010,Jaipur,2022-11-09,No,2,Yes
5386,Vikas Gupta,Male,23,Sales,Sales Manager,B.Tech,2,54961,Delhi,2022-11-12,No,5,No
5387,Rahul Mehta,Female,30,Operations,Operations Executive,MBA,5,54227,Pune,2015-06-22,No,2,Yes
5388,Nisha Joshi,Female,31,Marketing,SEO Specialist,B.Tech,8,68898,Kolkata,2021-01-11,No,4,No
5389,Rahul Joshi,Female,27,Marketing,SEO Specialist,B.Com,5,60841,Ahmedabad,2020-06-14,No,1,No
5390,Vikas Verma,Female,37,Finance,Accountant,M.Com,11,83500,Ahmedabad,2023-09-18,No,3,No
5391,Rahul Singh,Male,38,Finance,Accountant,MBA,13,89939,Kolkata,2015-11-17,No,1,Yes
5392,Deepak Gupta,Male,34,Finance,Financial Analyst,B.Tech,11,81788,Ahmedabad,2020-09-25,Yes,2,Yes
5393,Sneha Kumar,Male,46,Sales,Sales Manager,B.Tech,18,93624,Pune,2021-04-20,No,2,No
5394,Anjali Verma,Male,42,HR,Recruiter,M.Com,19,88096,Jaipur,2018-12-12,No,2,No
5395,Anjali Singh,Female,41,HR,Recruiter,M.Com,13,76904,Lucknow,2016-09-13,No,5,No
5396,Deepak Sharma,Male,23,Finance,Accountant,MBA,3,66438,Noida,2023-12-25,No,1,Yes
5397,Neha Yadav,Male,27,Operations,Operations Executive,MBA,4,56537,Pune,2016-03-12,No,3,No
5398,Deepak Verma,Female,42,IT,QA Engineer,MBA,17,106749,Jaipur,2016-11-03,Yes,1,Yes
5399,Sneha Sharma,Male,25,Operations,Supervisor,B.Tech,4,51832,Noida,2020-04-28,No,3,No
5400,Arjun Singh,Male,39,Marketing,SEO Specialist,B.Com,12,81905,Noida,2015-05-13,No,4,No
5401,Priya Gupta,Female,31,IT,Analyst,B.Tech,5,81293,Jaipur,2016-12-17,No,3,No
5402,Neha Sharma,Male,24,Marketing,SEO Specialist,M.Com,1,48649,Noida,2021-04-23,No,4,No
5403,Anjali Mehta,Male,37,Marketing,SEO Specialist,M.Com,14,80883,Mumbai,2018-10-18,Yes,2,No
5404,Amit Joshi,Male,32,Operations,Supervisor,B.Com,12,69984,Chennai,2022-07-31,Yes,2,Yes
5405,Pooja Joshi,Female,44,HR,HR Executive,B.Com,19,82703,Noida,2021-05-19,Yes,4,No
5406,Rohan Yadav,Female,41,Marketing,Marketing Executive,MBA,20,102308,Pune,2022-08-25,No,3,No
5407,Sneha Singh,Female,31,Operations,Supervisor,B.Tech,2,42143,Kolkata,2016-01-08,No,1,Yes
5408,Rahul Mehta,Male,33,Finance,Financial Analyst,M.Com,6,68452,Jaipur,2020-04-23,Yes,3,No
5409,Vikas Kumar,Male,41,Marketing,Marketing Executive,Graduate,13,81545,Jaipur,2015-10-13,Yes,5,No
5410,Kiran Gupta,Female,26,Sales,Sales Manager,MBA,2,49146,Noida,2021-11-18,No,4,No
5411,Arjun Kumar,Male,35,HR,Recruiter,B.Tech,10,67191,Chennai,2017-04-19,Yes,4,Yes
5412,Pooja Roy,Female,29,Finance,Accountant,B.Tech,1,61442,Kolkata,2021-02-22,No,5,No
5413,Rahul Singh,Female,30,Sales,Sales Executive,B.Tech,6,57639,Kolkata,2023-08-17,No,2,Yes
5414,Arjun Patel,Male,27,Finance,Accountant,B.Com,1,54776,Chennai,2016-03-16,No,1,No
5415,Sneha Sharma,Male,28,Marketing,SEO Specialist,Graduate,3,52533,Noida,2018-04-10,No,3,No
5416,Nisha Verma,Female,37,Operations,Supervisor,B.Tech,7,58862,Noida,2021-09-29,No,4,No
5417,Kiran Verma,Female,31,IT,QA Engineer,B.Com,5,77467,Mumbai,2022-10-05,No,4,No
5418,Mohit Singh,Male,33,Sales,Sales Manager,B.Tech,10,74825,Bengaluru,2017-11-04,Yes,4,Yes
5419,Mohit Gupta,Female,41,IT,QA Engineer,MBA,11,91387,Ahmedabad,2024-01-11,No,5,No
5420,Rahul Patel,Male,38,Finance,Financial Analyst,M.Com,16,90313,Noida,2016-02-23,No,5,No
5421,Amit Joshi,Male,33,Sales,Sales Manager,B.Com,5,53141,Delhi,2015-01-07,No,5,No
5422,Pooja Singh,Female,43,Marketing,Marketing Executive,M.Com,13,79544,Lucknow,2024-04-25,Yes,3,No
5423,Priya Roy,Male,29,Operations,Supervisor,Graduate,6,53921,Kolkata,2018-12-05,No,4,Yes
5424,Rahul Gupta,Female,25,Finance,Accountant,M.Com,1,56361,Noida,2018-11-16,No,4,No
5425,Amit Verma,Male,24,Finance,Accountant,B.Tech,4,61881,Jaipur,2017-07-19,No,3,No
5426,Nisha Singh,Male,37,Marketing,SEO Specialist,Graduate,13,82791,Chennai,2017-08-24,Yes,3,No
5427,Rahul Kumar,Female,39,Finance,Financial Analyst,M.Com,16,99997,Pune,2022-10-06,No,3,No
5428,Kiran Joshi,Female,35,HR,HR Executive,MBA,11,65977,Noida,2017-04-25,Yes,1,No
5429,Vikas Patel,Male,42,Sales,Sales Manager,MBA,12,75613,Lucknow,2015-12-27,Yes,2,No
5430,Arjun Verma,Female,34,HR,Recruiter,B.Com,9,60265,Lucknow,2024-11-19,Yes,2,No
5431,Pooja Yadav,Female,34,Operations,Supervisor,M.Com,5,56821,Ahmedabad,2022-12-26,No,5,No
5432,Arjun Yadav,Male,40,Sales,Sales Manager,Graduate,17,86124,Jaipur,2020-07-25,No,3,No
5433,Rohan Patel,Male,24,Sales,Sales Manager,B.Com,2,48215,Pune,2015-06-17,No,1,Yes
5434,Priya Patel,Male,39,HR,HR Executive,B.Tech,14,70238,Noida,2022-02-11,Yes,1,Yes
5435,Rahul Roy,Female,33,HR,HR Executive,Graduate,11,68732,Mumbai,2019-08-21,Yes,5,No
5436,Pooja Yadav,Female,38,Finance,Financial Analyst,B.Tech,8,75132,Jaipur,2020-09-18,No,3,No
5437,Kiran Verma,Male,42,Finance,Accountant,MBA,20,106330,Mumbai,2015-01-20,No,5,No
5438,Arjun Roy,Female,47,Finance,Accountant,B.Com,19,106513,Chennai,2022-03-10,Yes,2,No
5439,Neha Patel,Female,26,Finance,Financial Analyst,B.Tech,2,64878,Jaipur,2024-08-11,No,3,No
5440,Vikas Sharma,Male,33,HR,Recruiter,B.Com,13,70921,Mumbai,2022-10-01,No,5,No
5441,Sonia Sharma,Male,43,IT,QA Engineer,M.Com,16,109278,Jaipur,2023-09-25,Yes,3,No
5442,Mohit Joshi,Female,40,HR,HR Executive,B.Com,11,65280,Kolkata,2018-10-13,Yes,5,No
5443,Rohan Roy,Male,27,Sales,Sales Executive,Graduate,1,51813,Mumbai,2024-02-16,No,1,Yes
5444,Arjun Joshi,Female,31,HR,Recruiter,Graduate,4,48482,Mumbai,2017-08-17,No,1,No
5445,Priya Gupta,Male,42,Marketing,Marketing Executive,MBA,20,93576,Pune,2023-11-08,Yes,4,No
5446,Sonia Roy,Female,46,Marketing,Marketing Executive,B.Com,17,91387,Ahmedabad,2017-09-14,Yes,1,Yes
5447,Priya Yadav,Male,32,Marketing,Marketing Executive,B.Com,5,64532,Bengaluru,2019-11-28,No,4,No
5448,Arjun Patel,Female,33,IT,QA Engineer,M.Com,4,76278,Lucknow,2018-06-01,No,4,No
5449,Rohan Mehta,Male,31,Finance,Financial Analyst,B.Com,8,70387,Chennai,2020-12-02,Yes,4,No
5450,Neha Verma,Male,32,Operations,Operations Executive,Graduate,3,52786,Kolkata,2016-12-10,No,4,No
5451,Sonia Singh,Male,37,Sales,Sales Manager,B.Com,7,61079,Jaipur,2015-12-11,Yes,5,No
5452,Deepak Patel,Male,26,IT,Analyst,MBA,6,80531,Mumbai,2018-10-23,Yes,1,No
5453,Rahul Mehta,Male,32,Finance,Financial Analyst,B.Tech,3,60221,Noida,2022-04-16,No,5,No
5454,Sonia Kumar,Female,32,Finance,Financial Analyst,Graduate,2,61189,Kolkata,2022-09-02,No,5,No
5455,Anjali Sharma,Male,41,Operations,Supervisor,M.Com,16,78878,Bengaluru,2016-03-01,Yes,4,No
5456,Deepak Gupta,Female,24,HR,Recruiter,Graduate,1,45296,Lucknow,2016-12-18,No,4,No
5457,Anjali Mehta,Female,39,IT,Developer,Graduate,11,90946,Jaipur,2017-08-17,No,5,No
5458,Rahul Joshi,Male,34,Sales,Sales Executive,Graduate,8,66726,Delhi,2024-03-25,No,5,No
5459,Arjun Singh,Female,49,IT,Developer,B.Com,19,109154,Lucknow,2024-08-11,No,3,No
5460,Priya Gupta,Male,23,Marketing,Marketing Executive,B.Tech,2,48871,Chennai,2015-07-06,No,1,Yes
5461,Deepak Kumar,Male,38,Finance,Accountant,B.Tech,16,98359,Jaipur,2015-07-17,No,5,Yes
5462,Neha Yadav,Female,28,IT,QA Engineer,B.Com,2,73113,Mumbai,2016-08-08,No,4,No
5463,Neha Mehta,Female,46,Finance,Accountant,B.Com,16,99089,Pune,2023-08-26,No,5,No
5464,Arjun Patel,Male,31,Marketing,SEO Specialist,MBA,7,68669,Delhi,2015-12-30,Yes,4,No
5465,Kiran Patel,Male,37,Operations,Operations Executive,B.Tech,17,82527,Noida,2016-04-10,Yes,5,No
5466,Mohit Joshi,Female,32,Operations,Supervisor,MBA,9,59842,Lucknow,2021-05-11,Yes,3,No
5467,Nisha Singh,Male,36,Marketing,SEO Specialist,M.Com,13,80420,Kolkata,2023-07-13,No,5,No
5468,Neha Singh,Female,42,Operations,Operations Executive,Graduate,19,88542,Pune,2016-03-01,Yes,3,No
5469,Arjun Yadav,Female,40,HR,Recruiter,M.Com,14,76392,Bengaluru,2016-03-11,Yes,1,Yes
5470,Mohit Singh,Male,47,Operations,Supervisor,B.Com,17,81719,Jaipur,2018-06-21,Yes,1,No
5471,Sneha Roy,Female,27,Marketing,Marketing Executive,B.Tech,4,57600,Ahmedabad,2015-08-17,No,3,No
5472,Rahul Sharma,Female,26,Finance,Accountant,M.Com,5,66144,Delhi,2017-03-13,No,5,No
5473,Neha Joshi,Male,37,Operations,Operations Executive,Graduate,8,61825,Ahmedabad,2024-09-09,No,1,Yes
5474,Sonia Mehta,Female,38,HR,HR Executive,B.Tech,12,73634,Kolkata,2016-02-14,Yes,4,No
5475,Neha Kumar,Female,40,Sales,Sales Manager,B.Tech,20,94992,Jaipur,2019-02-08,No,4,Yes
5476,Sneha Roy,Male,36,Sales,Sales Executive,Graduate,12,71652,Noida,2020-02-18,Yes,4,No
5477,Arjun Mehta,Female,28,IT,QA Engineer,MBA,1,62794,Lucknow,2022-10-07,No,1,No
5478,Rahul Gupta,Female,40,Marketing,SEO Specialist,M.Com,13,85161,Noida,2023-02-03,Yes,2,No
5479,Mohit Sharma,Female,23,Sales,Sales Manager,Graduate,0,43072,Kolkata,2021-10-23,No,3,No
5480,Mohit Gupta,Female,48,Finance,Accountant,MBA,20,103132,Noida,2016-10-21,No,1,No
5481,Amit Joshi,Male,21,Operations,Operations Executive,B.Tech,0,40939,Delhi,2024-04-07,No,2,No
5482,Neha Patel,Male,34,HR,HR Executive,B.Tech,7,59387,Jaipur,2022-05-12,No,3,No
5483,Pooja Gupta,Male,22,Sales,Sales Executive,MBA,0,45766,Ahmedabad,2015-06-02,No,4,No
5484,Sonia Joshi,Male,48,Operations,Operations Executive,B.Com,19,84613,Pune,2024-08-18,Yes,3,No
5485,Neha Yadav,Female,37,Marketing,Marketing Executive,M.Com,13,84193,Ahmedabad,2021-07-31,Yes,5,No
5486,Nisha Kumar,Female,36,Operations,Supervisor,B.Com,15,81961,Noida,2023-01-11,No,4,No
5487,Neha Kumar,Female,36,Sales,Sales Manager,B.Tech,8,67571,Mumbai,2022-02-20,Yes,5,No
5488,Sneha Yadav,Male,35,Finance,Accountant,B.Tech,15,93424,Bengaluru,2018-10-16,No,1,No
5489,Mohit Joshi,Female,30,Marketing,SEO Specialist,Graduate,2,56792,Noida,2019-04-28,No,5,No
5490,Rohan Kumar,Male,39,IT,Developer,Graduate,18,114453,Pune,2024-05-25,No,2,Yes
5491,Mohit Singh,Male,49,Sales,Sales Manager,Graduate,19,96313,Bengaluru,2023-05-19,No,3,No
5492,Sonia Gupta,Male,29,Finance,Financial Analyst,MBA,5,70278,Pune,2023-02-28,No,5,No
5493,Priya Patel,Male,32,Finance,Financial Analyst,B.Tech,5,66223,Bengaluru,2022-05-30,No,2,Yes
5494,Deepak Joshi,Male,48,Finance,Financial Analyst,B.Tech,20,104641,Chennai,2023-05-20,Yes,2,No
5495,Sonia Roy,Male,43,Finance,Accountant,B.Com,17,94166,Chennai,2017-02-09,No,4,No
5496,Pooja Joshi,Male,47,HR,Recruiter,Graduate,18,88207,Noida,2020-03-21,Yes,3,No
5497,Amit Joshi,Male,31,HR,HR Executive,MBA,6,56618,Kolkata,2016-06-28,No,2,Yes
5498,Rohan Patel,Female,38,HR,HR Executive,B.Tech,11,72172,Jaipur,2015-08-13,Yes,3,No
5499,Sonia Kumar,Male,27,Finance,Accountant,MBA,7,73633,Noida,2019-11-12,No,4,No
5500,Priya Roy,Female,38,Finance,Accountant,Graduate,10,84310,Pune,2015-03-31,No,2,No
5501,Nisha Patel,Male,41,Operations,Operations Executive,MBA,15,74973,Pune,2017-06-05,No,4,No
5502,Vikas Mehta,Female,41,Operations,Supervisor,MBA,14,77990,Mumbai,2018-01-14,No,4,No
5503,Nisha Roy,Male,27,Sales,Sales Manager,B.Tech,3,55779,Ahmedabad,2022-04-14,No,3,No
5504,Vikas Patel,Female,35,Operations,Supervisor,Graduate,9,65144,Chennai,2021-02-27,No,5,No
5505,Deepak Joshi,Male,30,IT,QA Engineer,B.Com,8,87347,Lucknow,2022-08-23,Yes,5,No
5506,Neha Mehta,Male,37,HR,Recruiter,M.Com,12,67365,Kolkata,2018-08-29,No,2,No
5507,Anjali Patel,Female,31,Finance,Financial Analyst,M.Com,7,68613,Pune,2022-06-17,No,3,No
5508,Anjali Roy,Male,44,Marketing,SEO Specialist,Graduate,14,79267,Jaipur,2019-12-03,No,1,Yes
5509,Amit Gupta,Male,45,Operations,Operations Executive,B.Tech,17,88051,Ahmedabad,2018-03-04,No,4,No
5510,Neha Mehta,Female,35,Marketing,SEO Specialist,B.Tech,9,68374,Noida,2019-07-25,Yes,2,No
5511,Kiran Mehta,Male,28,Sales,Sales Executive,B.Com,7,59673,Kolkata,2024-08-18,Yes,1,Yes
5512,Sneha Singh,Female,44,Operations,Supervisor,M.Com,15,75268,Jaipur,2022-05-31,No,5,No
5513,Anjali Sharma,Female,30,HR,HR Executive,B.Tech,3,42730,Lucknow,2021-11-20,No,3,No
5514,Vikas Gupta,Female,27,Operations,Supervisor,MBA,5,55851,Chennai,2016-07-01,No,3,Yes
5515,Deepak Kumar,Male,43,Sales,Sales Executive,M.Com,15,84911,Noida,2016-07-25,No,2,No
5516,Pooja Mehta,Female,36,HR,HR Executive,Graduate,6,51322,Kolkata,2023-05-17,Yes,5,Yes
5517,Arjun Verma,Female,44,Sales,Sales Executive,B.Com,14,80161,Mumbai,2017-10-07,No,3,No
5518,Vikas Yadav,Male,40,IT,QA Engineer,B.Tech,19,110584,Chennai,2023-11-19,Yes,2,No
5519,Priya Kumar,Female,32,Marketing,SEO Specialist,B.Tech,7,70127,Kolkata,2019-05-17,No,5,No
5520,Arjun Kumar,Male,36,Sales,Sales Manager,B.Tech,10,67321,Jaipur,2020-03-24,No,4,No
5521,Vikas Yadav,Male,40,Marketing,Marketing Executive,B.Com,16,88696,Bengaluru,2015-04-30,No,5,No
5522,Kiran Gupta,Female,39,Finance,Financial Analyst,MBA,16,90895,Bengaluru,2018-04-06,No,4,No
5523,Arjun Sharma,Male,35,Sales,Sales Executive,M.Com,9,66473,Bengaluru,2018-02-21,No,1,Yes
5524,Rahul Singh,Male,37,Marketing,SEO Specialist,Graduate,7,69791,Mumbai,2016-07-20,Yes,1,No
5525,Deepak Singh,Female,41,Operations,Supervisor,B.Tech,16,78282,Mumbai,2018-08-22,Yes,2,Yes
5526,Neha Joshi,Female,35,IT,Developer,Graduate,15,97520,Pune,2020-05-04,No,5,No
5527,Mohit Patel,Female,31,IT,Developer,MBA,5,72935,Jaipur,2023-07-11,No,4,No
5528,Deepak Verma,Male,36,Finance,Accountant,MBA,8,75072,Pune,2015-11-14,No,4,No
5529,Amit Gupta,Male,35,Marketing,SEO Specialist,B.Com,11,74476,Mumbai,2020-05-24,No,4,No
5530,Rahul Patel,Male,45,HR,HR Executive,Graduate,19,87048,Mumbai,2021-02-12,No,3,No
5531,Kiran Joshi,Male,24,Operations,Operations Executive,MBA,2,47828,Delhi,2020-08-17,No,3,No
5532,Amit Yadav,Female,38,Finance,Financial Analyst,Graduate,17,96878,Ahmedabad,2018-09-13,No,1,Yes
5533,Kiran Roy,Female,49,Finance,Financial Analyst,B.Com,19,100554,Ahmedabad,2018-11-08,No,3,No
5534,Sonia Mehta,Female,26,HR,Recruiter,MBA,3,44305,Noida,2022-10-11,No,3,No
5535,Pooja Yadav,Female,23,Operations,Operations Executive,B.Com,1,44390,Bengaluru,2018-04-26,No,2,Yes
5536,Priya Gupta,Male,40,Finance,Financial Analyst,B.Com,16,96081,Ahmedabad,2015-02-21,Yes,5,No
5537,Pooja Kumar,Male,35,IT,Analyst,B.Tech,12,93071,Mumbai,2020-07-03,No,4,No
5538,Nisha Mehta,Male,22,HR,HR Executive,M.Com,0,38855,Pune,2024-02-17,No,5,No
5539,Pooja Joshi,Female,43,Finance,Accountant,Graduate,13,87539,Chennai,2022-04-10,Yes,5,No
5540,Sonia Sharma,Female,44,Finance,Accountant,Graduate,20,103614,Noida,2021-07-08,Yes,2,Yes
5541,Amit Gupta,Male,43,HR,HR Executive,MBA,16,75087,Mumbai,2017-01-02,No,1,Yes
5542,Mohit Joshi,Male,46,HR,HR Executive,B.Tech,17,81350,Jaipur,2023-08-05,Yes,5,No
5543,Rohan Roy,Male,29,Finance,Financial Analyst,B.Com,2,56909,Chennai,2024-09-06,No,1,No
5544,Amit Yadav,Female,24,Operations,Supervisor,M.Com,3,52480,Jaipur,2019-09-12,No,2,No
5545,Amit Kumar,Female,32,HR,Recruiter,B.Tech,5,50725,Delhi,2017-09-04,No,1,Yes
5546,Nisha Singh,Female,28,Finance,Financial Analyst,B.Com,6,72586,Bengaluru,2024-06-20,Yes,1,No
5547,Vikas Joshi,Female,36,Operations,Operations Executive,B.Tech,10,66911,Mumbai,2019-06-13,Yes,4,No
5548,Priya Roy,Male,40,Operations,Supervisor,MBA,16,77136,Ahmedabad,2015-02-25,No,1,Yes
5549,Rahul Gupta,Male,35,Marketing,Marketing Executive,MBA,8,64599,Ahmedabad,2017-02-19,No,1,No
5550,Sneha Patel,Male,35,Finance,Accountant,M.Com,5,64814,Ahmedabad,2015-07-01,No,2,No
5551,Amit Sharma,Male,38,Finance,Financial Analyst,B.Com,11,86331,Noida,2015-06-23,Yes,4,No
5552,Arjun Verma,Male,42,HR,Recruiter,B.Com,16,77665,Chennai,2021-12-27,No,3,No
5553,Neha Gupta,Male,29,HR,Recruiter,B.Tech,9,59603,Kolkata,2019-05-12,No,4,No
5554,Neha Verma,Female,40,HR,HR Executive,B.Com,20,93247,Pune,2020-03-02,No,4,No
5555,Rohan Yadav,Female,39,Operations,Supervisor,Graduate,17,82655,Noida,2018-02-24,No,4,Yes
5556,Deepak Singh,Female,36,Operations,Supervisor,MBA,6,60874,Chennai,2022-08-02,Yes,1,Yes
5557,Deepak Roy,Female,31,IT,Developer,MBA,5,77084,Ahmedabad,2015-09-27,No,3,No
5558,Sneha Patel,Male,22,Operations,Supervisor,Graduate,1,40273,Mumbai,2019-07-04,No,4,No
5559,Anjali Gupta,Female,41,Finance,Financial Analyst,B.Com,18,96294,Chennai,2022-04-08,Yes,1,No
5560,Amit Joshi,Female,39,Operations,Supervisor,M.Com,19,91615,Jaipur,2021-11-29,No,1,Yes
5561,Kiran Sharma,Male,30,HR,Recruiter,B.Tech,2,43061,Kolkata,2024-09-07,No,5,No
5562,Priya Verma,Female,32,Finance,Financial Analyst,MBA,9,78415,Noida,2020-07-12,Yes,5,No
5563,Neha Roy,Female,40,Sales,Sales Manager,M.Com,18,93218,Kolkata,2020-10-14,No,5,No
5564,Rahul Sharma,Male,30,Finance,Financial Analyst,B.Com,6,70196,Chennai,2018-02-19,No,3,No
5565,Priya Gupta,Male,29,Operations,Operations Executive,B.Com,4,52621,Ahmedabad,2015-08-12,No,5,No
5566,Mohit Mehta,Male,42,Sales,Sales Manager,MBA,12,74024,Bengaluru,2023-01-24,No,3,No
5567,Nisha Roy,Male,40,Marketing,SEO Specialist,B.Com,17,86899,Pune,2019-12-10,No,5,No
5568,Mohit Singh,Male,28,Sales,Sales Manager,M.Com,1,52050,Noida,2020-08-17,No,2,Yes
5569,Nisha Roy,Male,44,Finance,Accountant,M.Com,14,86536,Noida,2016-12-15,Yes,1,Yes
5570,Arjun Mehta,Female,34,Finance,Accountant,Graduate,9,79954,Delhi,2015-09-29,No,3,No
5571,Kiran Singh,Male,21,HR,Recruiter,B.Com,0,38730,Chennai,2024-05-26,No,2,Yes
5572,Neha Gupta,Male,28,HR,HR Executive,B.Com,8,56305,Mumbai,2023-08-24,No,1,No
5573,Sneha Yadav,Female,37,Finance,Accountant,B.Com,15,91867,Bengaluru,2019-09-19,Yes,3,No
5574,Priya Yadav,Male,46,Finance,Financial Analyst,B.Com,17,94116,Ahmedabad,2023-05-07,No,3,No
5575,Pooja Kumar,Male,35,Sales,Sales Executive,B.Com,15,87175,Pune,2022-09-17,No,1,Yes
5576,Mohit Singh,Female,38,IT,Developer,M.Com,16,106158,Jaipur,2020-12-30,No,3,No
5577,Kiran Roy,Male,48,Finance,Financial Analyst,Graduate,19,99436,Kolkata,2021-05-09,No,4,No
5578,Sneha Joshi,Female,39,Operations,Supervisor,M.Com,13,75317,Lucknow,2021-01-16,No,4,No
5579,Amit Roy,Male,41,Marketing,SEO Specialist,Graduate,14,85105,Jaipur,2024-01-14,No,4,No
5580,Rohan Roy,Male,27,Marketing,SEO Specialist,Graduate,4,57066,Mumbai,2017-07-06,No,4,No
5581,Arjun Mehta,Male,43,Finance,Financial Analyst,B.Tech,15,95693,Jaipur,2020-01-04,Yes,4,No
5582,Priya Verma,Male,33,HR,HR Executive,B.Tech,11,63832,Kolkata,2016-07-08,No,4,No
5583,Pooja Gupta,Male,46,Finance,Financial Analyst,M.Com,17,95243,Jaipur,2016-11-04,Yes,5,No
5584,Anjali Joshi,Male,26,Marketing,Marketing Executive,B.Com,6,66389,Delhi,2022-09-01,No,5,No
5585,Rohan Joshi,Female,27,Finance,Accountant,B.Com,4,61361,Ahmedabad,2017-07-09,No,3,No
5586,Kiran Roy,Male,34,Sales,Sales Executive,B.Tech,14,83944,Chennai,2016-05-23,Yes,3,No
5587,Pooja Patel,Male,45,Marketing,Marketing Executive,M.Com,20,102596,Mumbai,2019-03-11,Yes,4,No
5588,Amit Singh,Female,39,Operations,Operations Executive,MBA,12,69924,Noida,2016-11-02,No,3,Yes
5589,Neha Roy,Female,38,Sales,Sales Executive,Graduate,12,77353,Bengaluru,2015-11-10,No,1,Yes
5590,Rahul Kumar,Male,48,Sales,Sales Executive,MBA,19,97307,Noida,2020-10-13,No,2,Yes
5591,Neha Singh,Female,48,Marketing,SEO Specialist,MBA,18,94514,Bengaluru,2018-07-03,Yes,1,Yes
5592,Sneha Singh,Female,39,HR,HR Executive,MBA,15,73941,Pune,2019-01-31,No,3,No
5593,Sneha Yadav,Male,40,Sales,Sales Manager,MBA,11,68728,Delhi,2023-05-14,No,4,No
5594,Amit Roy,Male,32,Operations,Supervisor,B.Tech,6,55273,Pune,2018-09-25,No,2,No
5595,Vikas Patel,Male,30,Sales,Sales Manager,Graduate,5,52523,Jaipur,2019-02-07,No,1,No
5596,Rohan Singh,Male,42,Operations,Supervisor,B.Tech,13,76496,Mumbai,2024-03-21,No,4,No
5597,Priya Gupta,Female,36,Sales,Sales Executive,B.Com,8,67097,Delhi,2024-03-14,Yes,3,No
5598,Pooja Kumar,Male,31,Operations,Supervisor,M.Com,8,62753,Lucknow,2019-03-31,No,1,No
5599,Deepak Kumar,Male,28,HR,Recruiter,B.Tech,6,57467,Pune,2022-05-08,Yes,1,Yes
5600,Sneha Sharma,Male,35,Marketing,Marketing Executive,M.Com,8,63423,Pune,2016-10-10,No,5,No
5601,Rahul Mehta,Male,48,IT,Analyst,B.Tech,18,107480,Ahmedabad,2021-07-14,Yes,2,No
5602,Rahul Mehta,Male,24,Operations,Operations Executive,Graduate,3,54453,Delhi,2023-05-03,No,2,No
5603,Rohan Gupta,Male,28,Finance,Accountant,M.Com,5,71216,Ahmedabad,2022-05-09,No,1,No
5604,Amit Roy,Female,29,Marketing,Marketing Executive,Graduate,2,55375,Ahmedabad,2023-01-08,No,4,No
5605,Sneha Verma,Male,41,IT,Developer,B.Tech,19,111385,Pune,2017-10-16,No,2,No
5606,Sonia Patel,Male,35,Sales,Sales Executive,B.Com,13,81403,Bengaluru,2018-12-21,No,4,No
5607,Neha Mehta,Male,35,HR,HR Executive,B.Tech,8,63133,Bengaluru,2022-06-21,Yes,1,No
5608,Priya Mehta,Male,39,Finance,Financial Analyst,B.Tech,17,94085,Ahmedabad,2020-06-22,Yes,4,No
5609,Priya Roy,Female,26,IT,QA Engineer,MBA,4,73566,Jaipur,2024-08-07,No,2,No
5610,Nisha Mehta,Male,24,Marketing,SEO Specialist,B.Com,2,53577,Bengaluru,2018-11-03,No,3,No
5611,Vikas Patel,Female,40,Finance,Accountant,B.Tech,11,77621,Bengaluru,2016-01-05,Yes,3,No
5612,Vikas Gupta,Male,25,HR,HR Executive,B.Tech,0,42507,Pune,2023-03-18,No,5,No
5613,Rohan Gupta,Male,41,IT,Developer,B.Com,18,107100,Chennai,2021-01-11,Yes,3,No
5614,Anjali Kumar,Female,30,Sales,Sales Executive,B.Tech,10,74013,Ahmedabad,2024-01-28,Yes,5,No
5615,Rahul Kumar,Female,39,HR,HR Executive,B.Tech,13,70415,Pune,2022-12-01,Yes,3,No
5616,Rohan Mehta,Male,41,Operations,Supervisor,B.Com,14,74046,Mumbai,2020-05-03,Yes,3,No
5617,Amit Gupta,Male,28,Finance,Financial Analyst,B.Com,3,60316,Mumbai,2022-09-06,No,5,No
5618,Arjun Mehta,Female,29,Operations,Operations Executive,B.Com,1,40271,Kolkata,2023-02-15,No,5,No
5619,Arjun Singh,Male,27,Marketing,Marketing Executive,B.Com,5,56089,Bengaluru,2018-12-30,No,5,No
5620,Anjali Joshi,Male,36,IT,Developer,B.Com,6,80660,Chennai,2015-07-23,Yes,3,No
5621,Rahul Roy,Male,30,HR,HR Executive,B.Tech,5,48923,Ahmedabad,2022-07-17,No,1,Yes
5622,Nisha Verma,Female,46,Marketing,Marketing Executive,M.Com,18,96608,Delhi,2024-01-28,No,2,Yes
5623,Arjun Sharma,Female,27,IT,Developer,MBA,5,77409,Ahmedabad,2020-03-31,No,1,No
5624,Rahul Patel,Female,30,Marketing,SEO Specialist,Graduate,3,52233,Kolkata,2019-04-05,No,3,Yes
5625,Neha Gupta,Female,46,Marketing,Marketing Executive,MBA,17,91548,Mumbai,2021-01-26,No,5,No
5626,Kiran Patel,Female,42,Operations,Supervisor,Graduate,16,83278,Noida,2021-12-27,No,1,Yes
5627,Priya Roy,Female,28,Finance,Accountant,B.Tech,3,67047,Chennai,2018-04-26,No,1,Yes
5628,Mohit Verma,Female,21,Operations,Supervisor,MBA,0,39391,Mumbai,2019-10-12,No,3,No
5629,Sonia Joshi,Male,42,Marketing,SEO Specialist,B.Com,14,84985,Chennai,2022-05-15,Yes,4,Yes
5630,Amit Roy,Male,36,Sales,Sales Executive,B.Com,15,87027,Noida,2020-07-27,No,3,No
5631,Pooja Kumar,Female,40,Operations,Operations Executive,M.Com,20,90804,Mumbai,2017-07-01,Yes,3,No
5632,Vikas Verma,Female,28,IT,Developer,B.Tech,8,85544,Pune,2023-02-03,No,1,Yes
5633,Neha Mehta,Male,34,Marketing,SEO Specialist,B.Com,14,84150,Bengaluru,2024-08-16,Yes,1,Yes
5634,Neha Roy,Female,32,Marketing,Marketing Executive,MBA,3,52923,Jaipur,2021-07-06,No,4,No
5635,Nisha Patel,Female,38,Operations,Operations Executive,Graduate,12,72004,Noida,2017-06-11,Yes,5,No
5636,Rahul Patel,Male,37,Marketing,SEO Specialist,MBA,17,87418,Mumbai,2021-03-24,Yes,1,Yes
5637,Arjun Joshi,Male,35,Finance,Financial Analyst,B.Com,11,86815,Lucknow,2022-01-05,No,3,No
5638,Vikas Joshi,Male,29,Sales,Sales Executive,MBA,2,54799,Bengaluru,2024-10-13,No,1,Yes
5639,Amit Mehta,Female,43,Sales,Sales Executive,B.Com,19,96246,Noida,2018-03-07,No,5,No
5640,Pooja Mehta,Male,26,HR,HR Executive,MBA,0,44610,Pune,2021-01-24,No,3,No
5641,Kiran Sharma,Male,39,HR,Recruiter,B.Tech,12,74651,Delhi,2015-03-12,Yes,2,Yes
5642,Vikas Roy,Male,47,Sales,Sales Executive,Graduate,18,94287,Chennai,2016-04-17,Yes,1,No
5643,Deepak Sharma,Male,43,HR,Recruiter,B.Tech,14,76157,Pune,2018-08-28,No,3,No
5644,Pooja Verma,Male,39,Operations,Operations Executive,B.Com,15,83989,Lucknow,2020-12-23,Yes,3,No
5645,Mohit Singh,Female,39,Operations,Operations Executive,M.Com,13,74943,Kolkata,2017-11-13,No,3,No
5646,Kiran Verma,Female,37,Marketing,Marketing Executive,Graduate,16,83118,Noida,2023-04-26,No,4,No
5647,Kiran Yadav,Female,34,Marketing,Marketing Executive,MBA,14,81570,Mumbai,2016-05-09,No,1,Yes
5648,Rahul Roy,Male,38,Sales,Sales Manager,M.Com,10,73917,Noida,2024-05-12,No,1,Yes
5649,Rohan Kumar,Female,31,Sales,Sales Manager,M.Com,3,47982,Ahmedabad,2024-08-22,No,4,No
5650,Sneha Roy,Female,21,Finance,Accountant,MBA,0,54160,Lucknow,2019-12-23,No,2,No
5651,Neha Joshi,Female,34,Sales,Sales Manager,Graduate,9,71430,Bengaluru,2022-06-15,Yes,3,No
5652,Rohan Patel,Female,39,Marketing,SEO Specialist,B.Com,19,91593,Jaipur,2015-03-29,No,3,Yes
5653,Deepak Verma,Female,45,IT,QA Engineer,Graduate,20,112370,Ahmedabad,2024-04-02,Yes,1,Yes
5654,Rahul Sharma,Female,38,Finance,Accountant,Graduate,12,87963,Lucknow,2022-03-23,No,3,No
5655,Neha Kumar,Male,47,Finance,Financial Analyst,B.Tech,18,103090,Delhi,2023-10-15,No,1,Yes
5656,Kiran Mehta,Female,42,Finance,Accountant,Graduate,14,88830,Chennai,2023-12-11,Yes,4,No
5657,Sneha Kumar,Male,31,IT,Analyst,Graduate,4,71962,Noida,2017-04-25,No,4,No
5658,Rahul Yadav,Male,47,Finance,Accountant,MBA,20,102840,Lucknow,2024-05-24,No,4,No
5659,Priya Verma,Male,30,Operations,Operations Executive,Graduate,8,64412,Delhi,2024-06-09,No,1,Yes
5660,Anjali Patel,Female,40,IT,Developer,M.Com,10,88649,Noida,2023-02-08,No,1,Yes
5661,Sneha Yadav,Male,34,Marketing,Marketing Executive,B.Com,11,74308,Ahmedabad,2020-09-08,Yes,1,No
5662,Priya Yadav,Male,36,Sales,Sales Manager,B.Com,6,56744,Mumbai,2024-07-07,No,5,No
5663,Vikas Yadav,Male,33,HR,HR Executive,B.Com,11,72116,Pune,2020-03-27,No,4,No
5664,Anjali Sharma,Male,24,Operations,Operations Executive,B.Com,1,41672,Mumbai,2023-07-03,No,2,Yes
5665,Sonia Gupta,Male,35,HR,HR Executive,MBA,10,68017,Noida,2015-12-25,No,3,No
5666,Pooja Patel,Male,40,Marketing,SEO Specialist,B.Tech,17,88695,Lucknow,2020-04-05,No,3,Yes
5667,Neha Roy,Male,39,Finance,Accountant,MBA,13,92034,Delhi,2020-01-23,Yes,4,No
5668,Vikas Gupta,Female,34,IT,QA Engineer,MBA,9,90357,Pune,2019-12-26,No,3,No
5669,Anjali Singh,Male,23,HR,Recruiter,M.Com,1,40529,Bengaluru,2016-06-12,No,3,No
5670,Arjun Kumar,Female,36,IT,Developer,Graduate,6,78155,Noida,2021-12-25,No,3,No
5671,Kiran Sharma,Male,33,Sales,Sales Manager,M.Com,4,52649,Jaipur,2015-02-05,No,4,No
5672,Neha Sharma,Male,30,Operations,Operations Executive,Graduate,8,57777,Chennai,2024-05-12,No,1,No
5673,Rahul Sharma,Female,30,HR,Recruiter,B.Com,0,39299,Lucknow,2024-03-15,No,4,Yes
5674,Priya Roy,Female,41,Finance,Accountant,MBA,13,89061,Ahmedabad,2024-06-10,Yes,3,No
5675,Rohan Patel,Male,39,Operations,Operations Executive,M.Com,16,86399,Jaipur,2017-05-28,Yes,2,Yes
5676,Pooja Kumar,Female,38,Marketing,Marketing Executive,B.Tech,13,83080,Jaipur,2017-05-23,Yes,4,No
5677,Rohan Joshi,Female,24,IT,QA Engineer,Graduate,2,69840,Noida,2017-11-27,No,3,No
5678,Rahul Kumar,Male,29,Finance,Accountant,B.Tech,1,56847,Bengaluru,2016-05-08,No,4,No
5679,Mohit Gupta,Female,42,Operations,Supervisor,B.Com,18,86561,Bengaluru,2018-05-22,No,4,No
5680,Rohan Kumar,Male,31,Sales,Sales Manager,Graduate,10,69300,Ahmedabad,2016-07-29,Yes,2,Yes
5681,Vikas Patel,Female,30,HR,Recruiter,Graduate,7,61991,Mumbai,2016-06-15,No,1,Yes
5682,Nisha Gupta,Male,44,IT,QA Engineer,B.Com,19,112784,Noida,2022-02-24,No,3,No
5683,Amit Joshi,Male,36,IT,QA Engineer,M.Com,14,95171,Kolkata,2024-08-26,Yes,4,No
5684,Sneha Verma,Female,36,HR,HR Executive,B.Com,7,56003,Noida,2015-07-28,Yes,3,No
5685,Mohit Verma,Male,49,Operations,Supervisor,Graduate,20,90117,Ahmedabad,2022-09-02,No,5,No
5686,Amit Yadav,Female,47,IT,QA Engineer,Graduate,19,112470,Lucknow,2015-02-14,Yes,5,No
5687,Vikas Yadav,Female,26,HR,HR Executive,Graduate,2,46791,Ahmedabad,2020-08-19,No,2,Yes
5688,Nisha Patel,Male,34,Operations,Supervisor,B.Tech,12,74570,Jaipur,2024-04-15,No,2,Yes
5689,Neha Patel,Male,26,Sales,Sales Manager,M.Com,2,54711,Pune,2017-04-13,No,5,No
5690,Arjun Kumar,Male,41,IT,Developer,Graduate,17,107766,Chennai,2016-01-01,No,3,No
5691,Sneha Joshi,Male,46,Operations,Operations Executive,Graduate,16,85237,Kolkata,2016-06-08,Yes,3,No
5692,Kiran Sharma,Male,45,Marketing,Marketing Executive,B.Tech,16,86837,Noida,2017-01-29,No,1,No
5693,Deepak Mehta,Female,39,Finance,Accountant,B.Com,13,92201,Mumbai,2024-03-02,No,4,Yes
5694,Arjun Sharma,Male,31,Marketing,SEO Specialist,M.Com,5,62197,Pune,2022-09-01,No,4,No
5695,Kiran Singh,Male,38,Sales,Sales Executive,Graduate,9,69209,Pune,2018-12-04,No,2,Yes
5696,Vikas Patel,Male,33,Sales,Sales Manager,M.Com,10,65848,Chennai,2022-09-05,Yes,1,Yes
5697,Amit Verma,Female,34,IT,QA Engineer,Graduate,14,101982,Bengaluru,2018-05-07,No,4,No
5698,Sonia Roy,Female,27,Marketing,Marketing Executive,Graduate,5,57458,Lucknow,2023-12-30,No,1,No
5699,Nisha Gupta,Female,33,Sales,Sales Manager,Graduate,10,67666,Mumbai,2023-04-03,No,1,Yes
5700,Amit Roy,Female,43,Finance,Accountant,MBA,19,103519,Kolkata,2017-05-04,No,1,Yes
5701,Nisha Yadav,Female,38,Marketing,Marketing Executive,Graduate,9,74947,Delhi,2024-04-07,No,2,No
5702,Sneha Kumar,Male,50,Finance,Accountant,M.Com,20,105579,Noida,2017-03-12,Yes,2,No
5703,Anjali Patel,Male,29,Sales,Sales Executive,Graduate,3,51326,Delhi,2022-02-26,No,4,Yes
5704,Pooja Joshi,Female,45,Operations,Operations Executive,B.Com,20,87867,Ahmedabad,2024-12-10,No,2,No
5705,Kiran Gupta,Male,45,Finance,Financial Analyst,MBA,17,93865,Bengaluru,2018-11-26,No,1,No
5706,Rohan Sharma,Male,42,Marketing,SEO Specialist,M.Com,14,82629,Chennai,2020-08-07,No,1,Yes
5707,Pooja Singh,Male,27,Sales,Sales Executive,M.Com,2,51563,Chennai,2016-10-19,No,5,No
5708,Deepak Yadav,Female,41,HR,HR Executive,MBA,20,91520,Delhi,2018-06-16,No,5,No
5709,Sonia Mehta,Male,42,Marketing,SEO Specialist,MBA,18,95715,Ahmedabad,2018-07-11,Yes,5,No
5710,Nisha Yadav,Female,42,Finance,Financial Analyst,M.Com,15,92057,Kolkata,2019-12-27,Yes,1,Yes
5711,Neha Yadav,Male,36,Sales,Sales Manager,B.Com,13,79762,Lucknow,2015-10-06,Yes,1,Yes
5712,Sneha Yadav,Male,30,IT,QA Engineer,MBA,9,90597,Bengaluru,2020-07-02,No,1,Yes
5713,Arjun Mehta,Male,28,Operations,Operations Executive,Graduate,6,57319,Bengaluru,2015-04-21,No,1,Yes
5714,Amit Singh,Male,26,Marketing,SEO Specialist,B.Tech,2,49254,Ahmedabad,2023-04-26,No,1,Yes
5715,Nisha Kumar,Female,38,Sales,Sales Executive,B.Com,17,87633,Delhi,2021-08-05,Yes,4,No
5716,Rohan Roy,Male,24,IT,QA Engineer,Graduate,2,69219,Kolkata,2021-01-16,No,3,No
5717,Rohan Verma,Female,35,HR,Recruiter,B.Tech,15,82079,Mumbai,2019-01-26,No,2,Yes
5718,Arjun Gupta,Male,30,Sales,Sales Manager,M.Com,8,65072,Jaipur,2022-01-02,Yes,4,Yes
5719,Rahul Kumar,Female,49,Finance,Accountant,Graduate,19,99656,Kolkata,2021-05-30,No,1,Yes
5720,Sonia Patel,Female,34,Operations,Supervisor,MBA,14,80335,Chennai,2024-04-13,Yes,4,No
5721,Vikas Joshi,Female,31,Finance,Accountant,MBA,11,86493,Kolkata,2020-10-04,No,2,No
5722,Mohit Patel,Female,28,Sales,Sales Manager,Graduate,8,62517,Bengaluru,2016-06-24,Yes,4,No
5723,Arjun Joshi,Female,39,Finance,Accountant,M.Com,19,101824,Delhi,2017-08-18,Yes,3,No
5724,Amit Kumar,Male,28,Finance,Financial Analyst,B.Com,0,52116,Delhi,2022-08-29,No,2,No
5725,Pooja Kumar,Male,47,Finance,Accountant,MBA,20,109048,Mumbai,2017-04-09,No,2,No
5726,Sonia Gupta,Male,32,HR,HR Executive,MBA,4,53971,Mumbai,2015-03-27,No,1,Yes
5727,Neha Yadav,Female,32,IT,Developer,B.Com,5,74853,Pune,2016-07-20,No,2,Yes
5728,Mohit Kumar,Female,46,Marketing,Marketing Executive,MBA,16,84334,Pune,2021-09-02,No,3,No
5729,Pooja Joshi,Male,33,IT,QA Engineer,M.Com,5,77433,Noida,2019-06-07,No,4,No
5730,Arjun Verma,Male,37,HR,Recruiter,B.Tech,16,83339,Mumbai,2016-03-30,No,4,No
5731,Kiran Sharma,Male,33,HR,Recruiter,B.Com,8,60852,Chennai,2020-05-12,Yes,3,No
5732,Pooja Roy,Female,49,Operations,Operations Executive,Graduate,20,95067,Pune,2016-12-18,Yes,3,No
5733,Rahul Sharma,Male,36,Finance,Accountant,M.Com,8,75975,Delhi,2018-01-06,Yes,1,No
5734,Anjali Gupta,Female,40,Operations,Supervisor,B.Com,17,79532,Kolkata,2023-05-17,No,4,No
5735,Mohit Verma,Male,36,Finance,Financial Analyst,B.Com,15,92696,Delhi,2018-09-23,Yes,4,No
5736,Arjun Roy,Female,35,IT,Analyst,Graduate,7,87201,Chennai,2019-11-25,Yes,3,No
5737,Rahul Patel,Female,42,IT,QA Engineer,Graduate,14,96962,Chennai,2022-02-01,No,2,No
5738,Neha Roy,Female,33,Marketing,Marketing Executive,M.Com,11,73119,Mumbai,2018-09-04,No,3,No
5739,Sneha Yadav,Female,29,HR,Recruiter,M.Com,2,40372,Bengaluru,2018-08-08,No,1,Yes
5740,Kiran Joshi,Female,32,Finance,Accountant,M.Com,7,69333,Noida,2018-05-01,Yes,1,No
5741,Priya Sharma,Male,39,Operations,Operations Executive,B.Tech,12,75055,Chennai,2020-10-11,No,5,No
5742,Sonia Singh,Female,37,IT,Analyst,B.Tech,7,77531,Delhi,2020-12-24,Yes,1,No
5743,Sonia Gupta,Male,49,IT,Analyst,MBA,19,110680,Noida,2015-02-10,No,1,No
5744,Mohit Mehta,Female,37,IT,QA Engineer,B.Com,14,96791,Noida,2015-04-29,No,2,No
5745,Kiran Kumar,Male,44,Marketing,Marketing Executive,M.Com,17,91479,Kolkata,2017-07-24,No,5,No
5746,Priya Joshi,Female,48,HR,HR Executive,Graduate,19,84847,Jaipur,2022-06-07,No,5,No
5747,Sonia Verma,Male,24,IT,QA Engineer,Graduate,0,67026,Jaipur,2017-03-15,No,4,No
5748,Arjun Yadav,Female,31,Marketing,SEO Specialist,B.Tech,2,52217,Bengaluru,2015-06-10,No,5,No
5749,Arjun Kumar,Female,39,Sales,Sales Manager,MBA,18,86966,Lucknow,2018-11-06,Yes,5,No
5750,Mohit Patel,Female,37,Sales,Sales Executive,MBA,14,75241,Delhi,2016-07-09,No,1,No
5751,Rahul Singh,Female,35,IT,QA Engineer,B.Tech,5,80288,Mumbai,2024-04-28,No,2,Yes
5752,Vikas Verma,Female,27,Finance,Accountant,M.Com,4,61131,Ahmedabad,2015-10-05,No,1,No
5753,Vikas Sharma,Female,40,Finance,Financial Analyst,MBA,11,84695,Bengaluru,2022-04-30,No,2,Yes
5754,Sonia Mehta,Female,40,Finance,Accountant,B.Tech,10,82214,Kolkata,2021-11-18,No,3,No
5755,Sonia Kumar,Female,49,Finance,Accountant,B.Com,20,108256,Noida,2023-06-27,No,4,No
5756,Nisha Mehta,Male,38,Finance,Accountant,Graduate,15,93883,Delhi,2021-09-11,No,1,Yes
5757,Deepak Mehta,Male,28,HR,HR Executive,M.Com,1,45215,Pune,2024-11-02,No,5,No
5758,Nisha Kumar,Male,44,Finance,Accountant,B.Tech,20,101158,Delhi,2015-07-15,No,5,No
5759,Arjun Patel,Female,37,Operations,Supervisor,B.Tech,16,80258,Lucknow,2024-10-20,No,2,No
5760,Rohan Patel,Male,33,Operations,Supervisor,M.Com,9,67400,Noida,2022-12-14,No,2,Yes
5761,Rahul Sharma,Female,29,Finance,Financial Analyst,Graduate,9,79185,Pune,2023-08-23,Yes,4,No
5762,Sneha Joshi,Male,42,Finance,Accountant,Graduate,13,91214,Kolkata,2024-03-21,Yes,2,Yes
5763,Rahul Yadav,Male,43,Finance,Accountant,B.Tech,16,99236,Kolkata,2016-12-22,No,1,No
5764,Rahul Gupta,Male,37,HR,HR Executive,B.Com,11,70335,Pune,2019-05-12,No,1,Yes
5765,Sonia Mehta,Male,36,IT,Developer,B.Com,10,87138,Bengaluru,2020-06-18,Yes,5,No
5766,Rahul Sharma,Male,25,HR,HR Executive,B.Com,3,48313,Mumbai,2017-12-22,No,2,Yes
5767,Vikas Roy,Female,41,Marketing,Marketing Executive,Graduate,20,95514,Pune,2022-05-21,No,3,No
5768,Sneha Singh,Female,37,HR,HR Executive,M.Com,15,82276,Jaipur,2024-10-26,No,3,Yes
5769,Anjali Joshi,Female,41,Operations,Operations Executive,B.Com,17,88190,Bengaluru,2022-12-30,No,1,Yes
5770,Sneha Verma,Female,31,Sales,Sales Manager,Graduate,2,47512,Chennai,2021-12-20,No,1,No
5771,Arjun Joshi,Female,26,Sales,Sales Executive,B.Tech,1,49105,Delhi,2022-08-31,No,5,No
5772,Rahul Kumar,Female,28,HR,Recruiter,M.Com,1,43456,Lucknow,2021-10-27,No,2,No
5773,Arjun Kumar,Male,26,HR,HR Executive,M.Com,4,50510,Mumbai,2023-01-19,No,5,No
5774,Anjali Joshi,Male,32,Sales,Sales Manager,B.Com,8,69340,Mumbai,2017-10-09,No,3,No
5775,Mohit Verma,Female,34,Sales,Sales Executive,M.Com,8,67690,Lucknow,2019-12-15,No,4,No
5776,Pooja Patel,Female,36,HR,HR Executive,B.Com,13,76404,Chennai,2023-06-19,Yes,1,Yes
5777,Vikas Patel,Female,37,HR,HR Executive,MBA,14,77647,Jaipur,2016-04-01,No,2,Yes
5778,Nisha Joshi,Male,39,HR,Recruiter,M.Com,9,63330,Lucknow,2017-01-16,No,3,No
5779,Sonia Kumar,Male,38,HR,HR Executive,B.Tech,10,64600,Jaipur,2018-01-16,No,5,No
5780,Sonia Patel,Female,26,HR,Recruiter,MBA,4,54721,Jaipur,2015-12-02,No,2,No
5781,Amit Patel,Female,35,Marketing,Marketing Executive,B.Tech,7,61256,Noida,2015-05-17,Yes,3,No
5782,Nisha Sharma,Male,40,Finance,Financial Analyst,B.Tech,11,80636,Jaipur,2024-10-01,Yes,1,Yes
5783,Vikas Gupta,Male,41,IT,Developer,B.Com,20,114111,Kolkata,2016-03-01,No,4,No
5784,Nisha Roy,Male,48,Operations,Supervisor,B.Com,19,92468,Kolkata,2018-08-03,No,3,No
5785,Rohan Patel,Female,39,HR,Recruiter,MBA,13,75937,Mumbai,2021-02-27,Yes,1,No
5786,Nisha Roy,Female,45,HR,Recruiter,Graduate,15,79915,Jaipur,2020-03-04,Yes,5,No
5787,Mohit Gupta,Female,46,HR,Recruiter,B.Tech,16,80601,Pune,2017-02-20,No,3,No
5788,Rahul Roy,Female,39,IT,Analyst,Graduate,14,100049,Noida,2019-10-11,No,1,Yes
5789,Mohit Sharma,Male,37,Operations,Supervisor,MBA,11,67151,Ahmedabad,2021-05-01,No,4,No
5790,Deepak Singh,Male,24,Marketing,SEO Specialist,B.Tech,4,53738,Jaipur,2019-06-19,No,5,No
5791,Anjali Gupta,Male,42,HR,Recruiter,B.Com,12,71583,Pune,2016-10-20,Yes,3,No
5792,Deepak Patel,Female,39,Marketing,SEO Specialist,B.Com,16,86684,Mumbai,2016-09-25,Yes,2,No
5793,Pooja Roy,Female,42,Marketing,Marketing Executive,Graduate,20,93130,Chennai,2017-11-25,Yes,4,No
5794,Nisha Kumar,Male,22,HR,Recruiter,M.Com,0,43797,Jaipur,2015-03-22,No,1,Yes
5795,Rohan Joshi,Female,42,HR,HR Executive,M.Com,14,70214,Mumbai,2023-12-06,No,5,No
5796,Nisha Kumar,Female,41,Finance,Financial Analyst,Graduate,15,93163,Noida,2023-07-23,No,1,Yes
5797,Anjali Gupta,Male,33,IT,QA Engineer,MBA,4,71907,Ahmedabad,2019-02-18,No,3,No
5798,Pooja Verma,Male,45,HR,HR Executive,B.Com,18,86473,Delhi,2018-03-28,Yes,4,No
5799,Rohan Yadav,Female,28,HR,HR Executive,B.Com,1,38228,Pune,2023-06-18,No,1,Yes
5800,Mohit Verma,Female,43,Sales,Sales Executive,MBA,17,86847,Pune,2015-02-09,No,5,No
5801,Neha Roy,Male,28,IT,Analyst,Graduate,3,71207,Delhi,2019-03-26,No,3,No
5802,Kiran Yadav,Female,34,Operations,Operations Executive,MBA,7,60208,Chennai,2021-04-17,Yes,1,Yes
5803,Kiran Joshi,Female,44,Operations,Supervisor,MBA,14,75156,Lucknow,2016-10-14,Yes,2,Yes
5804,Rohan Joshi,Male,41,Sales,Sales Manager,MBA,11,67775,Lucknow,2022-07-10,No,1,Yes
5805,Pooja Roy,Female,39,IT,Developer,B.Tech,10,90985,Chennai,2019-02-03,No,2,No
5806,Amit Kumar,Male,33,Sales,Sales Executive,MBA,8,69624,Kolkata,2023-08-23,Yes,5,No
5807,Deepak Patel,Male,35,Marketing,Marketing Executive,Graduate,15,87906,Mumbai,2019-10-26,No,1,Yes
5808,Sneha Kumar,Female,21,HR,HR Executive,Graduate,0,39690,Delhi,2021-10-29,No,4,No
5809,Kiran Mehta,Female,37,Marketing,SEO Specialist,MBA,9,72571,Mumbai,2018-09-18,Yes,3,No
5810,Sneha Yadav,Male,39,IT,Analyst,MBA,19,112779,Chennai,2015-12-29,Yes,3,No
5811,Anjali Sharma,Male,33,Operations,Supervisor,B.Tech,4,50547,Kolkata,2024-05-14,No,4,No
5812,Mohit Joshi,Male,37,Operations,Supervisor,Graduate,15,78437,Ahmedabad,2023-09-23,No,3,No
5813,Kiran Sharma,Male,42,Sales,Sales Manager,M.Com,20,90891,Mumbai,2018-06-08,Yes,3,No
5814,Priya Mehta,Female,29,Finance,Accountant,MBA,7,73430,Jaipur,2024-06-13,Yes,3,No
5815,Mohit Verma,Female,29,IT,Analyst,MBA,4,70956,Mumbai,2017-05-02,No,4,No
5816,Nisha Sharma,Female,21,IT,Developer,B.Com,0,64260,Delhi,2020-05-31,No,4,No
5817,Neha Sharma,Female,34,Marketing,Marketing Executive,Graduate,10,69394,Bengaluru,2017-05-18,Yes,5,No
5818,Deepak Patel,Male,29,Sales,Sales Executive,B.Com,6,55587,Jaipur,2015-08-07,No,3,No
5819,Arjun Mehta,Female,21,Operations,Supervisor,B.Tech,0,45667,Lucknow,2019-07-14,No,4,No
5820,Anjali Gupta,Female,31,Marketing,SEO Specialist,M.Com,9,68166,Bengaluru,2019-05-18,No,3,No
5821,Pooja Verma,Male,33,Sales,Sales Executive,B.Tech,4,52873,Mumbai,2015-04-05,No,4,No
5822,Neha Yadav,Male,40,Operations,Supervisor,Graduate,13,74614,Chennai,2023-07-23,No,5,No
5823,Kiran Patel,Male,28,Sales,Sales Executive,Graduate,5,60842,Pune,2020-01-18,No,1,No
5824,Rohan Joshi,Male,37,Operations,Operations Executive,B.Com,10,70171,Jaipur,2017-11-04,Yes,4,No
5825,Priya Roy,Male,32,Operations,Operations Executive,B.Tech,6,54401,Ahmedabad,2018-12-09,Yes,2,No
5826,Mohit Kumar,Female,46,Finance,Financial Analyst,M.Com,20,103566,Lucknow,2021-01-05,Yes,1,No
5827,Priya Sharma,Female,46,Sales,Sales Executive,M.Com,20,99613,Kolkata,2021-03-20,No,1,Yes
5828,Vikas Mehta,Male,37,Sales,Sales Manager,M.Com,16,84396,Noida,2021-05-10,Yes,3,No
5829,Nisha Gupta,Male,27,Marketing,SEO Specialist,B.Tech,0,48132,Noida,2015-11-18,No,1,Yes
5830,Nisha Singh,Female,39,HR,HR Executive,B.Tech,15,82251,Kolkata,2023-12-02,No,5,No
5831,Pooja Roy,Male,39,Marketing,Marketing Executive,Graduate,19,91550,Mumbai,2024-05-08,No,4,Yes
5832,Rahul Sharma,Female,39,Finance,Financial Analyst,Graduate,16,91914,Lucknow,2024-10-16,Yes,3,No
5833,Pooja Sharma,Female,23,Operations,Supervisor,B.Tech,2,48615,Pune,2020-05-26,No,5,No
5834,Kiran Roy,Female,30,Sales,Sales Executive,B.Com,4,59039,Delhi,2021-10-12,No,2,No
5835,Deepak Roy,Male,34,Operations,Operations Executive,MBA,4,51051,Lucknow,2016-03-07,No,2,Yes
5836,Mohit Joshi,Female,40,Finance,Accountant,B.Tech,11,79795,Jaipur,2017-04-10,Yes,1,No
5837,Arjun Patel,Male,31,Operations,Supervisor,MBA,8,58337,Noida,2023-04-08,No,4,No
5838,Sneha Sharma,Male,42,HR,Recruiter,B.Tech,16,82452,Bengaluru,2024-07-17,No,1,No
5839,Rohan Roy,Female,42,Sales,Sales Executive,B.Com,19,89289,Chennai,2016-08-31,No,5,No
5840,Rohan Sharma,Female,30,Finance,Financial Analyst,M.Com,6,66692,Bengaluru,2015-03-29,No,2,Yes
5841,Priya Yadav,Female,33,Finance,Accountant,MBA,3,66618,Noida,2022-01-24,No,4,No
5842,Sonia Sharma,Male,33,Sales,Sales Manager,B.Com,10,69611,Bengaluru,2024-04-25,No,5,No
5843,Rahul Roy,Male,41,Operations,Supervisor,M.Com,11,72987,Delhi,2016-12-25,Yes,3,No
5844,Rahul Gupta,Female,31,IT,Developer,M.Com,3,68390,Chennai,2024-10-20,No,4,No
5845,Vikas Roy,Male,33,IT,Analyst,B.Tech,9,86940,Mumbai,2024-01-09,Yes,3,No
5846,Rohan Verma,Female,28,HR,Recruiter,Graduate,0,38150,Delhi,2023-02-12,No,1,Yes
5847,Rahul Verma,Female,40,Operations,Supervisor,MBA,16,79737,Lucknow,2018-11-17,No,3,No
5848,Rahul Kumar,Male,37,IT,Analyst,MBA,8,87475,Lucknow,2021-12-09,Yes,2,No
5849,Priya Verma,Male,27,HR,Recruiter,M.Com,5,54828,Noida,2019-06-09,No,4,No
5850,Kiran Gupta,Female,35,IT,Developer,MBA,15,103062,Mumbai,2022-12-27,No,5,No
5851,Priya Patel,Male,50,HR,HR Executive,Graduate,20,87624,Pune,2022-02-09,Yes,1,Yes
5852,Sneha Sharma,Male,44,IT,Developer,MBA,17,105953,Noida,2024-06-16,No,5,No
5853,Vikas Gupta,Male,36,Sales,Sales Manager,B.Com,13,81397,Bengaluru,2018-02-20,Yes,2,Yes
5854,Deepak Singh,Female,31,Marketing,Marketing Executive,B.Tech,2,57453,Bengaluru,2024-10-24,No,4,No
5855,Pooja Patel,Female,33,Sales,Sales Executive,B.Com,10,67647,Pune,2020-07-06,No,5,No
5856,Priya Verma,Female,46,HR,Recruiter,MBA,16,83906,Kolkata,2019-09-12,Yes,5,No
5857,Rohan Joshi,Male,40,HR,Recruiter,M.Com,19,84095,Delhi,2020-09-22,Yes,3,No
5858,Nisha Sharma,Female,38,Sales,Sales Manager,B.Tech,8,69402,Bengaluru,2022-07-29,No,1,Yes
5859,Pooja Sharma,Female,37,Finance,Financial Analyst,B.Tech,12,81566,Pune,2024-01-02,No,2,No
5860,Rahul Joshi,Female,26,Sales,Sales Executive,MBA,3,55913,Bengaluru,2019-02-06,No,2,Yes
5861,Kiran Verma,Male,44,Operations,Operations Executive,B.Com,19,91413,Bengaluru,2016-09-20,No,3,No
5862,Arjun Yadav,Female,32,Finance,Accountant,MBA,12,85605,Bengaluru,2023-04-18,Yes,5,No
5863,Sonia Joshi,Female,47,Marketing,SEO Specialist,B.Com,17,89079,Pune,2019-04-14,Yes,2,No
5864,Nisha Roy,Male,40,Marketing,Marketing Executive,B.Tech,18,94088,Mumbai,2021-09-04,Yes,2,No
5865,Anjali Patel,Female,29,Marketing,SEO Specialist,M.Com,1,49181,Kolkata,2019-05-20,No,1,No
5866,Vikas Joshi,Male,43,Finance,Financial Analyst,B.Tech,16,93267,Noida,2015-12-21,Yes,2,Yes
5867,Arjun Sharma,Female,39,Operations,Operations Executive,B.Tech,17,85953,Pune,2015-12-03,No,5,No
5868,Neha Joshi,Female,46,Operations,Operations Executive,B.Com,18,89574,Chennai,2023-06-06,Yes,3,No
5869,Rohan Kumar,Female,38,Marketing,SEO Specialist,Graduate,9,74252,Bengaluru,2016-05-15,Yes,3,No
5870,Deepak Kumar,Male,31,IT,QA Engineer,B.Tech,4,75083,Kolkata,2015-12-02,No,1,Yes
5871,Priya Singh,Female,43,Marketing,Marketing Executive,Graduate,20,100539,Delhi,2020-01-30,Yes,1,Yes
5872,Mohit Gupta,Male,49,Sales,Sales Manager,B.Com,20,92939,Chennai,2016-05-08,No,3,No
5873,Amit Mehta,Female,47,Operations,Operations Executive,Graduate,20,89927,Kolkata,2022-04-25,Yes,4,No
5874,Deepak Roy,Female,40,Finance,Accountant,MBA,13,83364,Lucknow,2023-04-09,No,3,No
5875,Pooja Mehta,Female,27,Sales,Sales Manager,B.Com,1,46937,Kolkata,2017-06-29,No,2,No
5876,Neha Kumar,Female,41,Finance,Accountant,MBA,12,81289,Pune,2023-07-31,Yes,5,No
5877,Amit Yadav,Female,44,Sales,Sales Executive,M.Com,18,85572,Mumbai,2023-06-29,No,3,No
5878,Neha Verma,Male,32,IT,QA Engineer,B.Com,10,91411,Ahmedabad,2019-04-12,No,3,No
5879,Kiran Gupta,Female,37,HR,Recruiter,B.Com,10,61681,Ahmedabad,2018-02-21,No,4,No
5880,Pooja Joshi,Female,30,HR,Recruiter,B.Com,1,44555,Pune,2017-12-29,No,3,No
5881,Mohit Yadav,Female,45,Marketing,SEO Specialist,M.Com,20,99634,Kolkata,2020-08-22,No,1,Yes
5882,Pooja Verma,Male,33,Marketing,Marketing Executive,MBA,10,70246,Jaipur,2023-12-17,No,3,No
5883,Neha Gupta,Female,48,HR,Recruiter,B.Tech,19,91726,Mumbai,2017-10-12,No,2,Yes
5884,Anjali Singh,Male,32,Operations,Supervisor,Graduate,6,60766,Kolkata,2022-07-25,No,2,Yes
5885,Kiran Kumar,Male,38,Finance,Accountant,B.Tech,10,83921,Jaipur,2023-10-12,No,1,Yes
5886,Vikas Verma,Male,34,Sales,Sales Executive,MBA,9,68690,Chennai,2019-04-28,Yes,3,No
5887,Amit Verma,Male,26,IT,Analyst,B.Com,4,73453,Chennai,2017-01-19,No,1,No
5888,Anjali Sharma,Male,25,Marketing,Marketing Executive,MBA,5,60451,Pune,2023-01-13,No,5,No
5889,Neha Kumar,Male,37,IT,QA Engineer,MBA,10,94320,Chennai,2018-11-22,No,2,No
5890,Sneha Roy,Female,41,Operations,Supervisor,Graduate,19,87035,Kolkata,2015-03-01,Yes,1,Yes
5891,Pooja Kumar,Male,28,Sales,Sales Executive,MBA,1,47361,Jaipur,2015-11-28,No,5,No
5892,Neha Verma,Male,37,Marketing,Marketing Executive,Graduate,13,79424,Pune,2021-04-16,No,5,No
5893,Kiran Yadav,Male,40,IT,Developer,B.Tech,17,106353,Delhi,2024-05-07,No,4,No
5894,Nisha Gupta,Male,45,Sales,Sales Executive,B.Com,15,84283,Noida,2019-09-19,No,1,No
5895,Sonia Joshi,Male,22,Operations,Operations Executive,MBA,2,48520,Pune,2022-06-02,No,5,No
5896,Arjun Kumar,Male,46,HR,HR Executive,Graduate,19,90767,Delhi,2023-01-02,No,5,No
5897,Arjun Roy,Male,46,Operations,Supervisor,M.Com,17,87984,Kolkata,2023-02-27,Yes,1,No
5898,Rohan Patel,Male,22,IT,Analyst,MBA,1,67562,Lucknow,2020-09-15,No,3,No
5899,Mohit Gupta,Female,39,IT,QA Engineer,B.Tech,15,99771,Ahmedabad,2024-01-21,Yes,3,No
5900,Pooja Singh,Male,35,Operations,Supervisor,M.Com,15,77044,Noida,2015-12-01,No,2,No
5901,Nisha Verma,Male,22,Marketing,SEO Specialist,Graduate,2,52786,Delhi,2021-06-25,No,2,No
5902,Priya Singh,Female,28,Operations,Operations Executive,M.Com,4,49364,Mumbai,2021-10-21,No,3,Yes
5903,Deepak Mehta,Female,41,Finance,Financial Analyst,Graduate,17,97113,Ahmedabad,2023-10-31,No,1,No
5904,Rahul Joshi,Female,48,Finance,Financial Analyst,B.Tech,20,107174,Kolkata,2015-03-23,No,2,No
5905,Mohit Kumar,Male,22,Operations,Supervisor,B.Com,2,43531,Mumbai,2023-02-06,No,3,Yes
5906,Deepak Gupta,Male,27,IT,Developer,B.Tech,1,68144,Mumbai,2019-08-21,No,1,Yes
5907,Rohan Yadav,Female,36,Marketing,Marketing Executive,B.Tech,16,83689,Delhi,2015-04-11,Yes,3,No
5908,Nisha Patel,Male,39,Marketing,Marketing Executive,Graduate,9,75115,Bengaluru,2023-05-23,Yes,3,No
5909,Vikas Verma,Male,26,Finance,Accountant,MBA,6,73580,Kolkata,2018-09-19,No,4,No
5910,Arjun Singh,Male,30,Sales,Sales Executive,MBA,9,66316,Ahmedabad,2024-08-30,No,2,No
5911,Priya Gupta,Male,35,Operations,Operations Executive,M.Com,15,74960,Mumbai,2021-01-31,Yes,2,Yes
5912,Rahul Mehta,Male,39,Finance,Financial Analyst,Graduate,9,73854,Bengaluru,2020-09-12,Yes,3,No
5913,Pooja Singh,Female,33,HR,HR Executive,B.Tech,12,70105,Lucknow,2024-01-26,Yes,2,Yes
5914,Amit Patel,Male,37,Operations,Operations Executive,MBA,10,66691,Delhi,2017-03-13,No,4,No
5915,Sneha Sharma,Male,38,Operations,Supervisor,MBA,10,63332,Chennai,2018-12-03,No,5,No
5916,Sonia Verma,Female,39,IT,Analyst,MBA,11,88047,Pune,2015-09-16,Yes,5,No
5917,Sneha Yadav,Female,24,IT,QA Engineer,B.Tech,2,68353,Delhi,2024-08-23,No,5,No
5918,Sonia Roy,Female,24,IT,QA Engineer,B.Com,4,78706,Mumbai,2021-02-06,No,1,Yes
5919,Neha Mehta,Female,44,Finance,Accountant,B.Tech,19,98570,Chennai,2019-06-11,No,2,No
5920,Pooja Mehta,Female,34,HR,HR Executive,B.Tech,8,56856,Delhi,2015-06-16,No,2,Yes
5921,Sonia Singh,Male,41,HR,Recruiter,MBA,14,71236,Bengaluru,2015-05-08,Yes,4,No
5922,Deepak Joshi,Male,44,Marketing,SEO Specialist,B.Tech,18,91324,Pune,2022-04-18,Yes,2,Yes
5923,Rohan Sharma,Male,40,HR,HR Executive,Graduate,15,74650,Mumbai,2022-05-30,No,5,No
5924,Amit Sharma,Female,41,Sales,Sales Executive,MBA,18,93093,Kolkata,2017-07-22,Yes,3,No
5925,Deepak Kumar,Female,28,Finance,Accountant,B.Tech,8,78692,Noida,2020-06-22,No,5,No
5926,Deepak Mehta,Male,47,Operations,Supervisor,Graduate,17,80123,Jaipur,2018-05-20,Yes,2,No
5927,Arjun Joshi,Female,31,Operations,Supervisor,B.Com,7,59176,Pune,2017-02-04,No,4,No
5928,Kiran Roy,Female,24,Marketing,Marketing Executive,B.Tech,4,58667,Lucknow,2024-05-16,No,3,No
5929,Sneha Joshi,Male,29,Operations,Operations Executive,M.Com,6,52181,Kolkata,2021-03-24,No,3,No
5930,Rahul Joshi,Male,33,Finance,Accountant,MBA,9,76112,Delhi,2017-12-13,Yes,2,No
5931,Sneha Gupta,Female,38,HR,Recruiter,B.Com,17,77621,Jaipur,2015-02-21,No,2,Yes
5932,Priya Sharma,Female,28,IT,Analyst,MBA,2,68521,Bengaluru,2023-04-17,No,3,No
5933,Mohit Mehta,Male,47,Sales,Sales Executive,M.Com,20,95515,Noida,2017-07-27,No,3,Yes
5934,Anjali Verma,Male,44,IT,Developer,M.Com,14,96396,Noida,2021-01-01,No,5,No
5935,Priya Mehta,Female,35,Sales,Sales Manager,MBA,12,75712,Delhi,2019-11-16,No,3,No
5936,Rohan Joshi,Male,28,IT,Analyst,MBA,5,81106,Mumbai,2020-05-26,No,2,No
5937,Rohan Gupta,Male,29,Finance,Accountant,MBA,9,75121,Pune,2021-12-02,No,4,No
5938,Deepak Gupta,Male,28,Operations,Operations Executive,B.Tech,7,54977,Pune,2018-02-18,Yes,5,No
5939,Nisha Joshi,Female,44,Operations,Operations Executive,B.Com,16,79880,Chennai,2024-05-19,No,4,No
5940,Kiran Verma,Male,35,Sales,Sales Executive,B.Tech,8,61493,Delhi,2023-09-18,No,5,No
5941,Rohan Roy,Female,25,Finance,Accountant,MBA,4,64669,Ahmedabad,2017-06-06,No,4,No
5942,Priya Patel,Female,30,HR,HR Executive,B.Tech,5,52776,Noida,2023-05-31,No,3,No
5943,Rahul Verma,Male,38,Operations,Supervisor,M.Com,11,71945,Lucknow,2017-10-28,No,1,Yes
5944,Sonia Roy,Male,47,IT,Analyst,B.Tech,17,108491,Ahmedabad,2023-06-30,Yes,1,No
5945,Anjali Yadav,Male,37,Sales,Sales Executive,MBA,11,73217,Ahmedabad,2019-03-02,No,5,No
5946,Rahul Singh,Male,33,Operations,Supervisor,M.Com,7,59226,Pune,2020-07-22,No,2,Yes
5947,Rohan Kumar,Male,35,HR,Recruiter,MBA,15,73450,Mumbai,2024-01-14,No,5,No
5948,Rohan Roy,Female,22,IT,Analyst,B.Tech,2,67901,Chennai,2018-08-02,No,4,No
5949,Mohit Verma,Male,38,IT,Analyst,Graduate,12,98036,Mumbai,2019-06-27,Yes,2,Yes
5950,Nisha Joshi,Female,45,Marketing,SEO Specialist,B.Tech,18,92576,Ahmedabad,2017-04-13,No,1,No
5951,Rahul Singh,Female,31,Marketing,SEO Specialist,B.Tech,6,61587,Mumbai,2024-09-24,No,5,No
5952,Nisha Yadav,Male,35,Operations,Supervisor,Graduate,13,76277,Noida,2021-01-15,No,4,No
5953,Neha Roy,Male,34,IT,QA Engineer,M.Com,13,102055,Lucknow,2017-02-02,Yes,1,Yes
5954,Sneha Verma,Female,29,Marketing,Marketing Executive,M.Com,8,67890,Jaipur,2015-04-09,No,3,No
5955,Priya Joshi,Female,43,Marketing,SEO Specialist,Graduate,14,79658,Jaipur,2023-11-19,Yes,4,No
5956,Kiran Verma,Male,21,IT,QA Engineer,B.Com,1,70130,Chennai,2016-12-09,No,5,No
5957,Neha Singh,Male,43,HR,Recruiter,B.Com,15,80538,Noida,2021-12-23,Yes,2,No
5958,Nisha Sharma,Male,34,Operations,Supervisor,B.Com,12,73276,Ahmedabad,2018-09-06,Yes,5,No
5959,Anjali Joshi,Female,33,IT,QA Engineer,B.Tech,9,89248,Ahmedabad,2015-05-31,No,5,No
5960,Vikas Yadav,Male,40,Operations,Operations Executive,B.Com,18,91591,Delhi,2024-07-07,No,2,No
5961,Arjun Yadav,Male,43,Marketing,SEO Specialist,M.Com,14,80174,Jaipur,2019-04-19,No,5,No
5962,Sonia Roy,Male,45,IT,Analyst,B.Tech,19,113819,Delhi,2015-02-16,Yes,2,No
5963,Sonia Mehta,Male,30,Sales,Sales Executive,Graduate,0,49156,Noida,2017-03-12,No,3,No
5964,Pooja Sharma,Female,32,Finance,Financial Analyst,M.Com,10,83913,Chennai,2022-03-15,No,2,Yes
5965,Vikas Patel,Female,44,Operations,Operations Executive,MBA,16,83586,Kolkata,2015-10-09,Yes,1,No
5966,Rohan Yadav,Female,22,Operations,Supervisor,Graduate,0,46191,Jaipur,2017-01-05,No,1,Yes
5967,Deepak Yadav,Male,29,Sales,Sales Manager,M.Com,2,50888,Delhi,2019-08-04,No,5,No
5968,Amit Joshi,Female,34,Sales,Sales Executive,MBA,6,63682,Jaipur,2017-03-20,No,2,Yes
5969,Anjali Patel,Female,29,Marketing,Marketing Executive,M.Com,2,54639,Pune,2019-02-05,No,3,No
5970,Rohan Roy,Female,46,Sales,Sales Executive,Graduate,18,89290,Chennai,2015-04-16,No,1,No
5971,Kiran Joshi,Female,37,IT,Analyst,M.Com,13,98863,Noida,2019-08-19,No,3,No
5972,Kiran Sharma,Male,40,Marketing,Marketing Executive,Graduate,19,97535,Ahmedabad,2024-11-12,No,4,No
5973,Amit Sharma,Male,42,Marketing,Marketing Executive,M.Com,15,87081,Bengaluru,2017-01-02,Yes,4,No
5974,Pooja Patel,Male,34,IT,Developer,MBA,6,77732,Bengaluru,2016-07-31,Yes,2,Yes
5975,Sneha Patel,Male,46,Sales,Sales Executive,B.Com,20,93046,Bengaluru,2015-04-05,No,1,Yes
5976,Sneha Gupta,Male,25,HR,HR Executive,M.Com,2,49325,Jaipur,2018-11-26,No,4,No
5977,Deepak Joshi,Male,42,Sales,Sales Executive,M.Com,13,81683,Mumbai,2018-08-18,No,2,Yes
5978,Kiran Singh,Male,46,Marketing,SEO Specialist,MBA,19,96574,Delhi,2022-06-11,No,4,No
5979,Anjali Sharma,Female,27,Finance,Accountant,M.Com,3,61372,Chennai,2020-12-04,No,2,No
5980,Amit Patel,Male,38,Marketing,SEO Specialist,B.Com,17,94543,Delhi,2020-04-18,No,5,No
5981,Nisha Yadav,Male,33,Finance,Financial Analyst,B.Com,3,59212,Lucknow,2021-01-22,No,2,No
5982,Sonia Roy,Female,23,Marketing,Marketing Executive,B.Tech,0,52810,Pune,2023-12-30,No,1,Yes
5983,Kiran Patel,Male,44,Operations,Operations Executive,B.Com,17,84953,Ahmedabad,2018-10-28,No,1,No
5984,Priya Verma,Female,24,Operations,Operations Executive,Graduate,1,48812,Bengaluru,2023-10-22,No,4,No
5985,Arjun Patel,Female,38,HR,HR Executive,Graduate,8,58173,Bengaluru,2023-03-05,No,2,No
5986,Mohit Yadav,Female,28,IT,Developer,MBA,6,75229,Pune,2019-05-04,No,1,No
5987,Nisha Patel,Male,44,Sales,Sales Manager,B.Tech,17,91083,Jaipur,2016-01-17,Yes,1,No
5988,Nisha Yadav,Female,37,Finance,Accountant,M.Com,10,78595,Pune,2016-03-22,No,2,No
5989,Pooja Kumar,Female,29,HR,Recruiter,M.Com,5,51204,Jaipur,2021-07-08,No,2,Yes
5990,Amit Gupta,Male,38,HR,Recruiter,B.Com,14,70794,Bengaluru,2022-12-09,No,2,Yes
5991,Sonia Gupta,Female,36,HR,Recruiter,Graduate,14,78017,Pune,2024-05-19,Yes,2,Yes
5992,Rahul Joshi,Male,35,IT,QA Engineer,MBA,12,90091,Delhi,2021-03-08,No,1,No
5993,Rohan Gupta,Male,26,Marketing,Marketing Executive,MBA,4,54237,Kolkata,2020-03-18,No,2,Yes
5994,Rahul Mehta,Female,27,Finance,Financial Analyst,MBA,0,52692,Bengaluru,2015-05-23,No,5,No
5995,Arjun Kumar,Female,25,Sales,Sales Manager,B.Tech,3,56895,Kolkata,2021-11-23,No,3,No
5996,Anjali Mehta,Male,44,Finance,Financial Analyst,MBA,15,91465,Bengaluru,2022-03-28,No,1,Yes
5997,Nisha Yadav,Male,40,Marketing,SEO Specialist,B.Tech,14,83924,Mumbai,2016-06-29,No,4,No
5998,Sneha Yadav,Male,23,HR,Recruiter,M.Com,3,52276,Kolkata,2019-06-18,No,3,No
5999,Pooja Kumar,Male,39,Operations,Operations Executive,Graduate,10,69268,Bengaluru,2024-04-19,Yes,1,Yes
6000,Rohan Gupta,Female,34,IT,Developer,B.Com,6,80316,Lucknow,2018-08-01,No,2,Yes
6001,Vikas Joshi,Male,36,Sales,Sales Executive,B.Tech,8,68481,Pune,2022-02-02,No,3,No
6002,Pooja Mehta,Female,44,Marketing,SEO Specialist,B.Tech,17,93938,Delhi,2021-06-25,No,5,No
6003,Pooja Patel,Female,23,Finance,Accountant,B.Tech,1,58859,Mumbai,2015-05-24,No,5,No
6004,Anjali Roy,Female,46,HR,HR Executive,Graduate,18,89401,Kolkata,2023-12-01,No,5,Yes
6005,Priya Verma,Male,27,Marketing,SEO Specialist,M.Com,2,51765,Ahmedabad,2021-07-03,No,1,Yes
6006,Neha Kumar,Female,33,HR,Recruiter,B.Com,11,71746,Noida,2021-01-23,Yes,4,No
6007,Sonia Sharma,Female,29,IT,Analyst,Graduate,4,73610,Jaipur,2019-01-04,No,2,Yes
6008,Kiran Gupta,Male,39,IT,Analyst,B.Tech,15,100405,Bengaluru,2016-04-04,No,2,Yes
6009,Vikas Mehta,Male,41,Operations,Operations Executive,Graduate,16,77252,Ahmedabad,2015-03-16,No,2,No
6010,Neha Patel,Female,34,HR,Recruiter,Graduate,7,60439,Ahmedabad,2015-03-02,No,5,No
6011,Amit Patel,Female,37,IT,Analyst,Graduate,15,98434,Noida,2022-07-27,No,3,Yes
6012,Nisha Patel,Male,29,IT,Developer,M.Com,2,74105,Noida,2022-12-08,No,3,No
6013,Nisha Kumar,Male,35,Sales,Sales Manager,B.Com,10,65534,Jaipur,2017-09-05,Yes,1,Yes
6014,Vikas Verma,Male,41,Finance,Accountant,MBA,14,90656,Delhi,2024-01-28,No,4,No
6015,Kiran Mehta,Male,37,Marketing,SEO Specialist,Graduate,9,67050,Noida,2015-12-16,Yes,4,No
6016,Anjali Verma,Male,33,Sales,Sales Executive,B.Tech,12,78440,Jaipur,2022-01-17,Yes,4,No
6017,Sneha Sharma,Male,40,Finance,Accountant,MBA,17,93960,Mumbai,2018-02-21,No,3,No
6018,Arjun Roy,Female,43,Sales,Sales Executive,MBA,20,96732,Pune,2018-06-03,No,5,No
6019,Rahul Patel,Male,29,Finance,Accountant,M.Com,5,72189,Noida,2017-10-08,No,2,No
6020,Nisha Roy,Male,42,Marketing,SEO Specialist,B.Tech,12,77728,Delhi,2024-02-13,Yes,4,Yes
6021,Kiran Joshi,Female,42,Sales,Sales Executive,MBA,13,78374,Bengaluru,2024-08-07,Yes,5,No
6022,Rahul Singh,Female,48,IT,QA Engineer,M.Com,20,111156,Bengaluru,2018-08-03,Yes,2,No
6023,Rahul Yadav,Female,33,Finance,Financial Analyst,M.Com,13,87410,Mumbai,2016-03-20,Yes,3,Yes
6024,Nisha Sharma,Male,28,Finance,Financial Analyst,MBA,2,55897,Bengaluru,2017-10-05,No,3,No
6025,Pooja Roy,Male,38,Finance,Accountant,M.Com,12,80167,Bengaluru,2024-06-04,Yes,3,No
6026,Rohan Kumar,Male,38,Finance,Financial Analyst,MBA,12,89883,Ahmedabad,2023-11-03,No,2,Yes
6027,Rahul Mehta,Male,30,Marketing,Marketing Executive,M.Com,9,68386,Noida,2023-08-22,No,5,No
6028,Arjun Mehta,Female,37,IT,Developer,B.Com,8,89071,Bengaluru,2024-06-18,No,4,No
6029,Vikas Singh,Female,27,Operations,Operations Executive,B.Tech,1,48534,Delhi,2020-02-20,No,1,Yes
6030,Mohit Singh,Female,40,Marketing,Marketing Executive,M.Com,13,78574,Mumbai,2019-05-28,No,2,Yes
6031,Nisha Gupta,Female,35,Sales,Sales Executive,MBA,14,81343,Delhi,2022-01-20,No,3,No
6032,Anjali Roy,Female,29,Sales,Sales Executive,Graduate,8,65813,Jaipur,2024-11-15,No,2,No
6033,Sneha Verma,Female,34,Marketing,Marketing Executive,MBA,12,73270,Ahmedabad,2015-05-05,Yes,2,No
6034,Rahul Joshi,Male,43,Marketing,Marketing Executive,B.Tech,18,94342,Lucknow,2019-02-05,No,2,No
6035,Rohan Sharma,Male,44,Marketing,SEO Specialist,Graduate,18,91589,Delhi,2019-01-30,No,5,No
6036,Mohit Mehta,Female,31,Sales,Sales Executive,B.Com,10,65359,Lucknow,2015-02-21,No,4,No
6037,Sneha Mehta,Male,35,Marketing,Marketing Executive,MBA,5,59776,Mumbai,2020-08-25,No,2,No
6038,Arjun Sharma,Female,35,Sales,Sales Executive,B.Com,15,80261,Chennai,2019-05-19,No,1,Yes
6039,Nisha Gupta,Female,33,Operations,Supervisor,B.Com,5,51035,Noida,2021-10-18,No,3,No
6040,Vikas Singh,Male,43,Operations,Operations Executive,B.Tech,15,76308,Pune,2021-03-12,No,3,No
6041,Pooja Verma,Female,30,Marketing,SEO Specialist,M.Com,7,66690,Bengaluru,2018-06-05,No,4,No
6042,Sonia Gupta,Female,24,IT,Analyst,M.Com,1,67324,Noida,2020-03-22,No,2,Yes
6043,Rohan Sharma,Female,35,HR,Recruiter,M.Com,10,66536,Kolkata,2015-01-14,No,5,No
6044,Deepak Singh,Female,39,Finance,Financial Analyst,M.Com,13,82949,Pune,2022-08-01,No,1,Yes
6045,Nisha Roy,Male,38,HR,HR Executive,Graduate,14,78867,Noida,2023-03-12,No,1,Yes
6046,Neha Roy,Male,45,Marketing,SEO Specialist,B.Tech,19,100079,Jaipur,2023-10-10,Yes,3,No
6047,Deepak Patel,Female,46,Sales,Sales Executive,B.Com,17,91447,Delhi,2019-10-02,No,5,No
6048,Kiran Roy,Female,40,Operations,Operations Executive,B.Com,12,71483,Noida,2018-12-19,No,1,No
6049,Mohit Singh,Male,46,Sales,Sales Manager,M.Com,20,97405,Noida,2022-03-19,No,5,No
6050,Pooja Singh,Male,40,IT,Analyst,B.Com,20,112049,Bengaluru,2019-07-08,No,2,No
6051,Sneha Joshi,Female,38,Marketing,SEO Specialist,B.Tech,15,89967,Ahmedabad,2022-10-15,No,4,No
6052,Neha Joshi,Female,38,HR,Recruiter,B.Tech,17,85402,Noida,2021-07-07,Yes,3,No
6053,Rahul Singh,Male,40,HR,HR Executive,B.Com,15,79367,Noida,2019-08-17,Yes,2,No
6054,Sonia Roy,Male,31,Finance,Accountant,MBA,5,69304,Mumbai,2020-05-21,No,5,No
6055,Rohan Verma,Male,35,IT,Analyst,B.Com,12,98063,Kolkata,2020-10-17,Yes,2,Yes
6056,Rahul Yadav,Female,24,HR,Recruiter,Graduate,4,45732,Lucknow,2022-09-20,No,4,No
6057,Arjun Joshi,Male,39,Finance,Financial Analyst,B.Tech,18,99943,Bengaluru,2016-10-07,Yes,4,No
6058,Vikas Yadav,Male,36,HR,Recruiter,MBA,12,71334,Kolkata,2015-06-22,Yes,1,Yes
6059,Mohit Gupta,Female,26,Sales,Sales Executive,MBA,6,55517,Mumbai,2022-05-01,No,3,No
6060,Arjun Roy,Female,21,IT,Analyst,Graduate,1,68805,Bengaluru,2021-12-30,No,3,No
6061,Rahul Sharma,Female,34,Sales,Sales Manager,B.Com,4,50920,Ahmedabad,2017-05-13,No,1,No
6062,Mohit Roy,Female,29,IT,QA Engineer,Graduate,2,65449,Kolkata,2019-10-24,No,3,No
6063,Rahul Verma,Male,44,HR,HR Executive,B.Tech,15,78853,Jaipur,2020-06-03,No,2,Yes
6064,Kiran Singh,Male,38,Operations,Supervisor,M.Com,10,65702,Lucknow,2021-01-18,No,4,No
6065,Deepak Sharma,Male,26,Marketing,SEO Specialist,Graduate,3,57412,Delhi,2016-11-15,No,4,No
6066,Deepak Verma,Female,26,IT,QA Engineer,B.Com,3,67842,Bengaluru,2021-05-27,No,3,Yes
6067,Sonia Mehta,Male,40,Finance,Accountant,B.Tech,17,97327,Ahmedabad,2019-06-13,No,5,No
6068,Rohan Singh,Female,27,Sales,Sales Manager,B.Tech,0,49280,Jaipur,2018-06-26,No,3,No
6069,Pooja Gupta,Male,33,Finance,Accountant,Graduate,12,89837,Chennai,2017-08-23,Yes,4,No
6070,Mohit Roy,Male,33,Finance,Accountant,M.Com,12,80653,Ahmedabad,2018-10-23,Yes,2,Yes
6071,Nisha Sharma,Male,26,Operations,Operations Executive,B.Tech,1,40740,Lucknow,2021-01-01,No,1,No
6072,Amit Patel,Male,37,Operations,Operations Executive,Graduate,16,83466,Noida,2015-12-04,No,4,No
6073,Nisha Yadav,Female,40,Marketing,SEO Specialist,M.Com,11,71506,Ahmedabad,2015-11-17,Yes,3,No
6074,Kiran Verma,Male,29,IT,QA Engineer,B.Tech,5,74260,Noida,2023-02-28,No,2,No
6075,Rahul Kumar,Male,33,HR,Recruiter,B.Com,3,51789,Mumbai,2021-07-07,No,3,No
6076,Pooja Kumar,Female,32,Operations,Operations Executive,MBA,8,61319,Delhi,2015-12-18,No,1,No
6077,Sneha Gupta,Male,41,Marketing,Marketing Executive,B.Tech,15,85045,Pune,2023-05-25,No,5,No
6078,Sonia Gupta,Male,23,IT,Developer,B.Com,2,72907,Mumbai,2019-03-27,No,2,Yes
6079,Mohit Roy,Male,46,HR,HR Executive,MBA,16,75626,Lucknow,2020-01-25,No,5,No
6080,Anjali Sharma,Female,40,IT,QA Engineer,MBA,16,107247,Jaipur,2015-09-01,Yes,2,Yes
6081,Sonia Roy,Male,43,Sales,Sales Executive,B.Com,18,94510,Delhi,2023-02-28,Yes,2,Yes
6082,Kiran Roy,Male,34,Operations,Operations Executive,Graduate,8,66438,Pune,2015-10-22,No,5,No
6083,Nisha Roy,Female,23,Finance,Accountant,M.Com,1,59563,Delhi,2016-01-14,No,1,Yes
6084,Mohit Verma,Male,28,IT,Developer,B.Com,4,71298,Pune,2016-02-04,No,1,No
6085,Deepak Joshi,Male,29,IT,Developer,B.Com,0,61419,Bengaluru,2022-02-23,No,3,No
6086,Deepak Verma,Female,33,HR,HR Executive,MBA,10,61480,Chennai,2015-08-08,Yes,1,No
6087,Nisha Roy,Female,33,Finance,Accountant,MBA,4,68863,Delhi,2017-01-05,No,5,No
6088,Kiran Joshi,Male,27,Sales,Sales Executive,Graduate,4,58314,Ahmedabad,2020-08-27,No,4,No
6089,Pooja Roy,Male,43,Operations,Supervisor,MBA,14,78994,Lucknow,2020-02-14,No,3,No
6090,Neha Roy,Male,47,IT,QA Engineer,B.Tech,18,106075,Bengaluru,2015-10-06,Yes,2,No
6091,Priya Patel,Male,45,Marketing,SEO Specialist,Graduate,20,94989,Mumbai,2016-11-29,Yes,5,No
6092,Arjun Singh,Male,47,Sales,Sales Manager,Graduate,17,90794,Delhi,2015-02-08,No,3,No
6093,Rohan Yadav,Female,38,Marketing,Marketing Executive,B.Com,14,86772,Ahmedabad,2024-05-13,Yes,3,No
6094,Priya Mehta,Female,29,Operations,Operations Executive,M.Com,4,51110,Jaipur,2020-08-03,No,4,No
6095,Amit Singh,Male,32,Marketing,SEO Specialist,MBA,7,63610,Noida,2024-01-22,No,2,Yes
6096,Neha Yadav,Male,45,Marketing,Marketing Executive,B.Tech,16,90869,Noida,2021-07-06,Yes,3,No
6097,Sneha Singh,Female,38,Finance,Financial Analyst,B.Tech,9,74382,Chennai,2018-01-14,Yes,5,Yes
6098,Neha Roy,Male,27,IT,QA Engineer,B.Tech,7,83732,Kolkata,2021-12-01,No,4,Yes
6099,Neha Joshi,Female,30,Sales,Sales Executive,Graduate,5,55144,Jaipur,2024-06-16,No,3,No
6100,Sneha Mehta,Male,44,Operations,Operations Executive,MBA,20,94988,Bengaluru,2018-12-15,No,2,Yes
6101,Priya Verma,Male,40,IT,Developer,M.Com,10,94870,Chennai,2016-04-09,No,3,No
6102,Sneha Singh,Female,31,Sales,Sales Manager,B.Com,8,62185,Ahmedabad,2017-06-17,Yes,2,Yes
6103,Priya Joshi,Female,39,Marketing,SEO Specialist,Graduate,16,91139,Kolkata,2015-08-08,Yes,4,No
6104,Sneha Yadav,Female,47,Marketing,SEO Specialist,B.Tech,17,89972,Lucknow,2019-03-20,Yes,2,Yes
6105,Vikas Joshi,Female,35,Operations,Supervisor,B.Tech,6,54659,Lucknow,2017-12-26,No,5,No
6106,Rahul Gupta,Female,32,Operations,Operations Executive,MBA,8,57007,Kolkata,2021-08-20,No,4,No
6107,Rahul Singh,Female,41,IT,QA Engineer,MBA,12,93804,Chennai,2016-02-06,Yes,1,No
6108,Anjali Kumar,Female,26,Marketing,Marketing Executive,B.Com,6,60693,Jaipur,2022-01-12,No,1,No
6109,Nisha Verma,Male,29,Operations,Supervisor,B.Tech,3,45281,Delhi,2021-07-10,No,1,No
6110,Mohit Patel,Male,42,Operations,Operations Executive,B.Tech,13,74949,Ahmedabad,2023-05-10,No,5,Yes
6111,Deepak Patel,Female,32,Finance,Accountant,M.Com,7,68086,Pune,2021-08-02,No,2,No
6112,Vikas Yadav,Male,33,IT,QA Engineer,Graduate,5,77624,Mumbai,2017-07-04,No,3,No
6113,Neha Mehta,Male,32,IT,Developer,B.Com,10,86519,Chennai,2024-12-24,No,4,No
6114,Sneha Mehta,Male,27,HR,HR Executive,B.Tech,7,57784,Ahmedabad,2021-11-05,No,1,Yes
6115,Pooja Patel,Male,44,Operations,Supervisor,B.Com,18,82840,Ahmedabad,2017-06-07,Yes,3,No
6116,Sneha Mehta,Female,44,Finance,Accountant,B.Com,16,95517,Lucknow,2019-04-28,No,3,No
6117,Kiran Sharma,Male,35,Sales,Sales Manager,M.Com,12,77812,Noida,2015-06-21,No,2,Yes
6118,Neha Kumar,Male,34,Finance,Accountant,B.Com,12,83859,Bengaluru,2017-10-10,Yes,3,No
6119,Mohit Roy,Male,21,HR,Recruiter,Graduate,0,36470,Bengaluru,2020-06-22,No,2,No
6120,Sonia Verma,Female,37,Finance,Financial Analyst,MBA,11,84342,Ahmedabad,2022-01-31,No,2,Yes
6121,Kiran Patel,Female,32,Operations,Supervisor,MBA,11,68681,Mumbai,2018-08-08,Yes,2,Yes
6122,Sonia Joshi,Female,41,IT,Developer,B.Com,17,110007,Noida,2020-06-17,Yes,4,No
6123,Sneha Singh,Male,30,Operations,Supervisor,Graduate,4,48767,Kolkata,2021-03-22,No,5,No
6124,Sneha Yadav,Female,43,Sales,Sales Executive,B.Com,19,88429,Bengaluru,2021-10-15,No,1,Yes
6125,Anjali Gupta,Female,43,Finance,Financial Analyst,M.Com,18,99437,Noida,2019-03-28,Yes,3,No
6126,Nisha Patel,Male,31,IT,Developer,Graduate,7,77783,Lucknow,2017-01-02,Yes,1,No
6127,Rahul Singh,Male,41,HR,Recruiter,MBA,15,75203,Mumbai,2015-04-06,Yes,5,No
6128,Deepak Singh,Female,42,HR,Recruiter,M.Com,18,83645,Ahmedabad,2016-07-16,Yes,3,No
6129,Priya Sharma,Male,43,Operations,Supervisor,MBA,16,80457,Lucknow,2020-01-01,No,3,No
6130,Anjali Patel,Female,33,Finance,Financial Analyst,B.Com,3,60972,Chennai,2020-08-14,No,4,No
6131,Sneha Joshi,Female,36,Sales,Sales Manager,Graduate,6,60955,Lucknow,2017-10-08,Yes,2,Yes
6132,Mohit Roy,Male,27,Sales,Sales Executive,B.Tech,3,51565,Pune,2018-03-29,No,4,No
6133,Arjun Singh,Female,45,HR,Recruiter,B.Tech,17,82319,Mumbai,2019-10-12,No,5,No
6134,Sneha Roy,Female,30,Sales,Sales Executive,Graduate,1,48753,Lucknow,2023-10-05,No,5,No
6135,Sneha Patel,Female,28,Sales,Sales Manager,Graduate,0,48942,Lucknow,2018-10-23,No,1,No
6136,Anjali Yadav,Female,42,Operations,Operations Executive,B.Com,20,96880,Kolkata,2024-06-28,No,4,No
6137,Rohan Patel,Male,40,Sales,Sales Executive,MBA,12,73857,Ahmedabad,2020-11-23,Yes,3,Yes
6138,Amit Verma,Female,35,Sales,Sales Executive,M.Com,11,75534,Chennai,2024-12-05,Yes,1,Yes
6139,Rohan Gupta,Male,40,IT,Analyst,B.Com,12,93685,Kolkata,2016-05-19,No,3,Yes
6140,Amit Joshi,Male,50,HR,Recruiter,M.Com,20,89713,Jaipur,2018-06-08,Yes,4,Yes
6141,Anjali Roy,Female,38,IT,Developer,B.Com,9,84536,Delhi,2023-04-30,Yes,4,No
6142,Neha Joshi,Male,36,Sales,Sales Executive,Graduate,11,72345,Mumbai,2017-06-28,Yes,2,Yes
6143,Mohit Roy,Male,22,Operations,Supervisor,MBA,2,51098,Kolkata,2015-06-16,No,1,Yes
6144,Deepak Joshi,Male,28,HR,Recruiter,B.Com,1,45683,Ahmedabad,2024-03-19,No,5,No
6145,Neha Yadav,Male,39,HR,Recruiter,Graduate,13,74542,Chennai,2017-03-29,Yes,5,No
6146,Neha Patel,Male,29,Marketing,Marketing Executive,B.Tech,6,66723,Bengaluru,2021-10-19,No,1,No
6147,Anjali Verma,Female,42,IT,QA Engineer,B.Tech,19,112077,Pune,2020-11-04,No,4,No
6148,Sonia Verma,Female,33,Marketing,SEO Specialist,B.Com,10,75981,Bengaluru,2024-03-09,Yes,2,No
6149,Amit Singh,Male,35,Marketing,Marketing Executive,M.Com,13,75790,Kolkata,2015-05-25,No,1,Yes
6150,Sneha Sharma,Female,22,Finance,Financial Analyst,Graduate,1,60547,Kolkata,2019-01-31,No,2,No
6151,Rohan Patel,Male,44,HR,HR Executive,M.Com,14,76175,Ahmedabad,2019-09-14,Yes,1,Yes
6152,Arjun Kumar,Male,24,Finance,Financial Analyst,B.Tech,0,51471,Chennai,2015-06-14,No,1,Yes
6153,Vikas Patel,Female,31,HR,HR Executive,B.Tech,6,59650,Mumbai,2020-11-24,No,4,No
6154,Sneha Verma,Male,33,Finance,Financial Analyst,MBA,10,76478,Lucknow,2015-10-15,No,4,No
6155,Mohit Mehta,Female,37,Finance,Accountant,B.Com,11,81169,Delhi,2017-02-23,No,2,Yes
6156,Sonia Kumar,Male,21,HR,Recruiter,M.Com,0,37760,Jaipur,2023-11-11,No,3,No
6157,Mohit Roy,Female,38,HR,Recruiter,B.Tech,12,67176,Noida,2023-07-06,Yes,3,No
6158,Kiran Kumar,Female,32,HR,Recruiter,B.Tech,4,50089,Mumbai,2016-01-18,No,5,No
6159,Priya Yadav,Male,43,HR,Recruiter,Graduate,19,83400,Jaipur,2023-02-12,No,3,No
6160,Arjun Kumar,Male,46,HR,Recruiter,MBA,20,93600,Kolkata,2020-08-25,No,3,No
6161,Amit Joshi,Female,31,Operations,Supervisor,MBA,4,56739,Pune,2018-12-06,No,3,No
6162,Kiran Patel,Male,30,IT,Developer,B.Com,1,71042,Kolkata,2024-08-02,No,4,Yes
6163,Rohan Patel,Male,31,Sales,Sales Manager,M.Com,4,50974,Pune,2022-01-12,No,3,No
6164,Priya Singh,Male,35,Operations,Operations Executive,Graduate,9,63774,Noida,2018-10-17,Yes,4,No
6165,Mohit Mehta,Female,26,Sales,Sales Executive,MBA,4,51212,Pune,2024-11-26,No,5,No
6166,Rahul Verma,Male,45,Finance,Financial Analyst,Graduate,17,99246,Noida,2016-12-09,No,4,Yes
6167,Sneha Roy,Female,43,IT,Developer,MBA,18,107704,Noida,2022-08-26,Yes,2,Yes
6168,Deepak Kumar,Male,40,Finance,Financial Analyst,M.Com,12,81682,Delhi,2022-05-01,No,1,No
6169,Sneha Roy,Female,26,Finance,Financial Analyst,B.Tech,6,73374,Bengaluru,2017-07-01,Yes,1,Yes
6170,Deepak Mehta,Female,41,Sales,Sales Manager,M.Com,20,97235,Lucknow,2018-10-19,Yes,2,No
6171,Sneha Singh,Female,37,Finance,Financial Analyst,MBA,16,96087,Kolkata,2023-10-06,Yes,5,Yes
6172,Rohan Roy,Male,30,Finance,Accountant,MBA,8,71254,Mumbai,2020-05-20,No,2,Yes
6173,Sonia Patel,Female,34,Marketing,Marketing Executive,B.Com,9,68783,Delhi,2019-04-24,Yes,1,No
6174,Arjun Joshi,Male,28,Sales,Sales Manager,MBA,8,60457,Delhi,2023-04-02,Yes,5,No
6175,Pooja Mehta,Female,45,Finance,Financial Analyst,B.Tech,19,99253,Chennai,2021-11-26,No,5,No
6176,Mohit Singh,Female,25,Operations,Supervisor,M.Com,2,43649,Bengaluru,2024-06-28,No,1,No
6177,Vikas Roy,Female,48,Operations,Operations Executive,B.Com,18,83972,Kolkata,2024-11-18,Yes,4,No
6178,Amit Verma,Male,40,Finance,Financial Analyst,MBA,13,91459,Kolkata,2021-03-04,No,5,No
6179,Arjun Gupta,Male,43,Sales,Sales Executive,M.Com,14,79897,Kolkata,2018-03-27,No,1,Yes
6180,Deepak Mehta,Female,42,Marketing,SEO Specialist,MBA,17,86965,Bengaluru,2022-08-10,Yes,1,No
6181,Anjali Gupta,Female,29,Marketing,SEO Specialist,Graduate,1,50749,Jaipur,2019-07-12,No,1,No
6182,Rahul Yadav,Female,34,Marketing,Marketing Executive,B.Com,10,68397,Jaipur,2017-04-02,No,2,Yes
6183,Anjali Sharma,Female,44,Marketing,Marketing Executive,Graduate,19,98067,Jaipur,2021-11-10,No,1,No
6184,Rahul Verma,Male,34,Marketing,SEO Specialist,B.Com,9,66576,Chennai,2022-01-25,Yes,2,Yes
6185,Deepak Sharma,Female,26,Operations,Supervisor,Graduate,6,55326,Chennai,2020-03-21,Yes,5,No
6186,Sonia Joshi,Female,31,Finance,Financial Analyst,MBA,5,64862,Ahmedabad,2016-09-08,No,5,No
6187,Rahul Roy,Male,26,Finance,Accountant,M.Com,5,62590,Mumbai,2019-01-13,No,5,No
6188,Sneha Joshi,Male,39,HR,Recruiter,MBA,13,75085,Delhi,2022-04-06,No,3,No
6189,Mohit Mehta,Male,39,IT,Developer,Graduate,14,98960,Jaipur,2023-11-04,Yes,4,No
6190,Rohan Joshi,Male,33,Marketing,SEO Specialist,M.Com,4,57265,Mumbai,2019-12-16,No,5,No
6191,Nisha Verma,Female,31,Marketing,SEO Specialist,B.Com,9,72806,Kolkata,2015-10-15,No,5,No
6192,Priya Joshi,Male,25,HR,Recruiter,B.Com,1,44830,Ahmedabad,2022-10-08,No,2,Yes
6193,Arjun Kumar,Female,44,HR,Recruiter,B.Tech,17,85300,Pune,2023-05-07,Yes,1,No
6194,Anjali Patel,Female,23,HR,HR Executive,Graduate,1,46896,Chennai,2017-05-29,No,2,No
6195,Neha Mehta,Male,40,IT,Developer,B.Com,10,89317,Delhi,2020-10-10,No,2,Yes
6196,Nisha Sharma,Male,31,IT,Analyst,B.Tech,8,80480,Lucknow,2023-10-10,No,4,No
6197,Mohit Gupta,Female,39,HR,HR Executive,B.Com,17,85594,Ahmedabad,2024-01-28,No,3,No
6198,Rahul Verma,Male,44,Sales,Sales Executive,B.Com,16,84896,Jaipur,2024-11-13,Yes,4,No
6199,Nisha Roy,Male,30,Sales,Sales Manager,MBA,5,52636,Jaipur,2020-03-06,No,3,No
6200,Sneha Sharma,Female,45,Sales,Sales Executive,Graduate,17,87389,Jaipur,2016-09-06,No,1,No
6201,Neha Yadav,Male,22,Operations,Operations Executive,M.Com,1,42071,Jaipur,2016-04-14,No,3,No
6202,Vikas Kumar,Male,23,IT,Developer,M.Com,3,77075,Kolkata,2023-01-29,No,4,No
6203,Neha Sharma,Female,37,Sales,Sales Executive,B.Tech,15,77804,Bengaluru,2023-10-16,Yes,2,Yes
6204,Deepak Mehta,Female,34,IT,QA Engineer,M.Com,5,78353,Bengaluru,2018-11-10,No,3,Yes
6205,Nisha Kumar,Female,44,IT,Analyst,MBA,18,107021,Noida,2023-07-08,Yes,4,No
6206,Rahul Sharma,Female,46,Marketing,Marketing Executive,M.Com,17,93541,Bengaluru,2017-12-30,Yes,1,Yes
6207,Priya Patel,Female,38,Sales,Sales Executive,Graduate,11,68700,Bengaluru,2022-08-16,No,5,No
6208,Deepak Verma,Male,23,IT,Analyst,M.Com,2,69561,Bengaluru,2021-04-05,No,1,Yes
6209,Deepak Joshi,Male,33,Marketing,SEO Specialist,MBA,4,53163,Ahmedabad,2020-10-21,No,4,Yes
6210,Rahul Kumar,Male,31,HR,Recruiter,M.Com,7,54842,Noida,2018-05-02,Yes,3,No
6211,Deepak Kumar,Female,29,Finance,Financial Analyst,Graduate,9,72963,Bengaluru,2022-12-01,No,3,No
6212,Neha Mehta,Female,44,IT,Developer,Graduate,20,115959,Mumbai,2017-06-12,No,4,No
6213,Arjun Joshi,Female,27,Operations,Supervisor,B.Com,1,42897,Bengaluru,2020-07-16,No,2,Yes
6214,Anjali Yadav,Female,39,Marketing,SEO Specialist,M.Com,14,84631,Bengaluru,2022-05-27,Yes,4,No
6215,Nisha Sharma,Female,25,Marketing,Marketing Executive,MBA,2,52959,Bengaluru,2021-07-20,No,5,No
6216,Deepak Patel,Male,26,IT,QA Engineer,B.Tech,5,79434,Mumbai,2017-03-28,No,3,No
6217,Pooja Sharma,Female,35,HR,HR Executive,B.Tech,9,59057,Kolkata,2017-02-23,No,1,Yes
6218,Sneha Joshi,Male,47,HR,HR Executive,B.Com,19,85644,Pune,2019-06-28,No,4,No
6219,Anjali Mehta,Female,38,Finance,Accountant,B.Tech,13,85850,Noida,2015-05-29,No,5,No
6220,Arjun Verma,Male,37,HR,Recruiter,B.Tech,17,85658,Lucknow,2018-09-21,No,3,Yes
6221,Rahul Kumar,Female,32,HR,HR Executive,B.Com,6,54509,Lucknow,2024-12-24,No,1,Yes
6222,Sneha Gupta,Male,30,Marketing,SEO Specialist,B.Com,10,71132,Chennai,2024-05-18,No,1,Yes
6223,Vikas Gupta,Female,40,Operations,Supervisor,MBA,11,67332,Jaipur,2016-03-31,No,3,Yes
6224,Mohit Sharma,Male,31,HR,HR Executive,MBA,3,43913,Lucknow,2017-04-18,No,1,No
6225,Anjali Joshi,Male,40,IT,Developer,Graduate,17,109003,Jaipur,2022-12-13,No,1,No
6226,Nisha Yadav,Female,26,Sales,Sales Manager,MBA,2,53936,Jaipur,2024-08-21,No,1,No
6227,Priya Mehta,Female,30,HR,Recruiter,B.Tech,3,46342,Delhi,2016-05-15,No,4,Yes
6228,Arjun Singh,Male,36,IT,Developer,Graduate,11,97068,Pune,2015-12-27,No,5,No
6229,Kiran Yadav,Female,29,HR,HR Executive,B.Com,5,50741,Noida,2019-04-11,No,3,No
6230,Amit Yadav,Female,34,IT,Developer,Graduate,12,91282,Bengaluru,2024-08-23,Yes,3,No
6231,Pooja Mehta,Female,25,Finance,Financial Analyst,B.Tech,3,57653,Ahmedabad,2021-03-15,No,3,No
6232,Nisha Verma,Male,36,Sales,Sales Executive,B.Tech,7,60778,Pune,2018-04-28,Yes,4,No
6233,Anjali Gupta,Male,33,IT,Analyst,B.Tech,7,82010,Kolkata,2022-07-22,No,1,No
6234,Neha Kumar,Female,35,IT,Developer,B.Tech,10,89274,Kolkata,2021-04-06,No,5,No
6235,Anjali Kumar,Male,39,Finance,Financial Analyst,B.Com,19,103038,Lucknow,2022-11-17,Yes,1,Yes
6236,Kiran Kumar,Female,33,Finance,Financial Analyst,MBA,7,74480,Pune,2017-05-25,Yes,4,No
6237,Neha Patel,Male,45,Marketing,Marketing Executive,B.Tech,18,93472,Chennai,2015-11-22,Yes,3,No
6238,Nisha Mehta,Male,35,Operations,Operations Executive,B.Tech,6,55724,Jaipur,2016-11-28,No,5,No
6239,Rohan Roy,Female,45,Sales,Sales Manager,Graduate,19,87725,Jaipur,2020-03-18,No,3,Yes
6240,Rohan Patel,Male,38,Sales,Sales Executive,MBA,17,85869,Lucknow,2016-10-11,No,2,Yes
6241,Arjun Joshi,Male,40,HR,Recruiter,Graduate,12,73471,Jaipur,2021-08-15,No,3,No
6242,Pooja Kumar,Male,30,Operations,Supervisor,M.Com,4,50216,Kolkata,2017-07-31,No,5,No
6243,Deepak Verma,Male,39,Operations,Operations Executive,B.Com,15,80314,Jaipur,2022-08-16,Yes,3,No
6244,Nisha Mehta,Female,37,Marketing,Marketing Executive,MBA,12,82543,Chennai,2024-11-01,No,2,Yes
6245,Anjali Singh,Female,37,Operations,Supervisor,B.Com,13,74778,Noida,2016-06-16,No,3,No
6246,Vikas Patel,Male,32,Operations,Supervisor,M.Com,3,54123,Ahmedabad,2023-02-11,No,3,No
6247,Kiran Singh,Male,39,IT,Analyst,M.Com,18,106955,Delhi,2018-06-25,Yes,5,No
6248,Arjun Kumar,Female,28,Marketing,SEO Specialist,B.Com,5,56942,Kolkata,2016-03-27,No,5,No
6249,Rohan Gupta,Male,40,IT,Analyst,B.Com,16,104298,Noida,2020-09-07,No,2,No
6250,Nisha Patel,Female,46,IT,QA Engineer,B.Tech,17,111763,Ahmedabad,2024-04-10,Yes,3,No
6251,Amit Patel,Female,36,Sales,Sales Manager,Graduate,13,78914,Mumbai,2023-10-15,No,3,No
6252,Kiran Kumar,Male,35,IT,Developer,MBA,14,97671,Lucknow,2017-01-28,No,3,Yes
6253,Arjun Kumar,Female,26,Marketing,SEO Specialist,B.Tech,3,57783,Mumbai,2015-12-06,No,5,No
6254,Deepak Gupta,Male,26,Sales,Sales Executive,B.Com,1,48433,Chennai,2016-12-12,No,5,No
6255,Rahul Gupta,Male,41,Marketing,SEO Specialist,B.Tech,16,88866,Kolkata,2020-05-30,No,2,No
6256,Nisha Kumar,Female,34,Sales,Sales Executive,MBA,10,67229,Chennai,2020-08-18,No,2,No
6257,Anjali Sharma,Male,44,Marketing,SEO Specialist,MBA,18,95338,Mumbai,2024-09-13,Yes,2,Yes
6258,Sneha Roy,Female,21,IT,Analyst,MBA,1,63716,Mumbai,2024-08-21,No,4,No
6259,Kiran Yadav,Female,41,Marketing,SEO Specialist,B.Tech,11,72456,Kolkata,2024-10-26,Yes,4,No
6260,Priya Yadav,Male,35,Operations,Supervisor,MBA,12,75139,Kolkata,2022-03-18,Yes,3,No
6261,Sneha Mehta,Female,23,Finance,Financial Analyst,Graduate,1,58823,Lucknow,2016-04-22,No,5,No
6262,Rahul Mehta,Male,30,IT,QA Engineer,M.Com,2,74038,Jaipur,2018-08-27,No,4,No
6263,Amit Verma,Male,30,Operations,Supervisor,Graduate,3,47070,Delhi,2019-09-06,No,4,No
6264,Anjali Singh,Male,45,Sales,Sales Manager,B.Com,17,85327,Ahmedabad,2019-03-08,No,5,No
6265,Amit Roy,Female,30,Sales,Sales Executive,MBA,10,65332,Lucknow,2022-05-31,Yes,5,No
6266,Rahul Patel,Female,35,IT,QA Engineer,Graduate,9,84242,Mumbai,2022-01-07,No,1,Yes
6267,Nisha Sharma,Male,47,Finance,Accountant,B.Com,17,95522,Lucknow,2016-04-14,No,1,Yes
6268,Sneha Kumar,Male,24,IT,Developer,MBA,3,74604,Bengaluru,2022-09-16,No,5,No
6269,Sonia Singh,Female,29,Sales,Sales Executive,M.Com,1,51752,Jaipur,2023-12-12,No,4,Yes
6270,Kiran Sharma,Female,34,Finance,Financial Analyst,B.Tech,14,94186,Delhi,2015-08-06,Yes,1,Yes
6271,Amit Singh,Female,24,Sales,Sales Manager,B.Tech,3,56353,Delhi,2023-03-10,No,2,Yes
6272,Sneha Verma,Male,39,Finance,Accountant,M.Com,19,101979,Pune,2024-03-01,No,2,No
6273,Rahul Kumar,Female,28,Operations,Supervisor,Graduate,4,54098,Noida,2022-07-05,No,1,Yes
6274,Deepak Yadav,Male,29,IT,Analyst,B.Com,8,84809,Pune,2019-08-27,Yes,5,No
6275,Sonia Mehta,Female,42,Sales,Sales Manager,M.Com,20,97728,Delhi,2021-11-29,No,2,No
6276,Anjali Sharma,Female,42,Operations,Operations Executive,Graduate,13,73897,Chennai,2024-07-04,No,3,No
6277,Pooja Patel,Male,44,Sales,Sales Manager,B.Com,15,87162,Bengaluru,2022-02-02,Yes,4,No
6278,Rohan Joshi,Female,26,Marketing,Marketing Executive,MBA,6,65584,Pune,2024-04-25,No,5,No
6279,Arjun Kumar,Male,42,HR,Recruiter,Graduate,15,74376,Noida,2022-09-16,No,3,No
6280,Sonia Mehta,Male,39,HR,HR Executive,MBA,16,82283,Ahmedabad,2015-05-10,No,4,No
6281,Rohan Patel,Female,22,Marketing,SEO Specialist,B.Tech,1,47315,Pune,2015-01-14,No,1,Yes
6282,Pooja Gupta,Male,29,Operations,Operations Executive,Graduate,4,53650,Delhi,2024-04-12,No,4,No
6283,Neha Yadav,Male,33,Marketing,SEO Specialist,B.Tech,8,65160,Noida,2022-03-05,No,4,No
6284,Arjun Yadav,Female,35,Sales,Sales Manager,Graduate,13,72679,Bengaluru,2021-01-29,No,1,Yes
6285,Neha Patel,Male,41,IT,QA Engineer,MBA,14,97712,Lucknow,2019-10-26,Yes,2,Yes
6286,Pooja Joshi,Male,45,Sales,Sales Executive,MBA,17,83677,Ahmedabad,2019-09-01,Yes,1,No
6287,Kiran Verma,Female,37,Finance,Financial Analyst,B.Tech,14,86448,Chennai,2024-05-06,Yes,1,Yes
6288,Arjun Patel,Male,31,IT,QA Engineer,B.Tech,6,83909,Delhi,2022-06-25,No,3,No
6289,Priya Joshi,Male,27,Operations,Supervisor,B.Com,0,41338,Kolkata,2020-04-21,No,4,No
6290,Anjali Yadav,Male,23,Marketing,Marketing Executive,B.Tech,2,56598,Chennai,2023-06-26,No,5,No
6291,Nisha Roy,Female,38,Sales,Sales Manager,B.Com,10,72588,Jaipur,2022-10-06,Yes,1,Yes
6292,Sonia Sharma,Female,29,Finance,Accountant,B.Com,7,73615,Ahmedabad,2024-03-07,Yes,3,No
6293,Vikas Yadav,Male,37,IT,Developer,B.Com,15,100929,Jaipur,2016-09-30,No,5,Yes
6294,Arjun Patel,Male,40,Operations,Operations Executive,M.Com,12,69970,Kolkata,2021-04-28,Yes,4,No
6295,Nisha Mehta,Female,33,Sales,Sales Executive,MBA,9,68957,Noida,2019-07-10,No,1,No
6296,Neha Roy,Male,32,Marketing,SEO Specialist,MBA,2,51759,Bengaluru,2018-05-02,No,2,No
6297,Vikas Kumar,Female,42,Operations,Supervisor,Graduate,17,86320,Bengaluru,2018-03-06,No,3,No
6298,Sonia Patel,Female,44,Operations,Operations Executive,M.Com,20,88581,Delhi,2023-02-16,Yes,4,No
6299,Rohan Kumar,Female,24,HR,HR Executive,MBA,1,41087,Delhi,2017-11-19,No,4,No
6300,Vikas Joshi,Female,32,Finance,Accountant,MBA,12,86142,Kolkata,2023-08-09,No,5,Yes
6301,Rohan Kumar,Male,39,Operations,Operations Executive,M.Com,18,90157,Lucknow,2024-02-01,Yes,1,No
6302,Sonia Yadav,Female,28,IT,Analyst,MBA,0,67285,Bengaluru,2019-04-03,No,4,No
6303,Mohit Gupta,Male,38,Marketing,SEO Specialist,B.Tech,10,75148,Chennai,2015-05-27,Yes,1,Yes
6304,Neha Kumar,Male,35,HR,Recruiter,Graduate,9,63236,Chennai,2024-06-18,No,1,Yes
6305,Amit Joshi,Female,30,Sales,Sales Manager,B.Com,4,51519,Pune,2019-09-13,No,4,No
6306,Anjali Singh,Female,37,Operations,Operations Executive,MBA,15,74943,Mumbai,2018-07-14,No,1,No
6307,Priya Sharma,Male,38,Operations,Operations Executive,B.Tech,10,63500,Pune,2021-03-20,Yes,5,No
6308,Kiran Joshi,Male,29,Finance,Accountant,Graduate,4,66405,Lucknow,2018-09-26,No,5,No
6309,Rohan Yadav,Male,30,Marketing,SEO Specialist,Graduate,2,56186,Delhi,2018-03-01,No,4,No
6310,Sonia Yadav,Male,27,HR,HR Executive,B.Com,1,38566,Chennai,2020-09-09,No,5,No
6311,Sonia Singh,Female,33,IT,Analyst,B.Tech,4,78879,Delhi,2019-10-19,No,4,No
6312,Priya Roy,Male,30,Operations,Supervisor,MBA,2,43175,Jaipur,2019-01-27,No,5,No
6313,Nisha Singh,Female,24,Operations,Operations Executive,MBA,2,47560,Bengaluru,2023-07-02,No,1,Yes
6314,Sonia Verma,Male,32,HR,Recruiter,MBA,10,61093,Delhi,2022-01-04,No,2,Yes
6315,Anjali Verma,Female,32,HR,Recruiter,M.Com,12,68848,Lucknow,2021-10-02,No,2,No
6316,Rahul Gupta,Female,44,Finance,Financial Analyst,Graduate,20,101685,Pune,2015-05-09,Yes,1,No
6317,Nisha Joshi,Male,36,Finance,Financial Analyst,B.Tech,12,89574,Lucknow,2017-08-27,Yes,3,No
6318,Sonia Kumar,Female,29,IT,Developer,B.Com,4,75304,Lucknow,2021-12-21,No,3,No
6319,Mohit Yadav,Female,29,HR,HR Executive,MBA,8,58851,Pune,2024-11-17,Yes,4,No
6320,Neha Singh,Male,36,Operations,Operations Executive,MBA,6,55498,Ahmedabad,2022-01-18,Yes,1,Yes
6321,Kiran Gupta,Male,32,IT,QA Engineer,MBA,6,82690,Mumbai,2016-05-25,Yes,5,Yes
6322,Arjun Sharma,Male,24,HR,Recruiter,B.Com,3,44201,Chennai,2021-06-02,No,5,No
6323,Arjun Joshi,Male,30,IT,QA Engineer,M.Com,7,78265,Delhi,2020-10-15,Yes,5,No
6324,Mohit Singh,Male,28,IT,Analyst,MBA,0,62510,Pune,2022-05-15,No,5,No
6325,Sneha Mehta,Male,48,Sales,Sales Manager,M.Com,20,96908,Chennai,2020-09-01,No,2,No
6326,Rohan Yadav,Female,36,Finance,Financial Analyst,B.Tech,16,97492,Mumbai,2016-12-31,No,4,No
6327,Mohit Patel,Female,45,IT,Developer,B.Com,20,119418,Mumbai,2019-04-12,No,5,No
6328,Rahul Kumar,Female,35,Operations,Supervisor,B.Com,15,76879,Chennai,2019-03-07,No,5,Yes
6329,Deepak Yadav,Male,22,Marketing,Marketing Executive,B.Com,1,50434,Noida,2021-06-19,No,4,No
6330,Rohan Sharma,Male,45,Sales,Sales Executive,B.Tech,19,93350,Kolkata,2023-01-29,No,5,No
6331,Arjun Kumar,Male,34,Sales,Sales Manager,MBA,10,70314,Pune,2024-11-28,No,2,Yes
6332,Vikas Singh,Female,41,Sales,Sales Manager,B.Tech,11,74789,Jaipur,2019-01-11,No,1,Yes
6333,Anjali Singh,Female,39,Finance,Accountant,M.Com,11,81892,Delhi,2023-12-25,No,5,Yes
6334,Nisha Joshi,Female,24,Finance,Financial Analyst,Graduate,3,61707,Jaipur,2017-05-26,No,1,No
6335,Amit Joshi,Female,41,Sales,Sales Manager,B.Tech,16,85765,Pune,2023-10-07,No,2,Yes
6336,Kiran Singh,Female,24,Finance,Accountant,M.Com,0,58750,Bengaluru,2018-03-24,No,5,No
6337,Sonia Yadav,Male,39,Sales,Sales Executive,Graduate,14,82228,Kolkata,2022-04-22,Yes,4,No
6338,Anjali Roy,Male,38,Marketing,SEO Specialist,M.Com,15,81274,Ahmedabad,2022-11-06,No,2,Yes
6339,Sonia Sharma,Female,29,Sales,Sales Executive,MBA,6,59873,Pune,2018-10-16,Yes,1,No
6340,Pooja Yadav,Female,32,IT,QA Engineer,MBA,9,83961,Noida,2020-06-17,No,4,No
6341,Neha Gupta,Male,41,Marketing,SEO Specialist,MBA,16,86840,Jaipur,2016-05-23,Yes,3,Yes
6342,Anjali Roy,Female,28,IT,QA Engineer,B.Com,5,73872,Bengaluru,2023-11-13,No,1,Yes
6343,Neha Mehta,Male,24,Finance,Financial Analyst,M.Com,4,66091,Kolkata,2023-05-29,No,3,No
6344,Rohan Joshi,Male,37,IT,Analyst,M.Com,15,104041,Bengaluru,2021-02-13,No,2,Yes
6345,Sonia Verma,Male,38,HR,HR Executive,B.Com,17,85742,Bengaluru,2023-11-16,No,2,Yes
6346,Rohan Verma,Male,33,Marketing,SEO Specialist,M.Com,5,64680,Pune,2022-11-01,No,2,Yes
6347,Rohan Roy,Female,35,Sales,Sales Executive,M.Com,14,83716,Bengaluru,2017-03-17,No,5,No
6348,Pooja Verma,Female,35,Sales,Sales Executive,B.Com,14,80099,Kolkata,2022-07-24,Yes,4,No
6349,Kiran Singh,Male,35,HR,Recruiter,B.Tech,14,72097,Bengaluru,2016-02-27,Yes,2,Yes
6350,Rohan Singh,Male,34,IT,Analyst,B.Tech,7,81517,Kolkata,2022-06-12,No,5,No
6351,Vikas Verma,Male,34,Marketing,Marketing Executive,B.Com,13,79048,Ahmedabad,2019-02-15,Yes,4,No
6352,Neha Sharma,Male,35,Finance,Financial Analyst,B.Com,10,79260,Kolkata,2018-03-04,No,5,No
6353,Nisha Yadav,Female,37,Marketing,SEO Specialist,B.Com,10,74674,Pune,2023-01-13,No,1,Yes
6354,Deepak Roy,Male,40,Marketing,Marketing Executive,B.Com,18,96084,Ahmedabad,2022-02-27,Yes,5,No
6355,Kiran Verma,Male,46,Operations,Operations Executive,Graduate,17,82497,Noida,2021-06-19,No,1,Yes
6356,Kiran Yadav,Male,34,IT,Analyst,M.Com,12,94595,Ahmedabad,2023-11-11,No,1,No
6357,Amit Gupta,Female,33,Sales,Sales Manager,M.Com,8,66736,Ahmedabad,2022-03-24,Yes,2,No
6358,Sonia Gupta,Male,44,Operations,Supervisor,B.Tech,16,81717,Ahmedabad,2024-03-31,No,5,No
6359,Rohan Verma,Male,25,Sales,Sales Manager,Graduate,5,52966,Bengaluru,2016-09-03,No,2,No
6360,Deepak Kumar,Female,32,IT,QA Engineer,B.Tech,9,90746,Chennai,2023-01-30,Yes,5,Yes
6361,Sneha Roy,Female,45,IT,Developer,B.Com,17,107354,Lucknow,2023-08-20,Yes,1,No
6362,Neha Gupta,Male,47,IT,QA Engineer,B.Com,20,115158,Delhi,2020-06-08,Yes,1,Yes
6363,Rahul Singh,Male,32,Sales,Sales Executive,MBA,12,72905,Ahmedabad,2015-05-26,No,2,Yes
6364,Rohan Kumar,Female,21,Marketing,Marketing Executive,B.Com,0,49362,Lucknow,2021-11-28,No,5,No
6365,Amit Mehta,Male,31,Sales,Sales Executive,MBA,11,74689,Bengaluru,2024-09-18,No,5,No
6366,Arjun Roy,Female,39,Sales,Sales Executive,B.Tech,18,88603,Noida,2019-02-28,Yes,1,No
6367,Deepak Singh,Female,32,Marketing,Marketing Executive,B.Com,6,62172,Mumbai,2016-02-08,Yes,1,No
6368,Amit Singh,Female,29,IT,Developer,MBA,5,74346,Pune,2023-05-10,No,2,No
6369,Nisha Mehta,Female,28,IT,Developer,B.Tech,6,76983,Mumbai,2023-01-14,Yes,2,No
6370,Vikas Singh,Male,32,Finance,Accountant,Graduate,7,68093,Chennai,2023-10-07,No,2,Yes
6371,Arjun Kumar,Female,33,Marketing,Marketing Executive,B.Tech,10,70325,Pune,2020-08-19,No,1,Yes
6372,Anjali Yadav,Male,31,Operations,Operations Executive,Graduate,10,66991,Noida,2023-11-03,No,1,No
6373,Deepak Yadav,Male,41,Marketing,SEO Specialist,Graduate,20,94769,Noida,2023-03-16,No,3,No
6374,Deepak Sharma,Male,30,Operations,Supervisor,B.Tech,9,59520,Lucknow,2021-04-12,No,3,No
6375,Priya Yadav,Female,34,Finance,Financial Analyst,MBA,4,60486,Chennai,2016-12-23,No,1,No
6376,Kiran Gupta,Male,46,IT,Analyst,B.Tech,19,109643,Jaipur,2016-06-01,No,3,No
6377,Deepak Joshi,Female,43,Operations,Supervisor,B.Tech,14,73549,Delhi,2016-08-06,No,4,No
6378,Arjun Kumar,Male,27,HR,Recruiter,B.Com,7,58204,Ahmedabad,2017-04-07,Yes,5,No
6379,Mohit Yadav,Female,44,HR,HR Executive,B.Com,14,73238,Mumbai,2021-02-22,Yes,1,Yes
6380,Rahul Yadav,Male,26,HR,HR Executive,M.Com,4,53898,Jaipur,2018-01-03,No,3,No
6381,Rahul Gupta,Male,33,Marketing,SEO Specialist,B.Com,8,63995,Noida,2022-04-26,Yes,1,Yes
6382,Kiran Roy,Male,26,Marketing,Marketing Executive,B.Tech,0,43215,Ahmedabad,2022-03-26,No,3,No
6383,Rahul Joshi,Female,40,HR,HR Executive,MBA,10,67119,Jaipur,2016-01-29,No,3,No
6384,Priya Mehta,Male,37,Marketing,SEO Specialist,MBA,16,88138,Delhi,2019-01-11,No,2,Yes
6385,Neha Sharma,Male,42,Marketing,Marketing Executive,Graduate,20,99840,Kolkata,2017-03-18,No,5,No
6386,Priya Patel,Male,24,Sales,Sales Manager,Graduate,4,55951,Lucknow,2021-11-21,No,4,No
6387,Kiran Patel,Female,37,Marketing,Marketing Executive,B.Com,11,76340,Lucknow,2024-02-22,Yes,5,No
6388,Pooja Gupta,Male,32,HR,Recruiter,B.Tech,8,59928,Lucknow,2023-06-20,No,5,No
6389,Nisha Joshi,Female,40,Sales,Sales Manager,B.Com,19,90491,Bengaluru,2024-01-16,No,5,No
6390,Arjun Mehta,Female,26,Sales,Sales Manager,B.Tech,4,58415,Mumbai,2022-02-16,No,2,Yes
6391,Amit Joshi,Female,45,Finance,Financial Analyst,M.Com,19,101097,Kolkata,2022-04-02,Yes,1,No
6392,Amit Gupta,Male,36,Operations,Operations Executive,B.Tech,12,68100,Noida,2016-11-21,No,4,No
6393,Rahul Verma,Female,24,IT,Developer,Graduate,3,75756,Jaipur,2018-03-02,No,5,No
6394,Deepak Verma,Female,36,Finance,Accountant,B.Tech,11,83892,Chennai,2015-07-18,Yes,2,No
6395,Deepak Gupta,Female,27,HR,Recruiter,B.Com,2,46495,Bengaluru,2022-06-22,No,3,Yes
6396,Kiran Joshi,Male,34,HR,Recruiter,MBA,8,62258,Lucknow,2016-08-19,No,2,Yes
6397,Vikas Yadav,Female,38,Finance,Financial Analyst,M.Com,14,86662,Jaipur,2019-10-01,No,4,No
6398,Neha Roy,Female,26,Sales,Sales Executive,Graduate,0,43483,Delhi,2018-10-25,No,2,Yes
6399,Rohan Joshi,Male,44,Finance,Financial Analyst,MBA,18,102529,Pune,2024-12-05,Yes,5,No
6400,Sneha Yadav,Male,32,Sales,Sales Executive,B.Com,9,69431,Pune,2018-07-16,No,5,No
6401,Priya Verma,Male,43,Finance,Financial Analyst,Graduate,19,104774,Noida,2023-04-07,Yes,4,No
6402,Rohan Gupta,Male,43,HR,HR Executive,MBA,15,79463,Lucknow,2019-02-15,No,4,No
6403,Arjun Yadav,Male,29,Marketing,Marketing Executive,B.Com,3,56439,Bengaluru,2024-12-10,No,3,No
6404,Nisha Yadav,Female,37,Finance,Financial Analyst,M.Com,9,80593,Delhi,2019-02-28,No,4,Yes
6405,Rahul Roy,Male,35,IT,Developer,B.Com,12,92768,Mumbai,2019-07-16,No,3,No
6406,Anjali Verma,Female,37,HR,HR Executive,M.Com,14,76719,Delhi,2019-11-18,Yes,4,No
6407,Kiran Roy,Female,32,Finance,Financial Analyst,Graduate,5,70607,Bengaluru,2019-08-21,No,2,No
6408,Rahul Yadav,Male,39,Finance,Accountant,MBA,13,88277,Pune,2015-04-25,Yes,4,No
6409,Anjali Yadav,Male,42,Sales,Sales Manager,B.Com,18,90559,Mumbai,2021-09-01,No,4,No
6410,Nisha Roy,Female,27,Finance,Accountant,B.Com,3,66106,Pune,2021-09-04,No,1,Yes
6411,Sneha Yadav,Male,46,IT,Analyst,M.Com,16,100277,Delhi,2017-09-05,Yes,4,No
6412,Mohit Yadav,Male,29,Sales,Sales Executive,M.Com,6,55659,Chennai,2021-01-02,Yes,5,No
6413,Neha Sharma,Male,29,Finance,Accountant,Graduate,5,71470,Kolkata,2023-04-25,No,5,No
6414,Nisha Patel,Male,39,Marketing,Marketing Executive,B.Tech,14,86649,Bengaluru,2023-07-27,No,4,No
6415,Sonia Sharma,Male,33,HR,Recruiter,MBA,12,71488,Lucknow,2016-02-05,No,4,No
6416,Rohan Mehta,Male,41,Sales,Sales Executive,B.Com,16,83175,Kolkata,2024-01-27,Yes,5,No
6417,Sneha Mehta,Female,40,HR,Recruiter,Graduate,10,67839,Mumbai,2020-11-11,No,3,No
6418,Anjali Joshi,Male,41,Sales,Sales Executive,B.Tech,18,93219,Bengaluru,2021-09-23,Yes,4,Yes
6419,Arjun Sharma,Male,33,Sales,Sales Executive,B.Com,8,68870,Chennai,2019-11-28,No,5,Yes
6420,Arjun Mehta,Female,30,Sales,Sales Executive,B.Tech,4,51227,Lucknow,2023-11-24,No,3,No
6421,Mohit Singh,Male,46,Operations,Supervisor,MBA,20,93956,Ahmedabad,2016-03-28,Yes,2,Yes
6422,Vikas Mehta,Female,44,Marketing,Marketing Executive,M.Com,18,91745,Chennai,2017-03-24,No,1,No
6423,Rohan Verma,Male,37,Operations,Operations Executive,M.Com,10,62649,Mumbai,2022-11-29,Yes,1,No
6424,Rohan Verma,Male,28,Marketing,Marketing Executive,B.Tech,5,60771,Ahmedabad,2024-07-25,No,4,No
6425,Priya Mehta,Male,25,HR,Recruiter,Graduate,5,52787,Jaipur,2016-06-11,No,4,No
6426,Rahul Patel,Male,33,Marketing,SEO Specialist,M.Com,5,62886,Bengaluru,2020-01-14,No,2,No
6427,Anjali Sharma,Male,33,Operations,Operations Executive,B.Com,10,63952,Jaipur,2022-11-14,No,1,Yes
6428,Rohan Gupta,Male,46,HR,Recruiter,Graduate,17,84646,Jaipur,2018-08-15,Yes,4,No
6429,Arjun Singh,Female,28,Operations,Operations Executive,Graduate,3,51474,Pune,2015-03-19,No,2,Yes
6430,Anjali Kumar,Female,28,Operations,Supervisor,B.Com,5,50639,Bengaluru,2017-07-22,No,2,Yes
6431,Amit Verma,Female,27,Finance,Financial Analyst,MBA,7,76388,Delhi,2017-03-20,No,1,Yes
6432,Rohan Kumar,Male,32,Finance,Financial Analyst,B.Com,4,69997,Lucknow,2023-05-13,No,3,No
6433,Neha Singh,Male,41,HR,Recruiter,MBA,20,92058,Jaipur,2021-07-23,No,5,No
6434,Vikas Yadav,Female,42,Finance,Financial Analyst,M.Com,17,101152,Jaipur,2023-05-03,No,4,No
6435,Amit Verma,Female,33,Marketing,SEO Specialist,M.Com,4,56403,Bengaluru,2017-05-05,No,1,No
6436,Arjun Roy,Female,31,Finance,Accountant,B.Tech,8,78316,Bengaluru,2016-11-15,No,3,Yes
6437,Rahul Singh,Female,35,Operations,Operations Executive,B.Com,10,66156,Bengaluru,2020-05-17,No,2,No
6438,Kiran Mehta,Female,37,IT,QA Engineer,B.Com,17,108207,Pune,2023-12-26,No,3,No
6439,Sneha Verma,Female,31,HR,HR Executive,B.Com,3,49472,Kolkata,2023-01-09,No,1,Yes
6440,Amit Joshi,Female,39,Sales,Sales Executive,B.Com,12,76941,Jaipur,2017-01-12,No,1,No
6441,Nisha Gupta,Male,37,Sales,Sales Executive,M.Com,9,72081,Pune,2017-06-04,No,3,No
6442,Arjun Mehta,Female,44,Sales,Sales Executive,B.Tech,14,76303,Bengaluru,2023-10-03,Yes,4,No
6443,Rohan Mehta,Male,33,Sales,Sales Executive,B.Com,11,77096,Ahmedabad,2017-12-09,Yes,2,Yes
6444,Sneha Mehta,Male,39,Sales,Sales Manager,M.Com,10,67832,Kolkata,2022-12-27,Yes,1,No
6445,Neha Patel,Female,43,Finance,Accountant,M.Com,19,103724,Kolkata,2018-08-13,Yes,1,No
6446,Vikas Kumar,Male,38,Operations,Supervisor,M.Com,14,73939,Pune,2024-11-12,Yes,1,Yes
6447,Sneha Roy,Male,30,HR,Recruiter,M.Com,5,55575,Jaipur,2018-10-12,No,5,No
6448,Rohan Gupta,Male,32,Finance,Financial Analyst,Graduate,6,65460,Lucknow,2022-08-02,Yes,2,No
6449,Mohit Gupta,Male,44,Sales,Sales Executive,B.Com,15,86969,Chennai,2017-12-23,Yes,5,No
6450,Mohit Kumar,Male,39,Finance,Accountant,M.Com,16,92599,Noida,2023-11-09,No,4,No
6451,Rohan Roy,Male,40,HR,HR Executive,MBA,11,69361,Ahmedabad,2020-09-18,No,1,No
6452,Neha Yadav,Male,28,IT,Developer,B.Tech,4,73114,Chennai,2021-01-22,No,4,No
6453,Anjali Roy,Female,46,Finance,Accountant,M.Com,19,98559,Pune,2022-07-06,Yes,5,No
6454,Mohit Yadav,Female,39,HR,HR Executive,Graduate,10,63249,Kolkata,2016-08-05,No,5,Yes
6455,Amit Kumar,Female,39,Operations,Supervisor,Graduate,18,91273,Kolkata,2023-08-21,Yes,2,No
6456,Sneha Patel,Male,40,IT,Developer,B.Com,10,94096,Lucknow,2022-02-10,No,5,No
6457,Mohit Roy,Male,31,Marketing,SEO Specialist,M.Com,9,65523,Lucknow,2017-10-25,Yes,3,No
6458,Sneha Verma,Female,39,Finance,Accountant,B.Tech,14,88727,Noida,2015-11-09,No,5,No
6459,Mohit Singh,Male,33,IT,QA Engineer,B.Tech,6,78337,Bengaluru,2024-05-31,No,2,No
6460,Priya Gupta,Female,46,Sales,Sales Executive,B.Com,17,83485,Mumbai,2023-12-06,Yes,2,Yes
6461,Pooja Yadav,Male,37,HR,HR Executive,MBA,10,68304,Delhi,2018-02-04,Yes,4,No
6462,Vikas Kumar,Male,34,Sales,Sales Manager,M.Com,4,58364,Lucknow,2016-05-07,No,4,Yes
6463,Rohan Verma,Female,32,IT,Analyst,M.Com,2,67065,Mumbai,2016-09-21,No,2,Yes
6464,Nisha Yadav,Female,24,Marketing,SEO Specialist,M.Com,4,59944,Delhi,2017-12-02,No,4,No
6465,Anjali Gupta,Female,34,IT,Developer,B.Com,14,102206,Kolkata,2019-03-15,Yes,1,Yes
6466,Neha Singh,Female,29,Operations,Supervisor,Graduate,4,54423,Kolkata,2017-04-23,No,5,No
6467,Sonia Gupta,Female,46,Sales,Sales Executive,B.Tech,20,91751,Kolkata,2015-11-28,No,1,No
6468,Mohit Patel,Female,31,Marketing,Marketing Executive,B.Com,3,57534,Ahmedabad,2017-04-21,No,2,Yes
6469,Sonia Singh,Male,43,HR,HR Executive,Graduate,18,87812,Delhi,2024-04-18,Yes,1,Yes
6470,Sonia Joshi,Female,36,Sales,Sales Executive,Graduate,15,86859,Pune,2019-11-10,No,3,Yes
6471,Pooja Singh,Male,28,Finance,Accountant,MBA,0,56831,Ahmedabad,2024-06-30,No,1,No
6472,Rahul Verma,Female,31,Operations,Operations Executive,B.Tech,9,63059,Ahmedabad,2020-01-02,No,4,No
6473,Pooja Kumar,Male,24,HR,Recruiter,M.Com,2,46451,Chennai,2022-11-28,No,1,No
6474,Rohan Mehta,Male,33,IT,Analyst,M.Com,7,79695,Pune,2016-08-02,Yes,1,No
6475,Neha Mehta,Male,33,HR,HR Executive,MBA,4,53200,Noida,2020-08-19,No,4,No
6476,Nisha Mehta,Female,40,Marketing,Marketing Executive,M.Com,12,81900,Pune,2017-02-24,No,3,No
6477,Sneha Joshi,Female,36,Finance,Accountant,B.Com,9,81101,Kolkata,2016-08-02,No,5,No
6478,Mohit Mehta,Male,38,Finance,Accountant,MBA,17,96048,Chennai,2023-07-18,Yes,2,No
6479,Rohan Patel,Female,39,IT,Developer,B.Tech,14,100016,Bengaluru,2019-03-06,No,1,No
6480,Deepak Joshi,Female,35,Finance,Accountant,M.Com,10,78148,Delhi,2017-04-05,Yes,2,Yes
6481,Kiran Roy,Male,44,IT,Developer,M.Com,20,119566,Kolkata,2016-03-06,Yes,5,No
6482,Nisha Sharma,Female,45,Finance,Accountant,B.Tech,16,96892,Lucknow,2022-09-20,No,4,No
6483,Priya Roy,Female,37,Sales,Sales Executive,MBA,10,74938,Jaipur,2017-08-01,No,3,No
6484,Kiran Singh,Female,43,Operations,Operations Executive,MBA,18,85295,Jaipur,2021-05-21,Yes,4,No
6485,Amit Joshi,Male,31,Marketing,Marketing Executive,MBA,10,72753,Lucknow,2024-10-24,Yes,2,Yes
6486,Nisha Sharma,Female,41,Operations,Supervisor,MBA,16,80862,Kolkata,2021-09-29,Yes,3,No
6487,Rohan Mehta,Female,46,Operations,Supervisor,M.Com,19,84861,Kolkata,2017-04-20,Yes,4,No
6488,Sneha Joshi,Male,36,IT,QA Engineer,B.Com,13,100532,Pune,2015-10-11,Yes,4,No
6489,Amit Gupta,Female,37,HR,HR Executive,B.Tech,17,82325,Chennai,2015-04-16,No,3,No
6490,Anjali Sharma,Male,39,Sales,Sales Manager,Graduate,19,94203,Delhi,2022-02-07,Yes,1,Yes
6491,Priya Roy,Female,31,Operations,Operations Executive,B.Com,11,65453,Noida,2021-12-14,No,5,No
6492,Sneha Verma,Female,39,Finance,Accountant,Graduate,15,87599,Lucknow,2020-04-23,No,5,No
6493,Mohit Mehta,Male,34,Operations,Operations Executive,M.Com,9,60549,Ahmedabad,2022-09-25,No,4,No
6494,Mohit Kumar,Female,30,HR,Recruiter,B.Tech,1,44956,Ahmedabad,2024-07-14,No,3,No
6495,Amit Roy,Male,48,HR,Recruiter,B.Tech,18,88878,Ahmedabad,2023-09-06,Yes,5,No
6496,Deepak Sharma,Male,43,Marketing,Marketing Executive,B.Com,13,77042,Pune,2016-02-15,No,4,No
6497,Arjun Yadav,Female,25,IT,Analyst,MBA,5,79181,Chennai,2015-03-30,No,3,No
6498,Rahul Mehta,Male,33,Marketing,Marketing Executive,B.Com,7,61890,Jaipur,2023-02-11,No,5,No
6499,Deepak Mehta,Male,46,IT,Developer,MBA,16,100074,Noida,2024-10-12,No,2,Yes
6500,Kiran Roy,Male,33,Sales,Sales Manager,MBA,3,50140,Chennai,2023-10-13,No,2,No
6501,Rahul Verma,Male,42,Operations,Operations Executive,B.Tech,20,92651,Pune,2019-08-29,Yes,4,No
6502,Nisha Kumar,Male,32,IT,Developer,Graduate,10,91973,Ahmedabad,2021-01-18,No,1,Yes
6503,Rohan Verma,Male,44,IT,QA Engineer,M.Com,16,109199,Lucknow,2015-12-24,Yes,1,Yes
6504,Sneha Kumar,Female,23,IT,Developer,B.Tech,3,68768,Delhi,2022-03-01,No,1,Yes
6505,Mohit Gupta,Male,47,HR,HR Executive,Graduate,18,81310,Noida,2020-08-28,Yes,1,No
6506,Amit Singh,Female,30,Sales,Sales Executive,MBA,0,44960,Kolkata,2016-10-23,No,1,Yes
6507,Pooja Roy,Male,30,Finance,Accountant,B.Com,10,83540,Delhi,2017-03-10,No,2,Yes
6508,Amit Patel,Male,48,Finance,Financial Analyst,Graduate,19,99051,Bengaluru,2016-03-16,Yes,3,No
6509,Sonia Yadav,Female,34,HR,HR Executive,Graduate,8,63815,Chennai,2020-07-19,Yes,5,No
6510,Deepak Kumar,Male,40,Sales,Sales Manager,B.Tech,17,87347,Pune,2021-09-07,Yes,5,No
6511,Sneha Kumar,Male,29,Finance,Accountant,MBA,5,70249,Bengaluru,2023-05-03,No,5,No
6512,Nisha Yadav,Male,30,Finance,Financial Analyst,Graduate,10,84456,Lucknow,2019-09-24,Yes,1,No
6513,Neha Roy,Female,38,Marketing,Marketing Executive,M.Com,10,77054,Ahmedabad,2020-01-19,Yes,1,Yes
6514,Neha Sharma,Female,41,Sales,Sales Manager,MBA,15,84600,Delhi,2024-02-07,Yes,2,No
6515,Deepak Mehta,Male,27,IT,Developer,B.Tech,0,63387,Chennai,2019-05-19,No,3,No
6516,Nisha Singh,Female,37,Finance,Financial Analyst,B.Com,17,92653,Delhi,2021-04-18,No,4,No
6517,Rohan Mehta,Female,41,HR,HR Executive,B.Tech,16,79020,Bengaluru,2015-09-06,Yes,3,No
6518,Rahul Yadav,Female,36,Sales,Sales Executive,B.Com,7,61795,Lucknow,2019-06-26,No,3,No
6519,Neha Gupta,Female,46,HR,Recruiter,MBA,18,81761,Chennai,2022-11-09,Yes,2,No
6520,Sneha Mehta,Male,41,Operations,Supervisor,Graduate,19,92071,Jaipur,2015-12-31,No,4,No
6521,Mohit Roy,Female,22,HR,HR Executive,B.Com,1,40859,Ahmedabad,2024-03-20,No,1,Yes
6522,Nisha Roy,Male,46,Operations,Supervisor,MBA,19,93093,Lucknow,2015-08-28,No,5,No
6523,Amit Joshi,Female,29,Marketing,SEO Specialist,M.Com,9,66348,Jaipur,2017-02-04,No,5,No
6524,Deepak Gupta,Male,32,Operations,Supervisor,MBA,12,72476,Kolkata,2024-01-07,No,1,Yes
6525,Rohan Singh,Male,46,Marketing,Marketing Executive,MBA,19,93737,Bengaluru,2019-12-16,Yes,4,No
6526,Sonia Verma,Female,43,HR,HR Executive,B.Com,13,69206,Delhi,2020-08-03,Yes,4,No
6527,Rohan Roy,Female,30,Sales,Sales Executive,B.Tech,7,58418,Kolkata,2024-06-22,Yes,1,No
6528,Kiran Patel,Female,30,Sales,Sales Manager,Graduate,10,67794,Lucknow,2023-06-17,No,2,Yes
6529,Amit Roy,Male,31,Finance,Financial Analyst,B.Com,11,81075,Kolkata,2022-12-08,No,4,No
6530,Rahul Singh,Male,38,IT,Analyst,MBA,16,107146,Jaipur,2016-08-09,Yes,5,No
6531,Sneha Roy,Female,28,IT,Developer,B.Com,1,69472,Jaipur,2022-12-27,No,4,No
6532,Sneha Mehta,Female,36,Marketing,SEO Specialist,B.Com,14,84019,Bengaluru,2017-09-29,No,1,No
6533,Sonia Roy,Male,34,Marketing,Marketing Executive,Graduate,4,56449,Pune,2015-02-02,No,1,No
6534,Kiran Singh,Female,35,Sales,Sales Manager,M.Com,14,75963,Lucknow,2019-08-06,No,5,No
6535,Deepak Yadav,Female,37,Marketing,Marketing Executive,M.Com,16,91615,Noida,2024-01-04,No,5,No
6536,Mohit Patel,Female,35,Operations,Operations Executive,B.Com,14,74166,Noida,2020-01-21,Yes,3,No
6537,Rohan Patel,Male,43,Operations,Supervisor,MBA,15,77114,Bengaluru,2021-02-18,Yes,4,No
6538,Pooja Joshi,Female,33,HR,HR Executive,Graduate,5,56051,Kolkata,2024-07-17,No,3,No
6539,Sneha Roy,Male,35,Finance,Accountant,MBA,14,93003,Kolkata,2022-08-25,Yes,3,No
6540,Mohit Yadav,Male,43,HR,Recruiter,B.Tech,17,86016,Pune,2023-03-12,Yes,2,Yes
6541,Mohit Joshi,Male,21,Finance,Financial Analyst,MBA,0,52007,Mumbai,2021-07-24,No,2,No
6542,Anjali Yadav,Female,45,Sales,Sales Executive,Graduate,18,91676,Pune,2024-02-24,Yes,1,No
6543,Neha Singh,Male,29,HR,Recruiter,M.Com,0,43736,Noida,2019-01-29,No,4,No
6544,Kiran Sharma,Male,30,Marketing,SEO Specialist,B.Com,4,58498,Bengaluru,2020-02-11,No,2,Yes
6545,Arjun Joshi,Male,39,Finance,Accountant,Graduate,13,88354,Pune,2018-03-07,Yes,4,No
6546,Rahul Singh,Male,37,Finance,Accountant,B.Tech,8,77393,Chennai,2020-07-23,Yes,2,Yes
6547,Neha Verma,Male,40,Marketing,Marketing Executive,B.Com,14,82928,Noida,2024-09-21,No,1,Yes
6548,Pooja Roy,Male,44,IT,Analyst,M.Com,18,113609,Mumbai,2016-11-22,No,2,No
6549,Deepak Verma,Male,27,IT,Developer,M.Com,0,61380,Jaipur,2019-02-07,No,1,Yes
6550,Anjali Roy,Female,42,Marketing,SEO Specialist,B.Tech,18,97966,Ahmedabad,2017-04-22,No,3,No
6551,Deepak Gupta,Female,29,IT,Analyst,B.Com,5,77935,Jaipur,2021-06-02,No,4,No
6552,Nisha Mehta,Male,35,Marketing,Marketing Executive,M.Com,8,65577,Ahmedabad,2015-10-10,Yes,4,No
6553,Rohan Kumar,Female,36,HR,HR Executive,B.Com,15,78811,Jaipur,2018-03-20,No,5,No
6554,Sneha Patel,Female,29,IT,Analyst,Graduate,5,80577,Mumbai,2021-07-23,No,1,No
6555,Vikas Mehta,Male,28,HR,HR Executive,B.Tech,1,41300,Mumbai,2015-06-24,No,1,Yes
6556,Priya Kumar,Female,49,IT,QA Engineer,B.Com,19,117335,Chennai,2020-05-27,Yes,4,No
6557,Sneha Mehta,Male,36,Marketing,SEO Specialist,Graduate,7,62156,Chennai,2021-10-23,No,5,No
6558,Neha Mehta,Male,37,Operations,Operations Executive,MBA,9,62504,Bengaluru,2024-12-09,Yes,3,No
6559,Anjali Verma,Female,34,Finance,Accountant,Graduate,14,85294,Jaipur,2017-05-29,Yes,4,No
6560,Rahul Yadav,Male,35,IT,Developer,M.Com,15,104696,Pune,2021-04-16,Yes,2,Yes
6561,Pooja Sharma,Female,26,Sales,Sales Executive,M.Com,1,47118,Lucknow,2020-09-09,No,4,No
6562,Sneha Roy,Male,29,IT,QA Engineer,Graduate,9,82628,Bengaluru,2018-04-14,Yes,1,Yes
6563,Priya Verma,Female,31,HR,Recruiter,B.Com,4,52954,Mumbai,2023-11-30,No,1,Yes
6564,Kiran Singh,Male,40,Operations,Supervisor,B.Tech,17,89104,Delhi,2020-08-19,No,2,No
6565,Priya Kumar,Female,39,HR,HR Executive,M.Com,15,76161,Jaipur,2023-02-25,No,2,Yes
6566,Nisha Kumar,Female,43,HR,Recruiter,M.Com,20,90234,Mumbai,2018-02-17,Yes,4,No
6567,Arjun Verma,Male,31,IT,Developer,B.Tech,5,77194,Pune,2024-09-10,No,4,No
6568,Vikas Singh,Female,46,IT,Analyst,B.Tech,20,110720,Kolkata,2019-12-30,Yes,2,Yes
6569,Kiran Mehta,Male,39,IT,Developer,B.Com,9,86958,Mumbai,2024-01-11,No,1,No
6570,Sneha Kumar,Female,28,Sales,Sales Executive,B.Com,4,51793,Kolkata,2018-12-30,No,2,No
6571,Deepak Sharma,Male,24,IT,QA Engineer,MBA,4,73610,Chennai,2017-12-08,No,5,No
6572,Rohan Joshi,Female,40,IT,Analyst,B.Tech,13,99689,Bengaluru,2018-12-02,Yes,5,No
6573,Rahul Verma,Male,31,Operations,Operations Executive,B.Tech,9,69337,Kolkata,2019-10-21,No,4,No
6574,Anjali Mehta,Male,33,IT,Analyst,Graduate,6,80783,Pune,2022-02-04,Yes,3,No
6575,Rohan Gupta,Female,27,Marketing,SEO Specialist,B.Com,6,59754,Jaipur,2024-08-23,Yes,4,No
6576,Sneha Joshi,Male,38,Finance,Accountant,B.Com,11,78072,Pune,2020-05-15,No,3,No
6577,Sneha Sharma,Female,30,IT,Developer,MBA,7,83497,Lucknow,2023-12-09,No,4,No
6578,Deepak Kumar,Male,30,Marketing,Marketing Executive,MBA,9,66401,Mumbai,2019-12-12,No,2,No
6579,Arjun Yadav,Male,29,HR,HR Executive,M.Com,2,43743,Kolkata,2024-07-13,No,5,No
6580,Sonia Patel,Female,48,Finance,Financial Analyst,MBA,20,106780,Chennai,2015-03-09,No,4,No
6581,Pooja Joshi,Male,47,Operations,Supervisor,B.Com,19,91922,Noida,2016-02-08,No,3,No
6582,Sneha Sharma,Male,22,HR,HR Executive,MBA,0,43609,Ahmedabad,2017-04-30,No,3,No
6583,Deepak Kumar,Male,28,Sales,Sales Executive,Graduate,6,61366,Pune,2019-06-12,No,5,No
6584,Nisha Joshi,Female,26,Operations,Operations Executive,Graduate,0,42290,Kolkata,2017-08-29,No,2,Yes
6585,Deepak Patel,Female,36,Finance,Financial Analyst,B.Tech,12,81816,Chennai,2019-04-28,No,1,Yes
6586,Vikas Joshi,Male,35,IT,Developer,Graduate,6,81805,Kolkata,2021-04-18,No,3,No
6587,Amit Sharma,Female,24,HR,Recruiter,MBA,0,42460,Chennai,2016-10-18,No,1,Yes
6588,Priya Mehta,Female,30,HR,HR Executive,Graduate,6,57528,Mumbai,2015-03-29,No,2,Yes
6589,Kiran Yadav,Male,24,Marketing,Marketing Executive,M.Com,0,47462,Delhi,2016-08-16,No,2,No
6590,Kiran Mehta,Male,30,HR,HR Executive,Graduate,0,43061,Mumbai,2021-12-30,No,2,No
6591,Deepak Joshi,Male,41,Operations,Supervisor,B.Com,20,87642,Bengaluru,2019-08-27,Yes,1,No
6592,Pooja Roy,Male,45,Marketing,SEO Specialist,M.Com,15,80928,Jaipur,2022-11-05,No,3,No
6593,Rahul Kumar,Female,28,Operations,Operations Executive,M.Com,7,55043,Lucknow,2021-09-10,Yes,1,No
6594,Arjun Gupta,Male,29,Operations,Operations Executive,M.Com,7,62247,Jaipur,2023-09-12,No,1,Yes
6595,Nisha Patel,Female,29,IT,Analyst,B.Com,6,77087,Pune,2021-07-10,Yes,4,No
6596,Sonia Singh,Male,45,HR,Recruiter,Graduate,15,77193,Jaipur,2019-08-28,Yes,5,No
6597,Deepak Gupta,Male,43,Operations,Supervisor,B.Tech,16,83282,Kolkata,2016-10-28,Yes,2,No
6598,Sonia Mehta,Male,39,Sales,Sales Executive,Graduate,16,86600,Mumbai,2024-03-22,Yes,2,No
6599,Arjun Gupta,Male,37,Marketing,SEO Specialist,MBA,10,77096,Pune,2017-05-04,No,5,No
6600,Vikas Patel,Male,34,Sales,Sales Executive,Graduate,4,52150,Noida,2016-06-21,No,2,No
6601,Sonia Roy,Female,44,Sales,Sales Manager,M.Com,20,92312,Delhi,2023-10-17,No,2,No
6602,Rahul Singh,Female,33,Operations,Operations Executive,B.Com,12,69479,Bengaluru,2017-09-02,No,3,No
6603,Priya Singh,Male,47,IT,Analyst,B.Com,19,115887,Jaipur,2021-05-11,No,5,No
6604,Rohan Mehta,Female,38,Sales,Sales Manager,Graduate,12,78471,Noida,2022-06-16,No,1,No
6605,Nisha Mehta,Female,43,Finance,Financial Analyst,B.Com,13,89496,Ahmedabad,2023-12-27,No,1,Yes
6606,Rahul Mehta,Male,37,Finance,Accountant,M.Com,13,89509,Ahmedabad,2021-09-15,Yes,5,No
6607,Anjali Yadav,Female,35,Operations,Operations Executive,B.Tech,9,64050,Bengaluru,2024-01-04,No,5,No
6608,Sneha Kumar,Male,39,Finance,Accountant,MBA,17,93169,Ahmedabad,2019-05-02,No,1,Yes
6609,Rahul Singh,Female,30,IT,QA Engineer,M.Com,8,80757,Delhi,2024-10-26,Yes,3,No
6610,Sonia Sharma,Male,37,Sales,Sales Executive,Graduate,15,83692,Pune,2024-12-13,No,4,No
6611,Arjun Singh,Male,31,HR,HR Executive,Graduate,8,58289,Lucknow,2015-03-14,No,1,No
6612,Sneha Gupta,Female,28,IT,Developer,M.Com,5,80734,Mumbai,2024-08-06,No,5,No
6613,Rohan Patel,Female,31,Finance,Accountant,M.Com,3,59522,Jaipur,2015-10-18,No,1,Yes
6614,Sneha Singh,Female,36,Finance,Financial Analyst,B.Tech,12,87092,Noida,2022-06-17,No,2,No
6615,Sonia Singh,Male,37,IT,Analyst,Graduate,12,94097,Lucknow,2018-01-21,No,4,No
6616,Sonia Sharma,Male,35,IT,Developer,B.Com,7,84870,Kolkata,2020-07-11,No,4,No
6617,Vikas Verma,Female,33,Sales,Sales Executive,B.Com,8,60917,Noida,2018-10-26,Yes,4,No
6618,Amit Verma,Male,31,IT,Analyst,M.Com,6,79867,Delhi,2019-05-28,Yes,2,No
6619,Deepak Mehta,Female,40,IT,Developer,MBA,20,118160,Noida,2019-06-09,No,1,Yes
6620,Nisha Yadav,Female,49,Finance,Financial Analyst,Graduate,19,104745,Delhi,2015-02-27,No,4,Yes
6621,Pooja Joshi,Female,39,Sales,Sales Executive,M.Com,10,68874,Noida,2018-01-26,No,1,No
6622,Vikas Kumar,Male,39,Sales,Sales Executive,B.Tech,19,90559,Lucknow,2024-11-20,No,5,No
6623,Mohit Joshi,Male,38,Sales,Sales Executive,M.Com,14,76758,Jaipur,2022-02-06,No,5,No
6624,Nisha Singh,Female,33,HR,Recruiter,B.Com,7,56316,Pune,2022-12-16,No,3,Yes
6625,Mohit Sharma,Male,30,HR,Recruiter,MBA,7,56570,Pune,2023-12-06,Yes,4,No
6626,Rohan Joshi,Female,36,IT,Analyst,M.Com,12,94544,Noida,2016-01-26,No,3,No
6627,Sneha Yadav,Male,35,Sales,Sales Manager,B.Tech,5,60763,Delhi,2018-09-04,No,4,No
6628,Vikas Sharma,Male,44,Operations,Operations Executive,MBA,15,78633,Lucknow,2024-12-04,No,5,No
6629,Rohan Mehta,Male,27,Finance,Financial Analyst,Graduate,1,53002,Bengaluru,2016-11-09,No,2,No
6630,Amit Sharma,Female,27,Finance,Accountant,MBA,1,60498,Noida,2024-02-24,No,3,No
6631,Kiran Mehta,Female,45,Operations,Supervisor,Graduate,18,89303,Noida,2015-01-29,No,4,No
6632,Pooja Gupta,Female,36,Finance,Accountant,MBA,10,76136,Lucknow,2018-09-22,Yes,2,Yes
6633,Rahul Kumar,Female,35,HR,Recruiter,M.Com,13,75723,Bengaluru,2023-10-28,No,1,Yes
6634,Pooja Patel,Male,45,Finance,Accountant,B.Tech,18,103543,Bengaluru,2020-11-30,Yes,3,No
6635,Nisha Roy,Male,35,Operations,Operations Executive,B.Com,12,72515,Noida,2023-05-11,No,5,No
6636,Sneha Mehta,Male,27,Finance,Financial Analyst,Graduate,3,59537,Chennai,2017-01-09,No,1,Yes
6637,Sonia Verma,Male,42,IT,QA Engineer,B.Tech,12,92759,Chennai,2017-05-11,No,4,No
6638,Nisha Kumar,Female,33,Sales,Sales Executive,B.Com,13,80137,Pune,2021-12-30,No,5,Yes
6639,Deepak Verma,Male,32,Marketing,Marketing Executive,Graduate,10,70194,Lucknow,2018-06-28,No,2,No
6640,Neha Kumar,Male,44,Sales,Sales Executive,M.Com,15,84907,Delhi,2022-01-08,No,1,Yes
6641,Sneha Singh,Female,36,Sales,Sales Executive,B.Com,7,63104,Chennai,2020-10-07,No,3,No
6642,Pooja Singh,Female,44,IT,Analyst,B.Com,17,111050,Ahmedabad,2019-11-30,Yes,5,No
6643,Deepak Singh,Male,30,Finance,Financial Analyst,Graduate,8,77239,Jaipur,2016-11-14,Yes,2,Yes
6644,Amit Singh,Female,49,Operations,Operations Executive,M.Com,19,93414,Mumbai,2024-02-16,No,2,Yes
6645,Priya Kumar,Female,21,Marketing,Marketing Executive,B.Com,0,49807,Ahmedabad,2024-11-19,No,5,No
6646,Vikas Yadav,Male,50,Sales,Sales Manager,Graduate,20,90524,Lucknow,2024-04-24,Yes,4,No
6647,Vikas Roy,Male,36,Finance,Accountant,M.Com,11,81323,Noida,2015-07-25,No,3,No
6648,Rohan Verma,Female,31,Finance,Accountant,M.Com,4,67290,Noida,2021-11-06,No,3,No
6649,Arjun Singh,Male,43,HR,Recruiter,B.Com,17,87174,Mumbai,2023-01-05,Yes,5,No
6650,Nisha Joshi,Male,27,Marketing,SEO Specialist,M.Com,7,60908,Kolkata,2016-08-16,Yes,3,No
6651,Anjali Sharma,Female,40,Marketing,Marketing Executive,Graduate,14,79670,Delhi,2016-04-22,No,4,No
6652,Vikas Gupta,Female,25,Marketing,SEO Specialist,M.Com,5,63285,Noida,2022-10-31,No,2,Yes
6653,Sonia Gupta,Female,35,Marketing,Marketing Executive,M.Com,10,75905,Jaipur,2017-07-29,Yes,2,No
6654,Vikas Verma,Male,50,Finance,Financial Analyst,B.Com,20,103769,Pune,2018-11-12,No,4,No
6655,Rahul Joshi,Male,26,HR,HR Executive,B.Tech,5,53395,Kolkata,2021-10-17,No,1,Yes
6656,Nisha Mehta,Female,26,Finance,Accountant,M.Com,3,58865,Ahmedabad,2024-11-24,No,1,Yes
6657,Kiran Gupta,Female,22,Operations,Operations Executive,B.Com,2,51665,Ahmedabad,2022-09-09,No,1,Yes
6658,Deepak Yadav,Female,40,Marketing,Marketing Executive,B.Com,11,76670,Jaipur,2023-02-20,Yes,2,No
6659,Vikas Verma,Male,28,Finance,Financial Analyst,B.Tech,5,63274,Ahmedabad,2019-12-23,No,1,Yes
6660,Anjali Mehta,Female,37,HR,HR Executive,MBA,16,80426,Jaipur,2023-03-13,No,1,No
6661,Vikas Patel,Female,31,Marketing,SEO Specialist,B.Tech,5,56545,Ahmedabad,2023-01-04,No,3,No
6662,Rohan Kumar,Female,28,Sales,Sales Manager,B.Tech,7,58509,Ahmedabad,2021-04-07,No,1,No
6663,Arjun Yadav,Male,36,HR,Recruiter,MBA,8,64754,Chennai,2016-06-22,Yes,1,Yes
6664,Mohit Yadav,Female,42,Finance,Financial Analyst,B.Com,18,99515,Bengaluru,2023-01-30,Yes,4,No
6665,Deepak Mehta,Male,32,Marketing,Marketing Executive,MBA,5,58116,Bengaluru,2024-07-04,No,3,No
6666,Rahul Kumar,Male,27,HR,Recruiter,MBA,4,45530,Chennai,2023-02-01,No,5,No
6667,Pooja Patel,Male,28,Finance,Accountant,B.Tech,3,58093,Mumbai,2024-05-27,No,1,Yes
6668,Deepak Patel,Female,38,Operations,Operations Executive,B.Com,18,83011,Mumbai,2024-04-09,Yes,5,No
6669,Nisha Roy,Female,28,Marketing,Marketing Executive,MBA,6,62845,Bengaluru,2015-01-25,Yes,5,No
6670,Kiran Roy,Female,23,Marketing,SEO Specialist,M.Com,2,54784,Jaipur,2017-07-03,No,5,No
6671,Rahul Singh,Female,46,IT,QA Engineer,M.Com,19,111971,Kolkata,2015-01-09,Yes,4,No
6672,Kiran Sharma,Male,32,IT,Analyst,B.Com,2,74599,Bengaluru,2023-10-23,No,2,Yes
6673,Nisha Yadav,Female,31,Finance,Accountant,B.Tech,9,81231,Kolkata,2022-06-01,Yes,4,No
6674,Sneha Mehta,Male,37,Operations,Supervisor,M.Com,14,73591,Bengaluru,2018-03-27,Yes,1,Yes
6675,Deepak Gupta,Male,37,Sales,Sales Manager,Graduate,13,77616,Pune,2021-01-06,Yes,2,Yes
6676,Vikas Sharma,Female,38,Finance,Financial Analyst,M.Com,16,93592,Ahmedabad,2015-05-21,No,2,No
6677,Sonia Singh,Male,28,Sales,Sales Manager,B.Com,1,44683,Chennai,2020-12-05,No,3,No
6678,Sneha Kumar,Male,36,Marketing,SEO Specialist,M.Com,15,88497,Noida,2017-11-06,No,5,No
6679,Sonia Yadav,Male,33,HR,HR Executive,MBA,11,70583,Mumbai,2023-03-21,No,3,No
6680,Arjun Joshi,Male,29,HR,Recruiter,B.Com,9,64016,Chennai,2016-12-05,Yes,2,No
6681,Neha Joshi,Female,24,HR,Recruiter,M.Com,3,45975,Noida,2019-09-19,No,1,Yes
6682,Vikas Roy,Female,43,Marketing,Marketing Executive,B.Tech,14,85071,Noida,2016-12-10,Yes,5,No
6683,Nisha Kumar,Male,39,Finance,Accountant,MBA,17,99168,Ahmedabad,2019-12-29,Yes,3,No
6684,Pooja Yadav,Male,25,HR,HR Executive,M.Com,4,50805,Pune,2024-12-22,No,1,No
6685,Rahul Yadav,Female,40,HR,Recruiter,B.Com,13,70831,Jaipur,2021-03-19,No,3,No
6686,Nisha Singh,Female,29,Operations,Operations Executive,Graduate,2,50195,Jaipur,2018-05-14,No,3,Yes
6687,Neha Patel,Male,30,HR,Recruiter,B.Com,4,53394,Kolkata,2020-04-08,No,4,No
6688,Sonia Roy,Male,36,Finance,Accountant,MBA,15,93513,Lucknow,2023-05-11,No,5,No
6689,Vikas Mehta,Male,39,Marketing,SEO Specialist,B.Tech,16,86520,Mumbai,2020-07-06,Yes,5,No
6690,Kiran Kumar,Male,31,HR,HR Executive,M.Com,10,61321,Ahmedabad,2021-08-04,No,2,No
6691,Kiran Roy,Female,42,Sales,Sales Executive,MBA,12,75757,Jaipur,2020-07-03,No,2,No
6692,Rohan Kumar,Male,31,Sales,Sales Executive,B.Tech,5,59301,Mumbai,2015-04-24,No,4,No
6693,Kiran Yadav,Male,49,Finance,Accountant,M.Com,19,101886,Jaipur,2020-02-18,No,2,Yes
6694,Rohan Singh,Female,35,Finance,Accountant,Graduate,8,78659,Delhi,2018-07-15,Yes,3,No
6695,Neha Verma,Female,38,Finance,Financial Analyst,M.Com,12,80726,Delhi,2018-05-28,Yes,2,No
6696,Amit Yadav,Male,38,Marketing,SEO Specialist,B.Com,18,89247,Lucknow,2021-03-21,Yes,3,No
6697,Anjali Gupta,Male,23,Operations,Operations Executive,B.Tech,0,43541,Bengaluru,2016-12-03,No,2,No
6698,Kiran Kumar,Female,26,IT,Analyst,Graduate,4,76870,Jaipur,2018-01-27,No,1,No
6699,Mohit Roy,Female,39,Operations,Operations Executive,MBA,16,84404,Pune,2023-01-15,No,3,No
6700,Anjali Patel,Female,45,HR,HR Executive,B.Tech,15,73567,Kolkata,2015-04-02,Yes,1,No
6701,Kiran Patel,Female,44,Finance,Accountant,B.Tech,15,92713,Lucknow,2021-01-07,Yes,2,Yes
6702,Deepak Joshi,Male,39,HR,HR Executive,Graduate,14,78058,Bengaluru,2022-01-08,No,4,No
6703,Deepak Patel,Male,32,Marketing,Marketing Executive,M.Com,3,56959,Lucknow,2018-02-02,No,3,No
6704,Kiran Kumar,Male,31,Sales,Sales Executive,M.Com,10,74679,Lucknow,2022-03-08,Yes,1,No
6705,Deepak Patel,Male,40,Operations,Operations Executive,M.Com,13,79270,Kolkata,2018-05-23,Yes,5,No
6706,Kiran Mehta,Female,26,Operations,Supervisor,Graduate,2,50566,Bengaluru,2019-05-14,No,1,No
6707,Sonia Gupta,Female,41,Finance,Financial Analyst,B.Tech,19,99408,Noida,2021-01-13,No,1,No
6708,Rohan Patel,Female,33,IT,Analyst,Graduate,5,80256,Kolkata,2022-08-10,No,4,No
6709,Rahul Mehta,Female,42,Finance,Accountant,B.Tech,18,96042,Lucknow,2015-08-03,Yes,2,Yes
6710,Kiran Kumar,Male,36,Operations,Operations Executive,MBA,15,79115,Lucknow,2015-12-10,No,2,Yes
6711,Rahul Yadav,Male,43,Operations,Supervisor,M.Com,18,85754,Mumbai,2018-03-26,Yes,3,No
6712,Deepak Joshi,Male,27,Operations,Operations Executive,MBA,1,48701,Kolkata,2023-10-09,No,3,No
6713,Sneha Sharma,Male,34,Marketing,Marketing Executive,M.Com,10,69124,Noida,2015-04-29,No,1,No
6714,Arjun Patel,Male,35,Sales,Sales Executive,Graduate,11,69978,Bengaluru,2022-07-09,No,4,No
6715,Mohit Mehta,Female,32,Sales,Sales Executive,B.Com,4,58783,Delhi,2023-03-14,No,4,No
6716,Kiran Mehta,Male,37,Operations,Supervisor,B.Tech,8,62248,Jaipur,2024-10-31,Yes,2,Yes
6717,Rahul Verma,Male,26,Sales,Sales Executive,B.Tech,3,55466,Bengaluru,2016-03-08,No,2,No
6718,Sneha Patel,Female,43,Marketing,SEO Specialist,B.Com,17,89251,Chennai,2021-10-27,Yes,4,No
6719,Sneha Yadav,Male,32,Finance,Accountant,B.Com,10,81749,Bengaluru,2015-06-05,No,3,No
6720,Rahul Joshi,Female,28,Sales,Sales Executive,B.Com,6,55532,Lucknow,2015-06-27,Yes,5,No
6721,Nisha Sharma,Male,46,Operations,Operations Executive,M.Com,20,88498,Bengaluru,2016-02-23,Yes,2,Yes
6722,Amit Sharma,Female,49,Operations,Supervisor,M.Com,20,89430,Lucknow,2021-11-23,No,1,No
6723,Pooja Patel,Male,27,Finance,Financial Analyst,M.Com,2,60932,Bengaluru,2022-09-28,No,3,No
6724,Pooja Gupta,Male,40,Finance,Accountant,B.Com,19,102120,Kolkata,2021-12-12,No,3,No
6725,Deepak Verma,Male,43,HR,HR Executive,M.Com,18,89773,Jaipur,2019-03-21,Yes,5,No
6726,Sonia Sharma,Female,31,IT,Developer,MBA,10,85896,Delhi,2015-04-14,No,2,Yes
6727,Kiran Sharma,Female,34,IT,Analyst,B.Tech,8,87930,Noida,2019-09-17,No,4,No
6728,Anjali Kumar,Female,36,HR,HR Executive,B.Tech,16,76087,Kolkata,2021-04-26,Yes,1,Yes
6729,Sonia Joshi,Female,32,Sales,Sales Executive,M.Com,11,73091,Noida,2017-04-11,Yes,4,Yes
6730,Sneha Mehta,Male,21,Operations,Operations Executive,MBA,1,43321,Bengaluru,2022-01-07,No,3,No
6731,Nisha Mehta,Female,31,Marketing,SEO Specialist,MBA,8,70991,Chennai,2017-05-02,Yes,3,No
6732,Rohan Singh,Male,33,Marketing,Marketing Executive,B.Tech,5,62036,Mumbai,2021-07-13,No,2,Yes
6733,Priya Verma,Female,37,Sales,Sales Executive,B.Tech,13,74160,Bengaluru,2024-06-10,Yes,4,No
6734,Anjali Kumar,Male,41,HR,Recruiter,M.Com,12,71975,Pune,2019-04-27,No,3,No
6735,Rohan Singh,Male,27,Marketing,Marketing Executive,M.Com,7,61523,Ahmedabad,2022-08-24,Yes,5,No
6736,Sonia Patel,Female,36,HR,HR Executive,Graduate,11,65645,Noida,2022-12-08,Yes,4,No
6737,Vikas Sharma,Male,25,Sales,Sales Manager,Graduate,4,59507,Ahmedabad,2024-12-05,No,2,No
6738,Arjun Joshi,Male,48,IT,QA Engineer,M.Com,19,113576,Kolkata,2023-12-12,Yes,3,No
6739,Deepak Gupta,Female,36,Marketing,SEO Specialist,M.Com,13,80954,Bengaluru,2015-02-09,Yes,5,No
6740,Priya Mehta,Female,34,Sales,Sales Manager,Graduate,7,65519,Jaipur,2019-02-12,Yes,1,No
6741,Mohit Singh,Male,27,HR,Recruiter,B.Tech,6,52529,Bengaluru,2016-06-26,Yes,1,No
6742,Rahul Gupta,Male,29,HR,Recruiter,B.Com,7,60312,Mumbai,2017-10-25,Yes,3,No
6743,Rohan Mehta,Male,36,IT,Analyst,MBA,15,100502,Chennai,2022-07-10,Yes,1,Yes
6744,Sonia Kumar,Male,43,Operations,Operations Executive,M.Com,15,77598,Jaipur,2020-11-03,Yes,2,No
6745,Mohit Roy,Female,28,HR,HR Executive,Graduate,8,55448,Ahmedabad,2023-03-29,No,5,No
6746,Sonia Patel,Female,27,IT,Analyst,Graduate,2,66422,Delhi,2022-04-01,No,5,No
6747,Rohan Joshi,Female,34,HR,HR Executive,MBA,10,64093,Mumbai,2022-12-29,Yes,1,No
6748,Mohit Joshi,Male,29,Finance,Accountant,B.Tech,5,67549,Ahmedabad,2024-11-09,No,3,No
6749,Priya Roy,Female,44,Finance,Financial Analyst,B.Tech,20,109579,Mumbai,2016-09-11,No,3,No
6750,Neha Patel,Female,46,IT,Analyst,B.Tech,20,117243,Jaipur,2017-09-15,No,1,Yes
6751,Mohit Mehta,Female,32,IT,Analyst,B.Com,12,95289,Chennai,2018-12-25,No,3,No
6752,Rohan Joshi,Female,48,HR,Recruiter,B.Com,20,94276,Lucknow,2020-02-24,Yes,1,Yes
6753,Rahul Singh,Male,40,IT,Developer,Graduate,19,109526,Jaipur,2020-12-22,Yes,1,Yes
6754,Priya Singh,Female,47,HR,HR Executive,MBA,20,91874,Chennai,2023-11-13,Yes,2,Yes
6755,Arjun Mehta,Male,43,Marketing,Marketing Executive,Graduate,20,96579,Delhi,2024-01-19,Yes,1,Yes
6756,Sneha Patel,Male,38,Finance,Financial Analyst,Graduate,9,81453,Bengaluru,2015-11-06,No,5,No
6757,Sneha Verma,Male,37,IT,QA Engineer,MBA,17,103438,Jaipur,2018-09-16,Yes,5,No
6758,Sonia Yadav,Female,27,IT,QA Engineer,B.Tech,4,73946,Bengaluru,2019-04-26,No,5,No
6759,Mohit Mehta,Female,35,Marketing,SEO Specialist,Graduate,9,71393,Ahmedabad,2019-01-25,Yes,5,No
6760,Deepak Roy,Male,29,IT,Analyst,MBA,4,77590,Jaipur,2017-01-26,No,5,No
6761,Vikas Kumar,Female,29,Marketing,SEO Specialist,MBA,4,56054,Lucknow,2021-11-16,No,2,Yes
6762,Sneha Mehta,Female,35,HR,HR Executive,MBA,15,73636,Mumbai,2015-07-07,No,2,Yes
6763,Nisha Singh,Male,34,Finance,Financial Analyst,B.Com,4,65118,Lucknow,2021-12-02,No,5,No
6764,Nisha Roy,Female,43,Marketing,SEO Specialist,M.Com,15,88420,Ahmedabad,2017-08-11,No,2,Yes
6765,Mohit Sharma,Male,33,HR,HR Executive,M.Com,6,53109,Ahmedabad,2020-05-01,Yes,4,No
6766,Neha Kumar,Male,47,HR,HR Executive,B.Tech,18,89445,Ahmedabad,2024-04-06,No,3,No
6767,Nisha Sharma,Female,26,Marketing,Marketing Executive,B.Tech,4,56227,Delhi,2021-11-10,No,5,No
6768,Rohan Patel,Female,30,Finance,Accountant,B.Tech,4,62306,Kolkata,2017-08-06,No,5,No
6769,Vikas Mehta,Male,42,Finance,Accountant,B.Com,15,92305,Chennai,2016-05-12,No,3,No
6770,Rohan Mehta,Female,36,Marketing,Marketing Executive,M.Com,16,92603,Lucknow,2019-05-17,Yes,2,Yes
6771,Sonia Gupta,Male,29,Sales,Sales Manager,MBA,4,53770,Lucknow,2022-01-09,No,5,No
6772,Nisha Verma,Female,23,HR,Recruiter,M.Com,0,35832,Delhi,2023-12-02,No,5,No
6773,Rahul Singh,Male,32,Operations,Supervisor,B.Com,5,57992,Pune,2017-03-25,No,4,Yes
6774,Anjali Patel,Female,35,Operations,Operations Executive,M.Com,12,67650,Delhi,2018-11-13,No,2,No
6775,Nisha Roy,Male,46,Sales,Sales Manager,Graduate,16,88698,Jaipur,2023-04-02,Yes,5,No
6776,Arjun Joshi,Female,42,HR,Recruiter,Graduate,18,87614,Pune,2022-07-01,Yes,1,No
6777,Rohan Yadav,Female,39,HR,Recruiter,MBA,18,84513,Kolkata,2015-03-05,Yes,2,No
6778,Rahul Roy,Male,35,Finance,Financial Analyst,B.Com,9,73754,Bengaluru,2023-06-30,No,1,No
6779,Priya Joshi,Male,30,Marketing,Marketing Executive,M.Com,3,57455,Mumbai,2018-08-03,No,3,No
6780,Vikas Kumar,Female,25,Finance,Accountant,MBA,1,54150,Pune,2016-05-02,No,3,No
6781,Rahul Patel,Female,28,Marketing,SEO Specialist,Graduate,7,67076,Chennai,2017-08-19,Yes,4,No
6782,Rahul Joshi,Female,29,Operations,Operations Executive,Graduate,8,62861,Pune,2018-09-02,No,1,Yes
6783,Deepak Mehta,Male,41,Sales,Sales Executive,B.Com,19,87830,Mumbai,2024-10-14,No,3,No
6784,Arjun Roy,Male,30,Operations,Operations Executive,M.Com,4,50966,Bengaluru,2020-07-27,No,1,No
6785,Pooja Mehta,Female,43,IT,QA Engineer,Graduate,19,114098,Mumbai,2022-03-31,No,1,Yes
6786,Arjun Gupta,Male,27,IT,Analyst,MBA,6,81909,Noida,2021-09-26,No,1,Yes
6787,Sonia Patel,Male,29,HR,HR Executive,MBA,9,60286,Ahmedabad,2020-09-15,No,1,Yes
6788,Priya Kumar,Male,29,Finance,Accountant,B.Tech,2,63008,Lucknow,2016-11-22,No,5,No
6789,Mohit Singh,Female,34,Sales,Sales Manager,MBA,4,52391,Noida,2020-05-09,No,2,No
6790,Anjali Yadav,Male,30,Operations,Operations Executive,Graduate,8,64784,Bengaluru,2019-11-29,Yes,4,No
6791,Arjun Singh,Female,36,HR,HR Executive,B.Tech,13,72629,Noida,2015-04-04,Yes,1,Yes
6792,Sonia Singh,Female,36,HR,HR Executive,B.Tech,12,70269,Bengaluru,2015-04-12,Yes,3,No
6793,Priya Roy,Female,29,Sales,Sales Executive,B.Com,3,49086,Mumbai,2019-07-28,No,5,No
6794,Arjun Verma,Male,46,IT,Developer,MBA,16,107716,Jaipur,2024-01-06,No,5,No
6795,Rahul Gupta,Female,34,Finance,Accountant,M.Com,14,94790,Delhi,2024-09-21,Yes,5,No
6796,Sneha Gupta,Female,31,HR,HR Executive,B.Tech,6,58201,Kolkata,2016-05-09,No,5,No
6797,Vikas Singh,Male,42,Marketing,Marketing Executive,B.Tech,19,90523,Noida,2023-07-08,Yes,5,No
6798,Vikas Singh,Male,26,HR,HR Executive,MBA,5,49638,Chennai,2021-08-14,No,4,No
6799,Pooja Verma,Female,39,Finance,Accountant,M.Com,15,94355,Pune,2017-03-04,No,5,No
6800,Mohit Gupta,Male,42,Operations,Supervisor,B.Tech,19,89479,Ahmedabad,2018-07-01,Yes,5,No
6801,Rohan Verma,Female,42,HR,HR Executive,MBA,15,74256,Bengaluru,2021-06-14,Yes,3,No
6802,Amit Joshi,Female,44,Finance,Accountant,MBA,18,98812,Jaipur,2020-12-23,Yes,1,No
6803,Mohit Kumar,Female,31,IT,Analyst,Graduate,8,80852,Noida,2024-02-12,Yes,5,No
6804,Priya Verma,Female,25,Sales,Sales Executive,B.Tech,4,57380,Ahmedabad,2022-05-22,No,2,Yes
6805,Sonia Roy,Female,40,HR,HR Executive,B.Com,10,62660,Delhi,2024-09-15,No,3,No
6806,Mohit Mehta,Male,29,IT,Analyst,B.Com,3,76821,Bengaluru,2024-05-29,No,4,No
6807,Arjun Roy,Female,37,HR,HR Executive,B.Tech,14,74736,Jaipur,2023-10-28,Yes,2,Yes
6808,Neha Gupta,Male,42,Marketing,SEO Specialist,MBA,16,90557,Mumbai,2020-04-24,No,3,No
6809,Anjali Roy,Female,47,Operations,Operations Executive,Graduate,20,87648,Delhi,2019-02-15,No,5,No
6810,Mohit Joshi,Male,33,Operations,Supervisor,B.Tech,10,68799,Pune,2021-09-06,No,5,No
6811,Kiran Singh,Female,35,Sales,Sales Executive,B.Com,7,60387,Bengaluru,2019-08-19,No,1,Yes
6812,Rahul Roy,Male,29,Operations,Operations Executive,M.Com,8,58136,Pune,2021-11-26,Yes,3,No
6813,Rahul Patel,Female,34,Finance,Financial Analyst,M.Com,12,80846,Delhi,2016-09-11,No,4,No
6814,Priya Joshi,Male,44,Marketing,Marketing Executive,B.Tech,18,95709,Mumbai,2019-11-04,No,3,No
6815,Vikas Mehta,Female,41,Finance,Accountant,Graduate,11,83472,Mumbai,2018-10-19,Yes,3,No
6816,Amit Patel,Male,26,HR,HR Executive,M.Com,1,44371,Bengaluru,2018-11-17,No,3,No
6817,Anjali Gupta,Male,49,IT,QA Engineer,MBA,20,113341,Pune,2020-01-15,No,5,No
6818,Priya Kumar,Male,49,Sales,Sales Executive,Graduate,19,90385,Ahmedabad,2017-10-23,No,3,No
6819,Mohit Yadav,Male,27,HR,HR Executive,B.Com,1,40798,Pune,2015-11-06,No,4,No
6820,Rahul Mehta,Male,34,Marketing,SEO Specialist,Graduate,10,71128,Pune,2020-08-06,No,3,No
6821,Deepak Joshi,Female,28,Marketing,Marketing Executive,B.Com,8,69031,Pune,2015-01-27,No,5,No
6822,Pooja Gupta,Male,47,HR,HR Executive,B.Com,17,85058,Jaipur,2018-08-31,No,2,Yes
6823,Deepak Mehta,Male,29,IT,QA Engineer,B.Com,6,79992,Kolkata,2024-08-19,Yes,3,Yes
6824,Sneha Mehta,Male,30,IT,Developer,B.Tech,7,80941,Kolkata,2022-07-01,No,4,No
6825,Rohan Mehta,Male,49,IT,QA Engineer,Graduate,19,117098,Lucknow,2023-05-22,Yes,5,No
6826,Deepak Kumar,Male,31,Marketing,SEO Specialist,MBA,10,73734,Delhi,2018-05-17,Yes,3,No
6827,Amit Patel,Female,36,HR,HR Executive,B.Com,13,73913,Delhi,2020-11-16,Yes,3,No
6828,Anjali Yadav,Female,46,Sales,Sales Executive,MBA,17,84281,Ahmedabad,2022-01-22,Yes,5,No
6829,Neha Verma,Male,48,Finance,Accountant,MBA,19,101424,Ahmedabad,2020-01-11,Yes,5,Yes
6830,Amit Gupta,Female,24,Finance,Financial Analyst,B.Com,0,59701,Ahmedabad,2020-07-12,No,1,No
6831,Vikas Kumar,Male,23,IT,Developer,B.Tech,3,75760,Lucknow,2015-10-13,No,1,No
6832,Neha Verma,Male,40,Finance,Financial Analyst,B.Com,16,91177,Noida,2016-07-02,Yes,5,Yes
6833,Anjali Kumar,Female,38,Marketing,SEO Specialist,Graduate,12,73495,Jaipur,2015-11-23,No,4,Yes
6834,Arjun Sharma,Male,38,Marketing,SEO Specialist,MBA,10,72192,Bengaluru,2019-05-17,Yes,3,No
6835,Amit Mehta,Male,34,HR,HR Executive,Graduate,11,67315,Ahmedabad,2024-03-27,No,4,No
6836,Pooja Sharma,Male,48,Operations,Supervisor,MBA,19,88306,Jaipur,2024-09-28,Yes,3,No
6837,Anjali Mehta,Male,39,Finance,Accountant,MBA,9,77781,Ahmedabad,2023-02-27,Yes,2,No
6838,Kiran Kumar,Male,32,HR,Recruiter,MBA,10,62278,Kolkata,2022-11-12,No,4,No
6839,Sneha Mehta,Male,30,Finance,Accountant,M.Com,3,59305,Kolkata,2017-02-28,No,4,No
6840,Priya Gupta,Male,25,HR,Recruiter,B.Com,0,37512,Pune,2018-08-06,No,3,No
6841,Anjali Joshi,Female,31,Sales,Sales Manager,Graduate,9,63671,Bengaluru,2022-04-23,No,1,No
6842,Priya Singh,Female,29,Sales,Sales Manager,MBA,9,63490,Mumbai,2021-10-12,No,3,No
6843,Sneha Verma,Female,40,Finance,Accountant,MBA,19,99305,Delhi,2015-06-15,Yes,1,No
6844,Rahul Sharma,Female,41,HR,Recruiter,MBA,13,74137,Mumbai,2015-07-26,Yes,3,No
6845,Neha Verma,Male,34,Sales,Sales Manager,M.Com,14,79286,Mumbai,2018-07-19,Yes,2,No
6846,Mohit Gupta,Male,30,Sales,Sales Manager,B.Tech,10,74185,Mumbai,2024-06-27,No,5,No
6847,Priya Singh,Female,41,HR,HR Executive,MBA,18,82621,Chennai,2019-03-17,Yes,4,No
6848,Arjun Gupta,Male,24,HR,Recruiter,Graduate,4,54241,Ahmedabad,2018-10-30,No,4,No
6849,Pooja Verma,Female,35,Marketing,SEO Specialist,B.Com,13,75710,Pune,2021-06-28,Yes,5,No
6850,Neha Roy,Male,42,IT,Analyst,Graduate,18,113513,Noida,2020-08-21,Yes,1,Yes
6851,Vikas Mehta,Male,40,Finance,Accountant,B.Tech,15,92050,Ahmedabad,2022-03-25,Yes,4,No
6852,Rahul Sharma,Male,39,IT,Developer,MBA,13,97596,Chennai,2015-01-28,Yes,1,No
6853,Vikas Gupta,Female,46,HR,Recruiter,B.Tech,16,76999,Bengaluru,2018-06-12,Yes,5,No
6854,Rahul Singh,Female,45,HR,HR Executive,Graduate,17,86615,Bengaluru,2024-01-01,Yes,5,No
6855,Kiran Patel,Male,37,HR,Recruiter,MBA,17,86019,Delhi,2019-07-29,No,3,No
6856,Priya Patel,Female,38,Marketing,Marketing Executive,B.Com,15,89519,Ahmedabad,2019-02-09,Yes,3,No
6857,Rohan Verma,Female,38,Finance,Accountant,B.Com,16,95742,Chennai,2018-02-27,Yes,2,No
6858,Amit Yadav,Female,37,Sales,Sales Manager,B.Tech,10,70796,Noida,2017-07-27,No,3,No
6859,Pooja Kumar,Female,38,IT,QA Engineer,Graduate,18,112724,Mumbai,2021-05-28,Yes,3,No
6860,Arjun Verma,Male,26,IT,Developer,MBA,5,74867,Kolkata,2022-05-13,No,2,No
6861,Arjun Gupta,Male,46,Marketing,Marketing Executive,Graduate,17,93264,Jaipur,2015-05-05,No,1,No
6862,Anjali Roy,Female,28,HR,Recruiter,MBA,0,39706,Mumbai,2019-04-30,No,1,No
6863,Rahul Singh,Female,43,IT,Analyst,B.Com,17,105640,Lucknow,2023-03-14,No,4,No
6864,Kiran Verma,Female,37,Operations,Supervisor,B.Com,15,77273,Noida,2024-02-14,No,5,No
6865,Pooja Singh,Female,31,Finance,Accountant,B.Com,9,75972,Delhi,2022-04-12,No,5,No
6866,Sonia Gupta,Female,38,Marketing,Marketing Executive,M.Com,17,93274,Delhi,2023-01-03,No,3,No
6867,Rohan Singh,Female,29,HR,HR Executive,M.Com,8,55554,Chennai,2016-10-17,Yes,2,No
6868,Kiran Yadav,Male,42,IT,QA Engineer,B.Tech,15,98310,Chennai,2015-10-18,No,2,No
6869,Rahul Joshi,Female,33,HR,HR Executive,Graduate,7,57863,Chennai,2021-09-12,No,4,Yes
6870,Amit Gupta,Female,22,HR,Recruiter,B.Tech,2,41364,Bengaluru,2018-12-15,No,5,No
6871,Deepak Patel,Female,35,Marketing,SEO Specialist,B.Tech,15,84113,Chennai,2016-02-04,No,5,No
6872,Priya Yadav,Female,44,HR,HR Executive,MBA,15,75491,Delhi,2017-08-19,Yes,2,Yes
6873,Rahul Yadav,Female,37,Operations,Supervisor,B.Com,10,68574,Pune,2024-06-28,Yes,2,No
6874,Rahul Gupta,Female,42,HR,HR Executive,B.Com,17,85703,Lucknow,2016-02-19,No,3,No
6875,Kiran Patel,Male,35,Finance,Accountant,B.Com,6,69322,Pune,2017-11-07,Yes,5,No
6876,Rohan Patel,Female,30,Sales,Sales Executive,Graduate,4,59582,Bengaluru,2024-10-30,No,2,Yes
6877,Amit Singh,Female,25,HR,HR Executive,M.Com,0,40050,Ahmedabad,2020-12-10,No,3,No
6878,Sonia Roy,Male,43,IT,Developer,B.Tech,17,110679,Lucknow,2023-04-18,Yes,3,No
6879,Sneha Sharma,Female,35,Operations,Operations Executive,M.Com,14,72381,Bengaluru,2019-07-31,No,4,No
6880,Sonia Kumar,Female,26,Finance,Accountant,MBA,4,63304,Delhi,2019-08-16,No,1,Yes
6881,Mohit Singh,Female,37,Finance,Accountant,B.Tech,12,87985,Pune,2020-02-08,Yes,5,No
6882,Vikas Verma,Female,35,Sales,Sales Manager,B.Com,8,67239,Jaipur,2022-12-02,Yes,4,No
6883,Sonia Yadav,Female,25,HR,Recruiter,B.Tech,5,51775,Delhi,2020-07-14,No,3,No
6884,Sneha Singh,Male,44,Sales,Sales Executive,Graduate,19,87999,Lucknow,2021-09-16,No,4,No
6885,Vikas Kumar,Male,37,Operations,Supervisor,B.Com,11,70125,Delhi,2016-05-24,No,2,No
6886,Pooja Gupta,Male,34,Operations,Operations Executive,MBA,8,64886,Ahmedabad,2017-03-26,Yes,4,No
6887,Nisha Singh,Female,42,Marketing,Marketing Executive,B.Tech,12,75569,Delhi,2016-03-19,No,4,No
6888,Deepak Singh,Male,46,IT,Developer,B.Com,19,116083,Delhi,2016-12-24,No,3,No
6889,Nisha Patel,Female,42,Finance,Financial Analyst,M.Com,15,91270,Noida,2017-08-22,Yes,4,No
6890,Mohit Patel,Male,35,HR,HR Executive,Graduate,10,68707,Kolkata,2020-05-10,No,3,No
6891,Arjun Roy,Male,22,HR,Recruiter,M.Com,2,45840,Ahmedabad,2017-12-19,No,2,Yes
6892,Priya Mehta,Male,33,Marketing,Marketing Executive,M.Com,12,81711,Pune,2018-12-18,Yes,4,No
6893,Neha Sharma,Male,23,IT,Analyst,M.Com,3,74691,Ahmedabad,2015-04-13,No,3,No
6894,Rahul Roy,Male,45,IT,Analyst,M.Com,20,114039,Chennai,2018-06-18,Yes,2,No
6895,Sneha Kumar,Male,37,Marketing,SEO Specialist,Graduate,17,88373,Mumbai,2021-10-31,Yes,4,No
6896,Deepak Sharma,Female,47,HR,HR Executive,B.Tech,19,89934,Ahmedabad,2019-06-28,No,3,No
6897,Amit Verma,Female,44,Sales,Sales Manager,Graduate,17,83209,Noida,2021-04-20,No,1,No
6898,Neha Gupta,Male,34,Finance,Accountant,B.Tech,6,71861,Mumbai,2017-03-30,Yes,1,Yes
6899,Priya Mehta,Female,37,Finance,Financial Analyst,Graduate,17,93242,Chennai,2020-12-22,Yes,3,No
6900,Vikas Joshi,Female,32,Finance,Accountant,B.Tech,4,65108,Ahmedabad,2019-12-02,No,1,No
6901,Vikas Mehta,Female,28,Marketing,SEO Specialist,MBA,5,58252,Kolkata,2018-08-14,No,1,No
6902,Neha Roy,Female,30,Marketing,SEO Specialist,MBA,7,65861,Noida,2021-10-27,Yes,4,No
6903,Vikas Mehta,Female,49,Marketing,SEO Specialist,B.Com,20,95941,Jaipur,2021-04-09,No,4,No
6904,Kiran Mehta,Male,37,Operations,Supervisor,B.Com,14,79621,Jaipur,2019-04-18,No,5,No
6905,Mohit Roy,Female,33,Finance,Financial Analyst,B.Tech,11,79440,Kolkata,2022-09-19,Yes,4,No
6906,Arjun Yadav,Male,23,HR,Recruiter,Graduate,3,47903,Delhi,2023-12-22,No,1,No
6907,Arjun Roy,Female,24,IT,QA Engineer,B.Com,4,75991,Delhi,2021-06-26,No,5,No
6908,Nisha Mehta,Male,40,Operations,Operations Executive,M.Com,17,85175,Jaipur,2020-01-08,Yes,2,Yes
6909,Deepak Roy,Male,40,HR,HR Executive,M.Com,13,68090,Noida,2021-12-09,No,4,No
6910,Sonia Yadav,Male,47,HR,HR Executive,MBA,19,83501,Pune,2022-11-19,No,5,No
6911,Neha Joshi,Male,32,IT,QA Engineer,M.Com,6,83032,Pune,2017-11-12,Yes,2,Yes
6912,Rahul Singh,Male,23,HR,Recruiter,MBA,2,42787,Noida,2020-03-16,No,1,No
6913,Arjun Roy,Male,39,Finance,Accountant,MBA,9,74065,Bengaluru,2021-02-21,Yes,5,No
6914,Priya Kumar,Male,44,HR,Recruiter,M.Com,19,91331,Mumbai,2021-07-26,Yes,4,No
6915,Pooja Sharma,Male,33,Sales,Sales Manager,B.Tech,4,59715,Mumbai,2019-03-22,No,4,No
6916,Amit Kumar,Male,38,Operations,Operations Executive,M.Com,12,70336,Delhi,2016-08-29,Yes,2,No
6917,Vikas Singh,Male,33,Operations,Operations Executive,MBA,13,72702,Chennai,2017-10-01,No,1,Yes
6918,Arjun Joshi,Female,34,IT,Analyst,B.Tech,6,76489,Noida,2022-01-31,Yes,5,No
6919,Sneha Sharma,Male,32,Operations,Supervisor,M.Com,10,65951,Noida,2019-12-05,No,5,No
6920,Pooja Sharma,Male,26,IT,Developer,Graduate,4,73606,Pune,2022-11-23,No,4,No
6921,Priya Joshi,Male,36,Sales,Sales Manager,B.Com,12,74777,Pune,2024-07-15,Yes,2,No
6922,Neha Kumar,Male,34,IT,QA Engineer,Graduate,4,76940,Kolkata,2021-11-17,No,3,Yes
6923,Priya Sharma,Male,48,Sales,Sales Executive,M.Com,20,93636,Ahmedabad,2024-01-23,No,4,No
6924,Vikas Gupta,Male,39,Marketing,SEO Specialist,Graduate,18,91324,Mumbai,2019-04-13,No,3,No
6925,Vikas Mehta,Male,39,HR,Recruiter,M.Com,15,80232,Mumbai,2024-07-09,Yes,2,No
6926,Kiran Sharma,Female,40,Finance,Financial Analyst,MBA,10,78251,Bengaluru,2022-09-25,No,5,No
6927,Neha Yadav,Male,25,Operations,Operations Executive,MBA,4,55804,Ahmedabad,2022-08-15,No,1,No
6928,Vikas Yadav,Female,43,Marketing,Marketing Executive,M.Com,18,92004,Pune,2015-04-30,No,3,No
6929,Pooja Mehta,Male,31,Sales,Sales Executive,B.Tech,5,59880,Pune,2018-12-15,No,3,No
6930,Arjun Yadav,Female,24,Operations,Operations Executive,B.Tech,1,46008,Noida,2015-03-09,No,1,Yes
6931,Rahul Yadav,Female,21,HR,Recruiter,M.Com,0,44239,Mumbai,2015-07-10,No,5,No
6932,Sneha Joshi,Male,29,Finance,Accountant,B.Tech,3,64964,Bengaluru,2024-07-04,No,3,No
6933,Rahul Gupta,Female,38,HR,HR Executive,B.Com,11,65080,Chennai,2020-03-12,Yes,2,No
6934,Vikas Gupta,Female,39,Operations,Supervisor,MBA,10,70056,Noida,2021-06-10,Yes,3,No
6935,Arjun Mehta,Female,23,Finance,Financial Analyst,B.Com,0,53026,Chennai,2020-09-25,No,5,No
6936,Rahul Mehta,Female,30,Sales,Sales Executive,B.Com,3,49570,Delhi,2022-10-04,No,4,No
6937,Arjun Kumar,Male,38,Operations,Supervisor,MBA,16,80517,Delhi,2024-10-13,No,1,Yes
6938,Pooja Mehta,Female,42,HR,HR Executive,B.Com,20,94422,Ahmedabad,2022-07-08,Yes,5,No
6939,Pooja Joshi,Male,30,Marketing,SEO Specialist,B.Com,5,59374,Lucknow,2022-05-14,No,3,No
6940,Neha Roy,Male,27,Operations,Operations Executive,M.Com,1,40658,Mumbai,2016-04-27,No,4,Yes
6941,Nisha Verma,Male,39,Finance,Financial Analyst,B.Tech,13,90823,Bengaluru,2016-10-18,No,4,No
6942,Pooja Gupta,Female,23,Finance,Financial Analyst,Graduate,2,62544,Noida,2018-07-22,No,5,No
6943,Nisha Verma,Female,24,Finance,Financial Analyst,Graduate,0,54195,Bengaluru,2015-10-19,No,3,No
6944,Rahul Singh,Male,32,Sales,Sales Executive,M.Com,2,53875,Ahmedabad,2024-04-16,No,2,Yes
6945,Rahul Yadav,Female,38,HR,HR Executive,M.Com,9,59202,Jaipur,2015-08-28,Yes,3,No
6946,Rohan Sharma,Female,32,Marketing,Marketing Executive,B.Tech,11,77396,Kolkata,2015-08-21,No,3,No
6947,Pooja Patel,Male,33,Operations,Operations Executive,B.Com,9,65186,Chennai,2020-05-29,No,1,No
6948,Rahul Patel,Female,23,Marketing,Marketing Executive,MBA,2,54926,Lucknow,2018-03-08,No,4,No
6949,Nisha Roy,Male,37,Marketing,SEO Specialist,B.Com,10,72916,Chennai,2017-06-15,Yes,5,No
6950,Mohit Roy,Male,31,IT,Developer,M.Com,7,83515,Chennai,2021-02-23,No,5,No
6951,Sonia Joshi,Male,39,Sales,Sales Executive,B.Tech,12,75644,Ahmedabad,2022-06-28,No,4,No
6952,Deepak Singh,Female,36,Finance,Accountant,Graduate,16,97740,Lucknow,2019-12-18,No,2,Yes
6953,Priya Yadav,Male,34,Operations,Operations Executive,M.Com,8,60074,Mumbai,2016-09-11,Yes,4,No
6954,Rahul Patel,Female,38,Marketing,SEO Specialist,B.Tech,9,70015,Ahmedabad,2023-11-02,No,3,No
6955,Pooja Patel,Male,48,Finance,Accountant,MBA,19,107072,Pune,2015-10-03,No,5,No
6956,Anjali Singh,Female,35,Finance,Financial Analyst,B.Com,6,74274,Chennai,2018-07-01,No,4,No
6957,Kiran Joshi,Female,41,Operations,Supervisor,Graduate,14,73232,Bengaluru,2018-09-06,No,5,No
6958,Nisha Yadav,Male,46,HR,Recruiter,Graduate,19,89933,Lucknow,2016-02-27,No,3,No
6959,Priya Sharma,Female,33,IT,Analyst,M.Com,11,97296,Mumbai,2021-08-01,No,2,No
6960,Arjun Yadav,Male,42,HR,HR Executive,M.Com,16,79571,Chennai,2017-06-25,No,3,No
6961,Arjun Kumar,Female,38,HR,HR Executive,M.Com,14,79383,Chennai,2018-02-12,No,5,No
6962,Kiran Yadav,Male,36,HR,Recruiter,MBA,16,80804,Delhi,2015-07-28,No,3,No
6963,Arjun Verma,Female,33,Operations,Operations Executive,M.Com,4,53837,Bengaluru,2018-11-15,No,2,Yes
6964,Kiran Mehta,Male,45,HR,HR Executive,M.Com,18,86686,Pune,2022-05-28,Yes,2,No
6965,Rohan Sharma,Female,29,HR,Recruiter,M.Com,0,41650,Bengaluru,2016-12-07,No,5,No
6966,Deepak Mehta,Male,37,Marketing,Marketing Executive,MBA,16,89806,Ahmedabad,2017-06-03,Yes,5,No
6967,Arjun Roy,Male,27,Finance,Financial Analyst,MBA,6,72459,Ahmedabad,2024-01-24,No,4,No
6968,Rohan Sharma,Male,44,Marketing,SEO Specialist,B.Tech,17,88122,Delhi,2023-10-06,Yes,3,No
6969,Anjali Sharma,Female,38,Operations,Supervisor,B.Com,10,62131,Bengaluru,2019-10-18,Yes,5,No
6970,Rahul Mehta,Male,44,Marketing,SEO Specialist,B.Tech,17,91043,Jaipur,2022-01-04,No,2,Yes
6971,Arjun Roy,Male,46,Marketing,Marketing Executive,Graduate,16,92403,Kolkata,2020-11-18,No,2,Yes
6972,Rohan Joshi,Male,32,IT,QA Engineer,M.Com,4,71961,Ahmedabad,2017-05-28,No,5,No
6973,Mohit Mehta,Female,50,Sales,Sales Manager,B.Tech,20,94060,Bengaluru,2017-08-06,No,2,Yes
6974,Priya Mehta,Male,31,Marketing,Marketing Executive,MBA,1,54413,Noida,2024-09-08,No,4,No
6975,Anjali Gupta,Female,32,Operations,Operations Executive,MBA,3,51175,Lucknow,2019-06-16,No,4,No
6976,Rahul Roy,Male,35,Finance,Accountant,M.Com,12,88494,Chennai,2016-11-12,No,5,No
6977,Nisha Sharma,Female,42,Finance,Financial Analyst,M.Com,15,95458,Delhi,2017-01-08,No,2,Yes
6978,Deepak Yadav,Female,27,Operations,Operations Executive,M.Com,4,54085,Pune,2015-08-07,No,5,No
6979,Rohan Joshi,Male,21,IT,Developer,MBA,0,65643,Mumbai,2016-06-19,No,3,No
6980,Deepak Joshi,Male,50,Marketing,SEO Specialist,B.Com,20,99794,Mumbai,2017-12-01,No,4,No
6981,Deepak Kumar,Male,43,Operations,Operations Executive,MBA,13,74726,Pune,2020-08-26,Yes,1,Yes
6982,Neha Kumar,Female,40,HR,Recruiter,B.Com,10,62726,Mumbai,2021-05-21,No,1,No
6983,Sonia Verma,Female,31,HR,HR Executive,B.Com,3,47374,Kolkata,2023-01-27,No,2,Yes
6984,Vikas Gupta,Male,38,HR,Recruiter,B.Tech,13,75214,Jaipur,2015-07-15,Yes,2,Yes
6985,Priya Yadav,Female,35,IT,Developer,M.Com,5,76605,Lucknow,2015-01-29,No,3,No
6986,Arjun Kumar,Female,37,Finance,Accountant,M.Com,16,95257,Ahmedabad,2020-11-02,No,3,No
6987,Kiran Yadav,Female,49,IT,Analyst,Graduate,20,117154,Kolkata,2022-08-04,Yes,2,No
6988,Arjun Roy,Male,34,Sales,Sales Manager,M.Com,8,61216,Ahmedabad,2017-09-23,No,4,No
6989,Anjali Yadav,Female,38,Operations,Supervisor,B.Com,8,57086,Chennai,2023-01-04,No,1,Yes
6990,Rohan Sharma,Male,34,Operations,Supervisor,M.Com,11,70142,Jaipur,2015-12-25,Yes,5,No
6991,Sonia Roy,Female,24,Sales,Sales Executive,B.Com,4,55686,Delhi,2022-09-11,No,4,No
6992,Neha Sharma,Female,48,IT,Analyst,B.Tech,20,118648,Kolkata,2017-09-07,No,1,No
6993,Sneha Sharma,Female,32,IT,Analyst,B.Com,12,99695,Ahmedabad,2015-04-18,No,4,No
6994,Anjali Roy,Female,26,Sales,Sales Manager,B.Com,4,51213,Noida,2019-08-18,No,4,No
6995,Mohit Patel,Female,41,Marketing,Marketing Executive,M.Com,18,88185,Pune,2023-10-22,No,1,Yes
6996,Sneha Roy,Female,34,IT,Developer,M.Com,13,101463,Mumbai,2018-10-27,Yes,5,No
6997,Deepak Roy,Female,43,Marketing,SEO Specialist,MBA,15,82341,Pune,2016-04-13,Yes,5,No
6998,Vikas Singh,Female,23,Marketing,SEO Specialist,M.Com,1,51939,Ahmedabad,2024-07-15,No,4,Yes
6999,Nisha Joshi,Female,37,HR,HR Executive,MBA,13,68690,Chennai,2015-08-01,No,5,No
7000,Pooja Roy,Male,33,Operations,Operations Executive,Graduate,7,57778,Pune,2023-04-08,Yes,2,Yes
7001,Vikas Roy,Female,37,Sales,Sales Manager,Graduate,15,78193,Chennai,2021-01-13,No,5,No
7002,Anjali Patel,Male,34,Finance,Accountant,B.Tech,11,84768,Pune,2017-09-19,No,4,No
7003,Mohit Verma,Male,36,Marketing,Marketing Executive,M.Com,7,67748,Delhi,2017-06-18,Yes,3,No
7004,Nisha Roy,Male,35,HR,HR Executive,MBA,9,65524,Mumbai,2022-02-18,Yes,1,Yes
7005,Rohan Verma,Male,29,Operations,Supervisor,B.Tech,5,57785,Lucknow,2019-03-23,No,5,Yes
7006,Amit Mehta,Female,44,Sales,Sales Executive,B.Com,14,81472,Mumbai,2017-10-09,No,4,No
7007,Nisha Roy,Female,38,Finance,Accountant,MBA,10,79490,Ahmedabad,2019-02-19,No,5,No
7008,Sneha Joshi,Female,22,Operations,Supervisor,M.Com,1,49181,Chennai,2019-03-18,No,2,Yes
7009,Pooja Verma,Male,35,Operations,Supervisor,Graduate,12,71031,Ahmedabad,2022-09-23,No,4,No
7010,Amit Verma,Female,44,HR,Recruiter,M.Com,17,79315,Noida,2016-03-25,No,4,No
7011,Priya Mehta,Female,32,IT,Analyst,B.Tech,10,89716,Lucknow,2018-02-01,No,2,No
7012,Sneha Verma,Female,35,Sales,Sales Manager,B.Com,5,60109,Mumbai,2022-03-04,No,2,Yes
7013,Priya Roy,Male,22,Operations,Operations Executive,B.Tech,1,44126,Chennai,2021-11-11,No,5,No
7014,Amit Singh,Female,45,Operations,Operations Executive,M.Com,19,93244,Lucknow,2019-04-04,Yes,4,No
7015,Sneha Gupta,Male,42,Sales,Sales Manager,B.Com,16,85797,Noida,2015-04-30,No,1,Yes
7016,Vikas Roy,Female,31,Marketing,SEO Specialist,MBA,1,46339,Noida,2015-05-02,No,4,No
7017,Mohit Sharma,Male,33,IT,Developer,M.Com,13,93157,Pune,2024-08-09,No,5,No
7018,Vikas Joshi,Male,48,Operations,Operations Executive,Graduate,19,88333,Chennai,2024-07-30,No,4,No
7019,Sonia Yadav,Male,46,Operations,Operations Executive,Graduate,19,93139,Chennai,2021-06-19,No,4,No
7020,Rahul Singh,Female,38,HR,Recruiter,MBA,13,68996,Lucknow,2024-04-03,Yes,4,No
7021,Anjali Sharma,Male,21,Finance,Accountant,Graduate,1,55903,Delhi,2024-10-29,No,3,No
7022,Nisha Sharma,Male,36,Operations,Supervisor,MBA,11,70477,Chennai,2020-12-06,No,1,No
7023,Arjun Verma,Male,30,Marketing,SEO Specialist,B.Com,8,66684,Mumbai,2024-11-12,No,2,Yes
7024,Priya Sharma,Male,28,Operations,Operations Executive,M.Com,6,53372,Noida,2018-09-17,Yes,2,No
7025,Deepak Roy,Female,26,IT,QA Engineer,B.Tech,4,78049,Bengaluru,2015-03-02,No,4,No
7026,Deepak Roy,Male,43,Finance,Accountant,B.Com,20,100195,Ahmedabad,2016-05-10,No,5,No
7027,Arjun Verma,Female,39,Finance,Accountant,B.Tech,12,88645,Ahmedabad,2017-03-22,No,3,No
7028,Priya Verma,Male,32,Marketing,SEO Specialist,Graduate,9,72964,Pune,2022-08-31,No,1,No
7029,Kiran Gupta,Male,33,Finance,Accountant,Graduate,6,70344,Jaipur,2017-06-22,Yes,1,Yes
7030,Sonia Kumar,Female,43,IT,Analyst,MBA,15,102212,Delhi,2017-08-20,No,3,No
7031,Rahul Kumar,Male,38,IT,Analyst,B.Com,8,82058,Chennai,2019-12-10,Yes,4,No
7032,Amit Joshi,Male,36,IT,QA Engineer,M.Com,14,103479,Lucknow,2018-05-23,Yes,4,Yes
7033,Amit Joshi,Female,22,HR,Recruiter,B.Tech,2,43054,Jaipur,2022-01-26,No,5,No
7034,Sonia Roy,Male,46,Finance,Accountant,MBA,17,98370,Delhi,2021-10-19,No,4,No
7035,Neha Verma,Male,34,IT,QA Engineer,B.Tech,5,74876,Pune,2016-12-12,No,5,No
7036,Rohan Kumar,Male,25,IT,QA Engineer,B.Tech,4,73979,Jaipur,2022-04-02,No,2,No
7037,Arjun Kumar,Female,26,HR,HR Executive,MBA,6,52114,Delhi,2018-10-17,Yes,5,No
7038,Neha Mehta,Male,33,Finance,Financial Analyst,Graduate,11,78322,Jaipur,2021-08-30,Yes,1,No
7039,Rohan Verma,Female,28,Operations,Supervisor,MBA,5,51418,Delhi,2020-05-19,No,3,No
7040,Vikas Verma,Female,32,Sales,Sales Executive,B.Tech,7,64377,Mumbai,2023-04-02,Yes,2,No
7041,Priya Joshi,Male,36,Finance,Accountant,B.Tech,7,74707,Mumbai,2021-02-28,No,4,No
7042,Priya Singh,Female,34,HR,Recruiter,Graduate,7,58438,Noida,2023-12-02,Yes,4,No
7043,Priya Verma,Female,46,IT,QA Engineer,M.Com,18,114190,Noida,2021-11-12,Yes,4,No
7044,Vikas Verma,Female,42,Marketing,Marketing Executive,MBA,18,91070,Kolkata,2021-01-07,Yes,5,No
7045,Vikas Patel,Male,25,Sales,Sales Manager,Graduate,4,52489,Lucknow,2018-03-20,No,1,Yes
7046,Nisha Singh,Male,44,Sales,Sales Manager,Graduate,18,89287,Pune,2017-02-10,No,5,No
7047,Arjun Gupta,Male,31,Marketing,SEO Specialist,Graduate,11,79479,Mumbai,2023-11-09,Yes,5,No
7048,Priya Gupta,Male,28,Operations,Supervisor,MBA,2,51424,Jaipur,2019-10-10,No,5,No
7049,Sneha Yadav,Female,28,IT,Developer,B.Tech,4,74704,Ahmedabad,2019-10-23,No,4,No
7050,Anjali Patel,Male,36,Operations,Supervisor,M.Com,14,75752,Chennai,2020-05-19,No,3,No
7051,Vikas Singh,Female,32,Operations,Supervisor,MBA,5,50202,Lucknow,2017-12-23,No,3,No
7052,Vikas Roy,Male,32,IT,Analyst,Graduate,12,96864,Chennai,2023-03-25,Yes,5,No
7053,Nisha Sharma,Female,32,Operations,Operations Executive,M.Com,2,44570,Noida,2022-02-17,No,4,Yes
7054,Sonia Verma,Male,26,HR,HR Executive,B.Tech,0,39854,Kolkata,2023-07-27,No,5,Yes
7055,Rohan Mehta,Male,47,Finance,Financial Analyst,B.Com,18,103354,Chennai,2024-06-18,No,1,Yes
7056,Rahul Joshi,Male,42,Sales,Sales Manager,Graduate,12,75389,Jaipur,2018-02-09,Yes,3,Yes
7057,Kiran Joshi,Male,25,Marketing,SEO Specialist,MBA,2,57113,Noida,2022-12-25,No,2,No
7058,Anjali Gupta,Female,39,Marketing,SEO Specialist,M.Com,13,82764,Jaipur,2022-05-25,Yes,5,No
7059,Sneha Joshi,Female,40,Operations,Supervisor,Graduate,11,69263,Noida,2020-04-18,Yes,5,No
7060,Amit Yadav,Female,46,Marketing,Marketing Executive,MBA,19,92645,Ahmedabad,2020-12-11,No,3,No
7061,Kiran Verma,Female,44,Operations,Operations Executive,M.Com,17,83787,Kolkata,2023-09-09,Yes,4,No
7062,Rohan Sharma,Female,33,HR,Recruiter,M.Com,7,53575,Mumbai,2017-06-29,No,3,No
7063,Kiran Joshi,Female,42,HR,Recruiter,MBA,20,93824,Bengaluru,2022-01-21,No,2,No
7064,Priya Singh,Male,43,HR,Recruiter,Graduate,20,87343,Bengaluru,2016-03-20,No,3,No
7065,Sonia Gupta,Female,27,IT,QA Engineer,Graduate,2,73529,Bengaluru,2024-08-02,No,2,Yes
7066,Arjun Joshi,Female,32,IT,QA Engineer,MBA,9,91377,Delhi,2023-02-25,Yes,2,Yes
7067,Pooja Patel,Female,22,Sales,Sales Executive,B.Com,2,48166,Pune,2015-11-03,No,3,No
7068,Anjali Sharma,Male,42,Sales,Sales Manager,Graduate,18,87495,Ahmedabad,2024-12-01,No,5,No
7069,Priya Yadav,Male,50,Finance,Accountant,M.Com,20,101217,Delhi,2018-04-08,No,3,No
7070,Arjun Roy,Female,28,IT,QA Engineer,MBA,4,72837,Noida,2015-10-12,No,2,Yes
7071,Deepak Joshi,Female,30,Operations,Supervisor,Graduate,3,45472,Chennai,2018-03-24,No,1,Yes
7072,Pooja Mehta,Male,25,HR,Recruiter,Graduate,3,50231,Mumbai,2024-06-04,No,1,Yes
7073,Rahul Singh,Female,31,Finance,Accountant,B.Com,1,61920,Chennai,2016-01-08,No,3,No
7074,Kiran Singh,Female,30,Finance,Financial Analyst,M.Com,3,66067,Pune,2018-11-14,No,4,No
7075,Arjun Sharma,Female,45,Finance,Financial Analyst,B.Tech,17,99030,Jaipur,2022-06-14,Yes,3,No
7076,Deepak Patel,Female,32,Marketing,Marketing Executive,B.Com,12,79793,Noida,2023-06-27,No,2,No
7077,Neha Verma,Male,36,Marketing,Marketing Executive,Graduate,15,81707,Noida,2018-03-29,Yes,2,No
7078,Sneha Patel,Female,34,Operations,Supervisor,B.Com,4,55012,Pune,2023-11-12,No,1,Yes
7079,Amit Verma,Male,49,Marketing,Marketing Executive,MBA,20,93320,Pune,2023-01-01,No,3,No
7080,Rahul Joshi,Male,47,Finance,Financial Analyst,M.Com,18,96894,Ahmedabad,2023-01-12,No,4,Yes
7081,Anjali Yadav,Female,37,HR,HR Executive,B.Tech,13,72129,Delhi,2018-08-04,No,1,No
7082,Priya Gupta,Female,40,Finance,Financial Analyst,B.Tech,18,101419,Delhi,2021-04-04,Yes,1,Yes
7083,Priya Mehta,Male,46,Marketing,Marketing Executive,B.Tech,16,88526,Kolkata,2018-04-03,Yes,1,Yes
7084,Priya Verma,Female,28,Operations,Operations Executive,M.Com,5,55257,Noida,2017-07-23,No,3,No
7085,Mohit Singh,Male,44,Finance,Accountant,Graduate,15,97340,Jaipur,2023-07-12,Yes,5,No
7086,Amit Roy,Female,23,IT,Analyst,Graduate,3,72662,Bengaluru,2024-02-20,No,5,No
7087,Anjali Verma,Male,36,HR,HR Executive,B.Com,8,62028,Mumbai,2019-11-12,No,5,No
7088,Rohan Joshi,Male,30,HR,HR Executive,Graduate,1,40477,Jaipur,2016-03-16,No,1,Yes
7089,Pooja Mehta,Male,31,Marketing,Marketing Executive,M.Com,11,79903,Bengaluru,2021-12-23,Yes,5,No
7090,Mohit Kumar,Male,39,Finance,Accountant,MBA,19,104405,Kolkata,2017-06-23,Yes,1,Yes
7091,Arjun Roy,Female,27,Operations,Operations Executive,M.Com,5,53427,Delhi,2018-07-21,No,3,No
7092,Rahul Sharma,Female,41,Sales,Sales Manager,B.Com,19,92693,Jaipur,2022-01-23,No,1,No
7093,Neha Verma,Female,41,Sales,Sales Executive,B.Com,14,81654,Bengaluru,2020-03-20,No,4,No
7094,Priya Kumar,Female,35,Marketing,SEO Specialist,M.Com,6,66133,Kolkata,2022-11-20,Yes,2,Yes
7095,Vikas Roy,Male,43,Marketing,Marketing Executive,M.Com,17,91296,Noida,2021-07-28,No,4,No
7096,Arjun Sharma,Female,40,Marketing,SEO Specialist,MBA,15,80634,Kolkata,2023-01-28,Yes,1,Yes
7097,Sonia Gupta,Male,21,Marketing,Marketing Executive,B.Tech,0,48792,Pune,2015-01-26,No,2,Yes
7098,Rohan Singh,Male,42,Sales,Sales Manager,B.Com,17,91588,Bengaluru,2019-06-17,Yes,3,No
7099,Anjali Joshi,Female,40,IT,QA Engineer,Graduate,14,95461,Jaipur,2023-09-26,Yes,1,No
7100,Sonia Yadav,Male,41,Marketing,Marketing Executive,B.Tech,11,74289,Mumbai,2019-07-26,No,3,No
7101,Neha Joshi,Male,47,Sales,Sales Executive,B.Com,18,85349,Lucknow,2022-12-20,No,3,No
7102,Rohan Patel,Male,46,Operations,Supervisor,M.Com,17,87849,Bengaluru,2023-01-08,Yes,1,No
7103,Mohit Yadav,Male,39,IT,QA Engineer,B.Tech,9,85498,Mumbai,2016-10-07,No,3,No
7104,Mohit Gupta,Female,37,Marketing,Marketing Executive,Graduate,7,68712,Delhi,2016-09-23,Yes,2,Yes
7105,Deepak Roy,Female,37,HR,HR Executive,B.Tech,14,75508,Bengaluru,2023-03-21,Yes,5,Yes
7106,Nisha Gupta,Male,36,HR,Recruiter,B.Com,8,57347,Kolkata,2015-03-16,Yes,2,Yes
7107,Amit Mehta,Female,36,Marketing,SEO Specialist,B.Tech,11,77770,Delhi,2016-11-20,No,2,No
7108,Deepak Gupta,Male,34,IT,Developer,B.Com,12,96139,Lucknow,2022-08-03,Yes,5,No
7109,Amit Verma,Female,36,Marketing,SEO Specialist,M.Com,10,77864,Chennai,2015-03-01,Yes,1,Yes
7110,Neha Gupta,Male,45,Marketing,Marketing Executive,M.Com,16,86333,Ahmedabad,2024-03-02,Yes,4,No
7111,Mohit Joshi,Female,38,IT,Developer,B.Tech,14,103885,Mumbai,2021-02-15,Yes,1,Yes
7112,Deepak Kumar,Male,31,Marketing,SEO Specialist,B.Tech,3,55155,Kolkata,2015-04-03,No,3,Yes
7113,Rahul Kumar,Male,38,Finance,Accountant,MBA,16,95308,Ahmedabad,2017-05-17,Yes,4,No
7114,Sonia Sharma,Female,45,IT,Developer,M.Com,20,114939,Bengaluru,2022-09-12,Yes,1,No
7115,Priya Roy,Male,42,Operations,Operations Executive,B.Com,14,77916,Kolkata,2023-01-29,Yes,1,No
7116,Deepak Patel,Male,39,Finance,Financial Analyst,B.Tech,11,82735,Bengaluru,2022-10-19,No,1,Yes
7117,Nisha Singh,Female,32,Marketing,SEO Specialist,MBA,3,53868,Lucknow,2015-04-01,No,2,No
7118,Pooja Gupta,Female,31,HR,HR Executive,B.Tech,2,41294,Ahmedabad,2020-09-20,No,4,No
7119,Neha Roy,Male,21,Operations,Supervisor,B.Tech,1,46059,Chennai,2024-02-18,No,2,Yes
7120,Priya Joshi,Male,44,HR,HR Executive,M.Com,14,74618,Delhi,2021-09-24,Yes,5,No
7121,Vikas Yadav,Male,39,Operations,Operations Executive,B.Tech,9,64096,Ahmedabad,2023-06-10,No,4,Yes
7122,Neha Singh,Male,37,Marketing,Marketing Executive,B.Tech,12,75097,Chennai,2023-11-28,No,4,No
7123,Sonia Sharma,Female,27,Marketing,Marketing Executive,M.Com,5,56901,Mumbai,2021-01-04,No,5,No
7124,Priya Roy,Male,39,Operations,Operations Executive,MBA,9,63673,Bengaluru,2019-08-13,Yes,3,No
7125,Kiran Sharma,Female,47,HR,HR Executive,M.Com,17,82113,Bengaluru,2016-05-14,Yes,5,No
7126,Sneha Joshi,Female,41,IT,Analyst,B.Com,18,114923,Delhi,2018-12-14,No,1,No
7127,Pooja Gupta,Female,24,Finance,Financial Analyst,Graduate,4,69471,Ahmedabad,2023-04-09,No,3,No
7128,Sonia Sharma,Male,31,IT,Developer,Graduate,11,97249,Jaipur,2022-12-27,No,2,Yes
7129,Sneha Kumar,Female,27,Marketing,Marketing Executive,MBA,5,55718,Bengaluru,2024-01-31,No,3,No
7130,Rahul Yadav,Male,42,Marketing,SEO Specialist,Graduate,14,83190,Delhi,2024-06-03,No,4,No
7131,Arjun Kumar,Male,39,IT,Analyst,B.Tech,17,104350,Noida,2023-11-28,No,1,No
7132,Rahul Yadav,Female,30,IT,Analyst,B.Com,1,72113,Ahmedabad,2016-12-07,No,5,No
7133,Neha Gupta,Male,27,Finance,Financial Analyst,B.Tech,0,50334,Mumbai,2019-03-28,No,2,Yes
7134,Sonia Roy,Female,30,Finance,Financial Analyst,B.Com,8,71803,Bengaluru,2024-11-19,Yes,4,No
7135,Rohan Roy,Female,38,HR,HR Executive,B.Com,18,84110,Mumbai,2019-11-16,No,3,No
7136,Neha Singh,Female,31,Sales,Sales Manager,Graduate,1,50721,Delhi,2019-10-18,No,5,No
7137,Rahul Sharma,Male,37,Finance,Accountant,Graduate,8,79081,Lucknow,2016-01-10,Yes,5,No
7138,Sneha Joshi,Male,40,Sales,Sales Executive,B.Tech,13,80067,Bengaluru,2019-08-10,No,3,No
7139,Sonia Gupta,Male,31,Sales,Sales Manager,B.Com,11,74882,Pune,2020-12-02,Yes,4,No
7140,Deepak Patel,Male,46,Marketing,Marketing Executive,B.Tech,17,93139,Kolkata,2022-08-20,No,4,No
7141,Kiran Verma,Female,39,HR,Recruiter,Graduate,15,74876,Delhi,2017-02-25,Yes,2,Yes
7142,Sonia Patel,Male,34,HR,HR Executive,Graduate,9,60557,Bengaluru,2021-12-28,Yes,2,Yes
7143,Nisha Roy,Male,44,HR,HR Executive,B.Com,15,75976,Bengaluru,2017-02-26,No,5,No
7144,Pooja Sharma,Female,33,Finance,Accountant,MBA,13,92439,Pune,2022-04-12,Yes,1,Yes
7145,Rahul Sharma,Female,36,HR,Recruiter,MBA,7,55697,Noida,2018-12-28,No,4,No
7146,Mohit Yadav,Male,41,HR,Recruiter,B.Com,11,69263,Mumbai,2016-12-18,Yes,4,No
7147,Sonia Verma,Male,27,Finance,Financial Analyst,B.Com,7,69081,Bengaluru,2017-02-12,No,4,No
7148,Sneha Yadav,Male,35,IT,QA Engineer,B.Com,12,94630,Pune,2019-03-06,No,1,No
7149,Mohit Sharma,Male,34,IT,QA Engineer,Graduate,5,81976,Chennai,2015-10-02,No,1,No
7150,Arjun Singh,Female,41,HR,Recruiter,B.Com,14,70470,Lucknow,2020-06-19,Yes,1,No
7151,Neha Roy,Male,43,Finance,Financial Analyst,B.Tech,15,92898,Bengaluru,2016-05-18,Yes,5,No
7152,Nisha Gupta,Female,28,Sales,Sales Executive,B.Tech,3,53686,Kolkata,2017-05-27,No,3,No
7153,Sneha Mehta,Female,28,HR,Recruiter,B.Tech,6,58825,Lucknow,2017-01-11,Yes,1,Yes
7154,Deepak Joshi,Female,31,Finance,Accountant,MBA,6,67720,Noida,2016-03-18,No,4,No
7155,Sneha Yadav,Female,34,HR,Recruiter,B.Tech,8,61088,Bengaluru,2023-03-03,Yes,2,Yes
7156,Vikas Gupta,Male,32,IT,Developer,MBA,2,67913,Chennai,2020-12-03,No,5,Yes
7157,Amit Sharma,Female,36,Sales,Sales Manager,Graduate,14,84386,Noida,2017-03-10,No,5,No
7158,Sneha Mehta,Male,40,IT,Analyst,MBA,19,110522,Lucknow,2019-11-10,No,2,Yes
7159,Priya Singh,Male,23,Operations,Supervisor,B.Com,2,50869,Pune,2017-01-12,No,4,No
7160,Pooja Roy,Male,28,HR,HR Executive,B.Com,6,57906,Noida,2024-12-16,Yes,3,No
7161,Mohit Singh,Female,42,Sales,Sales Manager,MBA,17,87555,Noida,2022-04-27,No,2,No
7162,Arjun Yadav,Female,42,Finance,Financial Analyst,Graduate,17,94709,Chennai,2024-02-26,Yes,5,No
7163,Anjali Patel,Male,33,IT,Developer,B.Com,12,97986,Delhi,2019-06-22,No,3,No
7164,Neha Singh,Male,24,Operations,Operations Executive,M.Com,1,41459,Delhi,2016-07-19,No,4,No
7165,Priya Roy,Female,24,Sales,Sales Manager,B.Com,0,48133,Delhi,2023-12-27,No,5,No
7166,Pooja Roy,Male,25,Sales,Sales Executive,Graduate,4,57584,Jaipur,2020-08-08,No,1,Yes
7167,Anjali Singh,Female,28,Operations,Supervisor,M.Com,7,61429,Jaipur,2015-08-01,Yes,2,No
7168,Deepak Mehta,Female,29,Finance,Financial Analyst,B.Tech,8,76593,Bengaluru,2017-12-27,Yes,4,No
7169,Rohan Gupta,Female,28,Operations,Operations Executive,B.Com,4,52590,Jaipur,2023-05-17,No,1,No
7170,Vikas Roy,Female,34,Marketing,Marketing Executive,Graduate,9,67245,Lucknow,2020-07-14,No,2,Yes
7171,Neha Singh,Male,30,Sales,Sales Executive,M.Com,5,56921,Kolkata,2017-05-21,No,1,No
7172,Sneha Mehta,Female,43,HR,Recruiter,M.Com,17,85977,Chennai,2017-05-28,No,3,Yes
7173,Vikas Verma,Male,36,Finance,Financial Analyst,MBA,15,87521,Bengaluru,2020-08-29,No,3,No
7174,Sneha Kumar,Male,31,IT,Analyst,Graduate,6,78027,Pune,2015-02-17,No,5,No
7175,Neha Mehta,Female,32,Finance,Accountant,Graduate,5,65382,Noida,2024-10-11,No,3,No
7176,Rahul Yadav,Female,28,Operations,Operations Executive,B.Tech,8,65988,Bengaluru,2020-03-28,No,3,No
7177,Anjali Verma,Female,25,Finance,Accountant,MBA,3,58623,Delhi,2020-04-18,No,4,No
7178,Nisha Kumar,Female,34,HR,Recruiter,B.Tech,13,69350,Kolkata,2021-11-02,Yes,5,No
7179,Arjun Gupta,Female,28,HR,Recruiter,MBA,5,51284,Kolkata,2018-07-30,No,3,No
7180,Kiran Joshi,Female,48,IT,QA Engineer,Graduate,20,115046,Lucknow,2015-10-17,Yes,4,Yes
7181,Anjali Gupta,Female,36,Sales,Sales Executive,Graduate,10,66669,Bengaluru,2023-11-27,No,2,No
7182,Priya Verma,Male,30,IT,Analyst,M.Com,8,85249,Noida,2021-08-23,Yes,5,No
7183,Amit Mehta,Female,41,Finance,Financial Analyst,M.Com,13,88400,Ahmedabad,2021-11-27,Yes,2,No
7184,Rohan Sharma,Male,44,IT,Developer,B.Tech,15,104919,Jaipur,2020-02-16,Yes,2,No
7185,Vikas Singh,Male,29,Sales,Sales Manager,M.Com,1,50646,Lucknow,2020-04-27,No,5,No
7186,Kiran Singh,Male,33,IT,Developer,B.Com,8,82643,Delhi,2022-04-10,No,1,Yes
7187,Rahul Singh,Female,35,Marketing,Marketing Executive,MBA,5,65400,Noida,2021-04-20,No,3,No
7188,Pooja Mehta,Female,40,Operations,Supervisor,MBA,11,69598,Ahmedabad,2016-03-15,Yes,4,No
7189,Kiran Gupta,Male,38,Finance,Accountant,MBA,18,96659,Ahmedabad,2021-12-21,No,4,No
7190,Kiran Gupta,Female,32,HR,HR Executive,B.Tech,3,46370,Pune,2023-08-08,No,4,No
7191,Rohan Gupta,Female,34,Finance,Accountant,Graduate,8,73012,Chennai,2015-08-16,No,5,No
7192,Amit Patel,Female,40,HR,Recruiter,M.Com,18,86480,Delhi,2021-01-08,No,4,No
7193,Kiran Roy,Male,27,Marketing,SEO Specialist,B.Tech,7,67672,Delhi,2015-07-16,Yes,2,Yes
7194,Sneha Gupta,Male,41,Operations,Operations Executive,MBA,15,82955,Bengaluru,2024-05-20,Yes,3,No
7195,Rahul Sharma,Male,42,Marketing,SEO Specialist,M.Com,16,92302,Bengaluru,2015-01-21,No,3,No
7196,Pooja Yadav,Female,34,Finance,Accountant,M.Com,11,78628,Bengaluru,2024-12-20,Yes,4,No
7197,Arjun Roy,Male,29,IT,Developer,MBA,6,79923,Ahmedabad,2018-03-23,No,1,No
7198,Pooja Singh,Male,31,Sales,Sales Manager,B.Com,5,59329,Noida,2018-12-30,No,5,No
7199,Vikas Yadav,Female,43,IT,Developer,M.Com,19,113722,Pune,2016-06-06,Yes,5,No
7200,Neha Kumar,Female,40,Marketing,SEO Specialist,M.Com,16,91576,Bengaluru,2016-09-01,No,1,No
7201,Arjun Yadav,Male,28,Marketing,Marketing Executive,B.Com,3,53921,Kolkata,2022-02-09,No,2,Yes
7202,Amit Joshi,Female,48,HR,HR Executive,B.Com,20,85092,Jaipur,2015-05-24,Yes,5,No
7203,Sneha Sharma,Male,28,HR,Recruiter,Graduate,1,46473,Ahmedabad,2021-06-20,No,5,No
7204,Neha Verma,Male,28,Finance,Financial Analyst,B.Com,5,70870,Jaipur,2018-12-10,No,2,Yes
7205,Rahul Patel,Male,43,Sales,Sales Executive,Graduate,14,81861,Ahmedabad,2015-09-06,Yes,5,No
7206,Sonia Patel,Female,33,IT,Developer,Graduate,5,73857,Mumbai,2024-10-22,No,3,No
7207,Amit Patel,Female,46,Sales,Sales Executive,M.Com,20,98003,Kolkata,2021-12-06,Yes,3,Yes
7208,Vikas Sharma,Male,30,HR,Recruiter,MBA,9,59415,Bengaluru,2024-06-03,No,5,No
7209,Priya Kumar,Female,32,HR,Recruiter,B.Com,11,65809,Noida,2017-08-12,No,1,Yes
7210,Rahul Joshi,Female,28,Marketing,SEO Specialist,B.Com,5,59112,Noida,2016-05-01,No,1,Yes
7211,Arjun Verma,Male,39,Operations,Operations Executive,B.Tech,14,77042,Mumbai,2024-03-01,Yes,5,No
7212,Rohan Roy,Male,28,Operations,Supervisor,M.Com,3,51143,Kolkata,2022-07-12,No,1,Yes
7213,Priya Gupta,Male,40,Finance,Financial Analyst,B.Com,18,103090,Ahmedabad,2020-03-28,Yes,1,No
7214,Anjali Mehta,Male,28,Marketing,SEO Specialist,M.Com,0,51097,Chennai,2018-04-02,No,5,No
7215,Sonia Roy,Female,36,Operations,Operations Executive,Graduate,7,58032,Mumbai,2023-04-12,No,4,No
7216,Deepak Patel,Male,31,HR,Recruiter,B.Com,6,52677,Noida,2016-01-30,No,1,Yes
7217,Pooja Kumar,Female,46,IT,Developer,B.Tech,17,106221,Mumbai,2017-03-25,No,2,Yes
7218,Anjali Yadav,Male,37,Operations,Operations Executive,B.Com,8,60224,Lucknow,2018-02-15,Yes,4,No
7219,Rohan Sharma,Female,23,Operations,Supervisor,Graduate,3,48595,Pune,2015-10-17,No,1,No
7220,Vikas Joshi,Male,44,Marketing,Marketing Executive,B.Tech,14,84557,Pune,2021-03-26,No,2,Yes
7221,Rahul Sharma,Male,39,Marketing,SEO Specialist,MBA,18,89766,Bengaluru,2021-10-28,Yes,3,No
7222,Kiran Patel,Female,30,Sales,Sales Executive,B.Tech,2,50173,Delhi,2019-09-03,No,1,Yes
7223,Rohan Verma,Male,44,Marketing,Marketing Executive,B.Tech,19,98601,Pune,2015-10-31,No,3,No
7224,Sonia Kumar,Male,42,IT,Developer,B.Tech,19,109036,Chennai,2023-03-31,No,3,No
7225,Neha Joshi,Female,31,Finance,Accountant,B.Com,7,75336,Noida,2024-05-21,No,2,No
7226,Kiran Kumar,Female,32,Finance,Financial Analyst,Graduate,10,82271,Pune,2015-01-23,No,4,No
7227,Amit Yadav,Female,37,Finance,Financial Analyst,M.Com,9,73161,Ahmedabad,2024-03-26,No,1,No
7228,Sonia Verma,Female,32,Finance,Accountant,B.Com,11,85560,Noida,2022-12-06,No,2,Yes
7229,Rohan Joshi,Male,36,IT,Developer,Graduate,6,81282,Delhi,2017-11-24,Yes,3,No
7230,Pooja Kumar,Male,40,HR,HR Executive,B.Com,11,62518,Pune,2017-09-01,No,2,No
7231,Vikas Yadav,Male,32,Sales,Sales Manager,B.Com,6,59453,Delhi,2015-04-06,Yes,3,No
7232,Vikas Gupta,Female,38,Operations,Operations Executive,B.Tech,9,63936,Ahmedabad,2018-05-19,No,1,No
7233,Sonia Patel,Male,45,HR,HR Executive,B.Com,15,81963,Bengaluru,2016-07-15,Yes,2,No
7234,Deepak Mehta,Male,35,Sales,Sales Executive,MBA,10,65676,Ahmedabad,2016-12-03,No,4,No
7235,Mohit Joshi,Female,32,Marketing,SEO Specialist,M.Com,8,63493,Chennai,2018-09-09,Yes,1,Yes
7236,Deepak Singh,Male,33,HR,Recruiter,B.Com,7,56717,Jaipur,2022-07-05,Yes,5,No
7237,Deepak Joshi,Female,45,Operations,Operations Executive,B.Tech,16,79782,Kolkata,2024-01-31,No,5,No
7238,Kiran Singh,Male,45,Sales,Sales Manager,MBA,19,90575,Jaipur,2024-12-28,Yes,3,No
7239,Amit Sharma,Male,38,HR,HR Executive,B.Tech,11,72225,Bengaluru,2018-07-30,Yes,3,No
7240,Arjun Joshi,Female,39,Sales,Sales Manager,B.Com,14,76040,Delhi,2017-08-20,Yes,2,Yes
7241,Deepak Sharma,Female,23,Operations,Supervisor,B.Com,1,39567,Chennai,2020-10-24,No,2,Yes
7242,Sneha Sharma,Male,29,Finance,Accountant,B.Tech,2,63628,Lucknow,2024-03-20,No,2,No
7243,Neha Roy,Male,29,Finance,Financial Analyst,B.Tech,7,70412,Mumbai,2019-07-04,No,2,Yes
7244,Rahul Patel,Male,47,Finance,Accountant,MBA,19,106029,Bengaluru,2021-11-19,No,2,Yes
7245,Vikas Roy,Female,36,Marketing,Marketing Executive,M.Com,6,58616,Kolkata,2023-08-20,No,4,Yes
7246,Mohit Patel,Female,38,Sales,Sales Manager,M.Com,15,77879,Noida,2021-08-21,No,2,No
7247,Priya Roy,Male,39,Sales,Sales Executive,Graduate,12,73829,Kolkata,2016-09-22,Yes,2,No
7248,Pooja Patel,Female,32,IT,QA Engineer,M.Com,5,76796,Bengaluru,2016-04-23,No,1,No
7249,Arjun Yadav,Female,29,IT,QA Engineer,B.Tech,8,88817,Noida,2019-01-16,No,5,No
7250,Pooja Mehta,Female,23,Sales,Sales Executive,Graduate,1,44085,Chennai,2017-12-03,No,5,No
7251,Neha Mehta,Female,28,Sales,Sales Executive,B.Com,3,48883,Lucknow,2017-10-04,No,4,No
7252,Sneha Gupta,Male,30,Sales,Sales Manager,B.Com,0,43653,Chennai,2019-01-09,No,1,Yes
7253,Deepak Yadav,Female,34,Operations,Operations Executive,Graduate,11,74288,Jaipur,2022-12-03,No,4,No
7254,Sonia Verma,Female,31,Operations,Supervisor,M.Com,9,59536,Delhi,2019-01-24,Yes,5,No
7255,Arjun Sharma,Male,22,Finance,Accountant,MBA,2,61375,Mumbai,2015-12-16,No,1,No
7256,Kiran Patel,Female,28,IT,Analyst,MBA,5,78313,Jaipur,2022-09-19,No,3,No
7257,Deepak Kumar,Male,36,Operations,Operations Executive,M.Com,10,62616,Pune,2024-11-22,No,2,Yes
7258,Priya Joshi,Male,29,Marketing,SEO Specialist,MBA,5,60648,Bengaluru,2017-02-03,No,5,No
7259,Pooja Joshi,Male,41,Operations,Supervisor,Graduate,17,83068,Ahmedabad,2023-01-24,No,5,No
7260,Kiran Roy,Male,35,Marketing,Marketing Executive,Graduate,6,59299,Kolkata,2022-01-24,Yes,1,Yes
7261,Sonia Gupta,Male,38,HR,HR Executive,MBA,13,70777,Delhi,2019-01-23,No,3,No
7262,Amit Singh,Female,41,Operations,Supervisor,MBA,19,93649,Kolkata,2018-01-31,Yes,2,No
7263,Anjali Roy,Female,27,HR,HR Executive,MBA,1,41809,Bengaluru,2016-05-15,No,5,No
7264,Priya Mehta,Female,49,Finance,Financial Analyst,B.Com,19,104057,Delhi,2020-11-13,Yes,3,No
7265,Amit Gupta,Male,31,HR,Recruiter,M.Com,5,53679,Jaipur,2017-02-28,No,5,No
7266,Deepak Mehta,Male,29,Sales,Sales Executive,B.Com,5,56956,Pune,2021-04-22,No,3,No
7267,Anjali Mehta,Male,35,IT,Developer,M.Com,10,86349,Mumbai,2023-03-16,No,2,Yes
7268,Vikas Sharma,Female,36,Marketing,Marketing Executive,MBA,14,79842,Chennai,2021-03-31,No,2,Yes
7269,Deepak Sharma,Female,28,Finance,Financial Analyst,Graduate,7,74224,Pune,2017-01-09,Yes,3,No
7270,Nisha Roy,Male,30,Sales,Sales Manager,M.Com,3,54343,Chennai,2016-04-12,No,1,No
7271,Amit Mehta,Male,42,IT,Analyst,M.Com,16,104876,Bengaluru,2018-01-17,No,1,Yes
7272,Kiran Singh,Male,42,Finance,Accountant,MBA,16,93089,Jaipur,2017-10-17,No,3,No
7273,Sonia Sharma,Female,30,Marketing,SEO Specialist,Graduate,9,70814,Chennai,2020-08-28,Yes,2,No
7274,Nisha Joshi,Female,27,Marketing,Marketing Executive,MBA,5,56569,Mumbai,2023-02-10,No,4,No
7275,Mohit Verma,Male,28,Sales,Sales Manager,Graduate,0,44828,Jaipur,2021-06-09,No,1,No
7276,Pooja Singh,Male,29,IT,Developer,MBA,7,82748,Mumbai,2015-04-16,No,2,No
7277,Sonia Gupta,Female,41,IT,QA Engineer,Graduate,15,97835,Jaipur,2016-02-28,Yes,2,No
7278,Vikas Verma,Female,36,Sales,Sales Executive,B.Com,6,63387,Delhi,2016-07-22,No,3,No
7279,Vikas Verma,Female,39,Sales,Sales Manager,Graduate,16,80137,Ahmedabad,2023-10-23,No,5,No
7280,Anjali Gupta,Female,28,Finance,Accountant,MBA,7,76470,Lucknow,2024-08-25,No,5,No
7281,Nisha Verma,Male,38,Marketing,Marketing Executive,B.Tech,8,63729,Pune,2022-05-04,No,5,No
7282,Priya Verma,Female,30,IT,QA Engineer,B.Com,10,91442,Chennai,2024-09-08,No,5,No
7283,Anjali Mehta,Male,30,HR,HR Executive,M.Com,5,51854,Jaipur,2022-06-12,No,4,No
7284,Mohit Joshi,Female,37,Sales,Sales Executive,M.Com,9,68479,Kolkata,2022-09-25,No,4,No
7285,Mohit Verma,Male,31,Sales,Sales Manager,Graduate,10,67415,Jaipur,2016-01-26,Yes,4,No
7286,Sneha Patel,Male,35,IT,QA Engineer,Graduate,15,102750,Bengaluru,2018-10-11,Yes,3,No
7287,Arjun Mehta,Male,35,IT,Developer,MBA,7,84349,Lucknow,2016-05-26,No,1,No
7288,Pooja Sharma,Male,26,Marketing,SEO Specialist,Graduate,2,48552,Bengaluru,2022-07-12,No,1,No
7289,Arjun Mehta,Male,31,Operations,Operations Executive,Graduate,9,68392,Jaipur,2020-08-26,No,1,Yes
7290,Sneha Gupta,Female,32,Operations,Supervisor,B.Tech,7,60341,Kolkata,2018-04-09,Yes,1,No
7291,Sneha Joshi,Female,36,IT,Analyst,MBA,9,89343,Mumbai,2018-07-19,No,5,No
7292,Mohit Patel,Female,31,HR,Recruiter,M.Com,11,64483,Ahmedabad,2016-07-27,Yes,1,Yes
7293,Priya Roy,Female,34,Finance,Financial Analyst,B.Tech,13,92069,Lucknow,2020-03-23,No,2,Yes
7294,Vikas Roy,Female,43,Sales,Sales Executive,Graduate,14,79868,Jaipur,2017-02-14,No,2,Yes
7295,Rahul Joshi,Female,34,IT,QA Engineer,Graduate,11,92993,Kolkata,2017-07-19,No,2,Yes
7296,Arjun Kumar,Female,49,Finance,Financial Analyst,B.Tech,20,103292,Noida,2022-01-06,No,4,No
7297,Neha Verma,Female,27,IT,QA Engineer,B.Com,2,73521,Bengaluru,2015-04-06,No,4,No
7298,Nisha Gupta,Female,44,Finance,Accountant,B.Com,14,94074,Pune,2019-12-24,No,3,No
7299,Arjun Mehta,Male,23,Sales,Sales Manager,Graduate,2,48026,Jaipur,2019-07-24,No,2,No
7300,Rohan Sharma,Female,39,Marketing,SEO Specialist,B.Tech,12,75551,Delhi,2017-12-24,No,1,Yes
7301,Kiran Sharma,Female,40,IT,Analyst,M.Com,15,97703,Kolkata,2019-02-01,Yes,1,No
7302,Kiran Verma,Female,24,Finance,Financial Analyst,M.Com,2,58803,Jaipur,2016-12-23,No,4,No
7303,Pooja Gupta,Male,37,Marketing,SEO Specialist,M.Com,11,74648,Noida,2021-12-08,No,2,No
7304,Mohit Joshi,Female,38,Finance,Financial Analyst,Graduate,14,86576,Lucknow,2022-09-22,No,4,No
7305,Deepak Gupta,Male,46,HR,HR Executive,Graduate,20,85232,Delhi,2019-01-29,No,1,No
7306,Sonia Gupta,Female,35,Finance,Accountant,Graduate,15,94815,Delhi,2022-09-10,No,4,Yes
7307,Kiran Singh,Male,44,Operations,Operations Executive,B.Com,14,75101,Noida,2018-02-05,Yes,3,No
7308,Sonia Mehta,Male,26,IT,Developer,B.Com,6,84979,Ahmedabad,2015-08-13,No,3,No
7309,Amit Sharma,Female,34,Operations,Operations Executive,M.Com,11,71937,Ahmedabad,2023-02-18,No,3,No
7310,Rahul Sharma,Female,40,Sales,Sales Manager,MBA,10,73404,Bengaluru,2022-02-15,No,4,Yes
7311,Sneha Verma,Male,44,Marketing,SEO Specialist,B.Tech,17,93725,Lucknow,2023-06-01,No,2,No
7312,Priya Sharma,Male,24,IT,Developer,B.Tech,4,75138,Noida,2020-11-15,No,2,No
7313,Pooja Sharma,Male,35,Sales,Sales Manager,B.Tech,14,81414,Noida,2016-09-12,Yes,1,No
7314,Deepak Gupta,Male,41,Marketing,Marketing Executive,B.Tech,11,71110,Jaipur,2017-04-29,No,4,Yes
7315,Nisha Patel,Female,35,IT,QA Engineer,M.Com,11,95053,Jaipur,2022-10-15,Yes,4,No
7316,Nisha Roy,Female,26,IT,Developer,M.Com,0,69295,Delhi,2023-09-29,No,2,No
7317,Deepak Patel,Female,26,Operations,Operations Executive,MBA,5,59277,Jaipur,2016-05-09,No,4,No
7318,Sneha Mehta,Female,29,Sales,Sales Manager,Graduate,2,47617,Noida,2016-05-06,No,2,Yes
7319,Amit Singh,Male,34,Marketing,Marketing Executive,MBA,5,65087,Jaipur,2021-11-09,No,5,No
7320,Kiran Verma,Female,48,IT,QA Engineer,B.Tech,18,105646,Kolkata,2015-05-04,No,1,No
7321,Deepak Singh,Female,31,Marketing,SEO Specialist,MBA,7,60506,Chennai,2022-05-12,Yes,2,No
7322,Arjun Sharma,Male,24,Finance,Accountant,B.Tech,1,56756,Bengaluru,2019-03-06,No,3,Yes
7323,Rahul Kumar,Female,42,Finance,Financial Analyst,M.Com,18,98399,Ahmedabad,2020-04-13,No,5,No
7324,Priya Mehta,Female,39,Marketing,Marketing Executive,MBA,16,83156,Pune,2018-01-29,Yes,3,No
7325,Nisha Mehta,Female,25,IT,Developer,MBA,2,65597,Jaipur,2023-09-11,No,1,No
7326,Priya Yadav,Female,28,Finance,Accountant,B.Tech,5,68128,Ahmedabad,2021-09-12,No,4,No
7327,Priya Singh,Female,34,Sales,Sales Manager,B.Tech,12,79608,Bengaluru,2019-01-03,Yes,4,No
7328,Rohan Roy,Male,41,Operations,Operations Executive,M.Com,12,67693,Kolkata,2019-05-25,Yes,3,No
7329,Pooja Yadav,Female,36,Operations,Supervisor,B.Tech,16,78743,Delhi,2021-02-10,Yes,4,No
7330,Rohan Sharma,Male,31,Finance,Financial Analyst,M.Com,11,78347,Noida,2018-05-25,Yes,2,Yes
7331,Priya Roy,Male,25,Sales,Sales Executive,B.Com,4,50370,Pune,2018-09-17,No,3,No
7332,Amit Mehta,Male,37,Operations,Operations Executive,M.Com,8,65044,Ahmedabad,2021-11-08,No,5,No
7333,Arjun Joshi,Male,41,Marketing,Marketing Executive,B.Com,11,78809,Chennai,2021-09-19,No,3,No
7334,Sonia Sharma,Female,25,Operations,Operations Executive,B.Com,4,54570,Pune,2021-08-03,No,4,No
7335,Neha Gupta,Female,43,Sales,Sales Executive,Graduate,15,84552,Kolkata,2015-12-10,Yes,2,Yes
7336,Arjun Roy,Male,25,Finance,Financial Analyst,Graduate,0,50211,Noida,2015-05-21,No,2,Yes
7337,Amit Sharma,Female,28,Operations,Operations Executive,M.Com,8,64600,Pune,2022-05-12,Yes,4,No
7338,Arjun Roy,Male,39,Finance,Financial Analyst,M.Com,9,79215,Jaipur,2018-11-24,Yes,3,No
7339,Kiran Gupta,Male,31,IT,QA Engineer,MBA,2,73972,Delhi,2023-04-15,No,5,No
7340,Sneha Roy,Male,40,HR,Recruiter,Graduate,12,69173,Noida,2021-08-13,Yes,5,No
7341,Sneha Yadav,Female,26,Finance,Financial Analyst,MBA,2,59843,Noida,2021-01-07,No,1,No
7342,Anjali Joshi,Male,23,Operations,Operations Executive,MBA,3,46546,Jaipur,2015-01-10,No,4,No
7343,Pooja Singh,Female,35,HR,HR Executive,MBA,11,63101,Chennai,2019-02-09,No,5,No
7344,Priya Joshi,Female,37,IT,Developer,Graduate,9,84497,Ahmedabad,2022-03-03,Yes,1,Yes
7345,Neha Gupta,Male,26,Sales,Sales Manager,B.Com,4,51523,Noida,2021-07-14,No,4,No
7346,Pooja Kumar,Female,42,IT,QA Engineer,Graduate,12,97270,Jaipur,2024-04-12,Yes,5,No
7347,Pooja Roy,Male,45,IT,Developer,MBA,19,116434,Noida,2024-02-05,Yes,2,Yes
7348,Arjun Kumar,Female,38,HR,HR Executive,Graduate,10,62761,Mumbai,2017-05-21,Yes,3,Yes
7349,Sneha Patel,Female,39,HR,Recruiter,Graduate,17,86311,Lucknow,2016-01-23,Yes,5,No
7350,Priya Kumar,Female,30,Sales,Sales Manager,B.Tech,7,60410,Pune,2019-01-08,No,1,Yes
7351,Sneha Sharma,Male,41,Operations,Supervisor,Graduate,19,87348,Kolkata,2016-03-25,No,1,No
7352,Vikas Joshi,Male,28,Operations,Operations Executive,B.Tech,2,49558,Noida,2023-08-02,No,2,Yes
7353,Rohan Verma,Male,28,Operations,Supervisor,M.Com,1,43055,Ahmedabad,2018-07-23,No,5,No
7354,Vikas Singh,Female,30,Marketing,SEO Specialist,B.Tech,9,71150,Lucknow,2021-11-25,Yes,3,No
7355,Kiran Gupta,Male,36,Sales,Sales Executive,MBA,13,80506,Delhi,2020-06-07,Yes,5,No
7356,Vikas Kumar,Male,35,HR,HR Executive,M.Com,12,69862,Noida,2024-11-08,Yes,1,No
7357,Nisha Kumar,Female,28,Marketing,Marketing Executive,M.Com,3,57694,Kolkata,2019-07-24,No,5,No
7358,Anjali Gupta,Female,41,Operations,Supervisor,MBA,16,77605,Pune,2022-03-10,No,4,No
7359,Deepak Sharma,Male,30,HR,HR Executive,Graduate,7,57625,Mumbai,2021-05-20,Yes,1,Yes
7360,Neha Kumar,Male,42,Sales,Sales Executive,B.Tech,19,92089,Noida,2016-09-10,No,1,No
7361,Vikas Yadav,Male,29,HR,Recruiter,B.Com,1,46354,Pune,2018-11-08,No,1,No
7362,Rahul Mehta,Female,33,Sales,Sales Manager,Graduate,12,74429,Jaipur,2018-05-19,No,1,Yes
7363,Nisha Roy,Male,40,Marketing,SEO Specialist,B.Com,18,89436,Lucknow,2023-02-10,Yes,4,No
7364,Vikas Verma,Female,28,IT,QA Engineer,Graduate,4,79951,Jaipur,2021-10-18,No,5,No
7365,Sneha Mehta,Female,28,HR,Recruiter,Graduate,1,43972,Noida,2022-10-09,No,5,No
7366,Rohan Singh,Female,33,Sales,Sales Manager,M.Com,4,55702,Kolkata,2023-06-28,No,1,No
7367,Arjun Joshi,Female,33,Operations,Operations Executive,B.Com,10,62428,Jaipur,2023-09-21,Yes,3,No
7368,Neha Singh,Female,34,IT,Developer,M.Com,4,74922,Bengaluru,2021-01-06,No,2,No
7369,Rahul Sharma,Female,41,Marketing,SEO Specialist,M.Com,20,99283,Jaipur,2020-12-11,No,2,Yes
7370,Pooja Roy,Male,39,HR,Recruiter,M.Com,10,69239,Lucknow,2024-11-05,Yes,5,No
7371,Arjun Yadav,Female,36,Finance,Accountant,B.Com,6,73697,Ahmedabad,2016-10-06,No,2,Yes
7372,Rahul Sharma,Male,41,Operations,Supervisor,B.Tech,13,71034,Delhi,2016-04-22,No,2,No
7373,Neha Joshi,Male,46,IT,Developer,B.Com,17,112036,Lucknow,2015-06-23,No,2,No
7374,Mohit Yadav,Male,45,Finance,Financial Analyst,MBA,17,95107,Delhi,2017-01-24,No,3,No
7375,Anjali Mehta,Male,39,Finance,Accountant,Graduate,15,96068,Jaipur,2019-07-25,Yes,4,Yes
7376,Rahul Mehta,Male,31,Marketing,SEO Specialist,B.Tech,1,55461,Ahmedabad,2019-12-15,No,4,No
7377,Rahul Kumar,Female,45,Finance,Financial Analyst,Graduate,18,99370,Chennai,2015-01-03,No,5,No
7378,Vikas Gupta,Male,31,Marketing,SEO Specialist,M.Com,4,55413,Kolkata,2024-04-20,No,4,No
7379,Neha Joshi,Female,48,IT,Analyst,B.Com,19,114648,Jaipur,2024-09-02,Yes,4,No
7380,Sneha Joshi,Male,25,Marketing,SEO Specialist,M.Com,1,48260,Mumbai,2020-09-24,No,5,No
7381,Neha Roy,Female,30,Operations,Supervisor,MBA,9,69423,Jaipur,2019-01-29,Yes,3,No
7382,Sonia Gupta,Female,39,Marketing,SEO Specialist,B.Tech,12,75878,Noida,2020-06-12,Yes,5,No
7383,Pooja Joshi,Male,38,Sales,Sales Manager,MBA,13,82438,Mumbai,2017-03-30,Yes,5,No
7384,Sneha Mehta,Male,46,HR,Recruiter,B.Tech,17,81383,Bengaluru,2017-10-15,No,1,No
7385,Anjali Patel,Male,29,Marketing,Marketing Executive,B.Tech,6,66244,Noida,2021-10-09,No,5,Yes
7386,Neha Roy,Female,42,Marketing,SEO Specialist,MBA,13,83139,Bengaluru,2024-11-21,Yes,3,No
7387,Arjun Joshi,Male,30,Operations,Operations Executive,B.Tech,1,46985,Ahmedabad,2016-03-18,No,3,No
7388,Arjun Sharma,Female,43,Sales,Sales Executive,M.Com,18,85697,Delhi,2021-01-18,No,1,Yes
7389,Priya Patel,Female,27,IT,QA Engineer,M.Com,0,69754,Noida,2023-06-25,No,5,No
7390,Rohan Sharma,Male,38,Sales,Sales Manager,B.Com,13,81434,Jaipur,2024-02-06,No,5,No
7391,Mohit Roy,Female,35,Marketing,Marketing Executive,MBA,7,64835,Pune,2015-03-09,No,1,Yes
7392,Vikas Sharma,Male,26,HR,Recruiter,B.Com,2,41085,Mumbai,2022-01-30,No,1,No
7393,Anjali Sharma,Female,29,Operations,Supervisor,M.Com,2,49226,Bengaluru,2022-03-22,No,4,No
7394,Mohit Kumar,Male,25,IT,Analyst,Graduate,0,60540,Jaipur,2015-05-30,No,1,No
7395,Deepak Mehta,Female,22,IT,QA Engineer,M.Com,1,64492,Delhi,2023-11-16,No,5,No
7396,Priya Patel,Female,39,Operations,Supervisor,M.Com,19,94042,Bengaluru,2019-08-02,Yes,1,No
7397,Arjun Gupta,Male,31,Sales,Sales Executive,MBA,1,46844,Delhi,2018-04-17,No,1,No
7398,Nisha Patel,Female,25,IT,QA Engineer,MBA,2,70353,Lucknow,2024-03-15,No,2,Yes
7399,Kiran Roy,Male,28,Marketing,Marketing Executive,Graduate,6,63985,Lucknow,2020-09-18,No,4,No
7400,Kiran Gupta,Female,39,Finance,Financial Analyst,B.Com,15,92593,Bengaluru,2016-04-24,Yes,1,No
7401,Anjali Gupta,Male,41,Finance,Financial Analyst,B.Com,20,106985,Mumbai,2023-03-04,Yes,5,No
7402,Arjun Sharma,Female,46,Operations,Operations Executive,B.Tech,20,95762,Lucknow,2019-02-08,Yes,1,No
7403,Anjali Gupta,Male,21,Finance,Accountant,Graduate,0,54619,Mumbai,2017-02-15,No,1,No
7404,Pooja Gupta,Male,46,Marketing,SEO Specialist,M.Com,20,94273,Delhi,2020-10-13,No,2,Yes
7405,Deepak Joshi,Female,33,HR,Recruiter,MBA,13,69093,Lucknow,2023-05-09,No,4,No
7406,Amit Yadav,Male,32,Operations,Supervisor,B.Com,7,56748,Chennai,2018-05-16,Yes,3,No
7407,Mohit Joshi,Female,40,Marketing,Marketing Executive,B.Com,10,72592,Mumbai,2023-03-14,No,3,Yes
7408,Priya Sharma,Female,45,HR,HR Executive,B.Com,20,90023,Ahmedabad,2023-02-19,No,5,No
7409,Mohit Joshi,Male,34,Finance,Financial Analyst,MBA,4,65552,Bengaluru,2017-07-26,No,1,No
7410,Rohan Joshi,Female,22,Marketing,Marketing Executive,B.Tech,2,50922,Bengaluru,2021-02-12,No,4,No
7411,Priya Mehta,Female,47,Sales,Sales Executive,MBA,18,92952,Pune,2018-04-04,No,1,Yes
7412,Nisha Roy,Female,28,Operations,Supervisor,MBA,8,66262,Kolkata,2022-10-13,No,1,Yes
7413,Vikas Mehta,Female,40,IT,Developer,M.Com,13,101164,Chennai,2020-10-28,No,2,No
7414,Pooja Joshi,Male,22,Marketing,Marketing Executive,MBA,2,53832,Kolkata,2019-11-25,No,1,No
7415,Arjun Yadav,Male,30,Finance,Accountant,B.Com,6,70866,Lucknow,2023-10-29,Yes,5,No
7416,Anjali Gupta,Female,40,Operations,Supervisor,MBA,16,86627,Kolkata,2017-11-22,No,5,Yes
7417,Neha Gupta,Male,45,Finance,Accountant,B.Tech,17,92987,Ahmedabad,2018-07-06,No,3,Yes
7418,Sneha Kumar,Male,43,HR,Recruiter,B.Tech,16,76390,Noida,2015-08-03,Yes,1,Yes
7419,Nisha Mehta,Female,42,Finance,Accountant,M.Com,20,108682,Delhi,2018-06-06,Yes,4,No
7420,Arjun Gupta,Female,23,Operations,Operations Executive,B.Com,1,49456,Noida,2022-03-22,No,5,No
7421,Amit Singh,Female,42,Sales,Sales Executive,MBA,12,71648,Kolkata,2024-05-31,No,4,No
7422,Amit Yadav,Female,37,Marketing,SEO Specialist,M.Com,15,82356,Kolkata,2017-10-01,No,4,No
7423,Priya Verma,Female,32,Marketing,Marketing Executive,MBA,8,71937,Delhi,2015-12-23,No,4,No
7424,Rohan Verma,Female,29,Finance,Financial Analyst,B.Com,5,71570,Lucknow,2016-10-18,No,1,Yes
7425,Nisha Patel,Male,41,Finance,Accountant,Graduate,18,97088,Lucknow,2017-12-23,No,5,No
7426,Mohit Verma,Male,29,HR,Recruiter,B.Tech,5,48407,Delhi,2018-12-16,No,5,No
7427,Sneha Kumar,Male,37,IT,Analyst,Graduate,14,101111,Ahmedabad,2023-09-23,No,1,No
7428,Nisha Mehta,Male,27,Sales,Sales Manager,Graduate,2,49185,Delhi,2016-07-10,No,1,No
7429,Priya Kumar,Male,25,IT,Developer,B.Com,2,72033,Kolkata,2021-06-27,No,1,Yes
7430,Anjali Yadav,Male,38,Operations,Operations Executive,M.Com,14,76744,Kolkata,2016-10-19,No,3,No
7431,Nisha Roy,Male,33,Finance,Accountant,M.Com,13,89823,Ahmedabad,2016-06-04,No,4,No
7432,Rahul Mehta,Male,37,HR,Recruiter,Graduate,7,58572,Noida,2017-10-07,No,5,No
7433,Arjun Kumar,Male,43,Marketing,SEO Specialist,MBA,13,75545,Lucknow,2015-11-05,Yes,3,No
7434,Kiran Gupta,Female,36,Finance,Financial Analyst,Graduate,8,79764,Lucknow,2018-06-05,No,3,No
7435,Mohit Kumar,Female,40,Finance,Financial Analyst,Graduate,10,76032,Kolkata,2018-10-09,Yes,5,No
7436,Kiran Gupta,Female,23,Sales,Sales Executive,B.Tech,2,50904,Jaipur,2017-12-22,No,3,No
7437,Arjun Verma,Male,30,Sales,Sales Executive,M.Com,6,57800,Delhi,2016-09-09,Yes,3,No
7438,Kiran Mehta,Female,45,IT,Analyst,MBA,18,109741,Pune,2021-08-30,Yes,5,Yes
7439,Deepak Singh,Female,25,Sales,Sales Executive,Graduate,5,54135,Chennai,2020-02-04,No,5,No
7440,Priya Gupta,Female,36,Finance,Accountant,B.Com,13,83134,Chennai,2024-10-08,Yes,2,No
7441,Arjun Verma,Male,38,Marketing,SEO Specialist,B.Tech,11,72249,Noida,2019-06-28,Yes,4,No
7442,Priya Sharma,Female,32,Operations,Operations Executive,B.Tech,11,64977,Kolkata,2019-09-29,Yes,5,No
7443,Kiran Patel,Female,28,Operations,Supervisor,Graduate,0,38506,Delhi,2016-06-09,No,2,No
7444,Priya Singh,Female,24,HR,HR Executive,Graduate,3,48490,Kolkata,2024-06-09,No,4,No
7445,Deepak Mehta,Male,42,Sales,Sales Executive,MBA,17,88087,Bengaluru,2017-02-26,No,4,No
7446,Mohit Patel,Female,27,HR,Recruiter,Graduate,3,50546,Lucknow,2019-06-20,No,4,No
7447,Arjun Singh,Female,23,Marketing,SEO Specialist,MBA,3,52368,Delhi,2021-06-09,No,3,No
7448,Amit Joshi,Female,36,Sales,Sales Executive,Graduate,6,56613,Delhi,2024-11-04,No,1,Yes
7449,Neha Roy,Female,34,Operations,Supervisor,M.Com,13,77394,Mumbai,2021-12-08,Yes,2,Yes
7450,Pooja Gupta,Female,39,HR,HR Executive,B.Tech,13,72234,Lucknow,2016-12-29,Yes,1,Yes
7451,Anjali Kumar,Male,43,Sales,Sales Manager,B.Com,14,82751,Lucknow,2024-05-23,Yes,2,No
7452,Deepak Roy,Male,29,Finance,Financial Analyst,Graduate,3,66265,Noida,2021-04-21,No,5,No
7453,Deepak Patel,Female,38,Sales,Sales Manager,B.Tech,17,83253,Ahmedabad,2017-09-05,No,2,Yes
7454,Rahul Verma,Female,32,Finance,Financial Analyst,B.Tech,2,55707,Bengaluru,2024-02-17,No,3,No
7455,Rahul Yadav,Female,34,IT,QA Engineer,Graduate,10,92736,Ahmedabad,2016-05-02,No,4,No
7456,Pooja Roy,Male,43,Sales,Sales Manager,M.Com,17,91774,Chennai,2020-11-08,No,5,No
7457,Amit Verma,Female,38,HR,HR Executive,MBA,12,70289,Noida,2017-11-26,Yes,5,No
7458,Anjali Patel,Male,38,IT,Developer,B.Tech,8,88355,Kolkata,2024-03-25,No,5,No
7459,Sonia Roy,Male,28,Marketing,Marketing Executive,M.Com,3,60354,Mumbai,2018-09-16,No,4,No
7460,Rahul Patel,Female,29,HR,HR Executive,B.Com,8,62145,Lucknow,2022-10-17,Yes,5,No
7461,Deepak Mehta,Male,37,HR,Recruiter,M.Com,9,67116,Mumbai,2020-07-09,Yes,1,Yes
7462,Arjun Sharma,Male,28,Sales,Sales Executive,B.Com,0,42088,Mumbai,2024-04-15,No,5,No
7463,Deepak Gupta,Male,29,Finance,Financial Analyst,Graduate,6,73528,Mumbai,2024-06-03,No,3,No
7464,Sonia Gupta,Male,42,Operations,Supervisor,M.Com,12,75130,Pune,2020-06-27,Yes,2,Yes
7465,Arjun Joshi,Female,30,Operations,Operations Executive,MBA,3,49886,Jaipur,2019-12-27,No,2,No
7466,Priya Yadav,Male,40,HR,HR Executive,B.Com,16,78928,Lucknow,2016-10-16,No,5,No
7467,Amit Gupta,Male,30,Finance,Financial Analyst,B.Tech,3,66476,Bengaluru,2022-10-06,No,2,Yes
7468,Mohit Kumar,Female,38,HR,Recruiter,B.Tech,10,69740,Kolkata,2020-06-10,No,4,No
7469,Kiran Kumar,Male,36,Operations,Operations Executive,B.Tech,6,55144,Ahmedabad,2022-07-11,No,1,No
7470,Kiran Kumar,Female,42,IT,Developer,B.Com,20,110104,Ahmedabad,2016-02-13,No,5,No
7471,Amit Patel,Male,36,Marketing,Marketing Executive,M.Com,9,69317,Noida,2024-03-31,No,1,No
7472,Sonia Sharma,Female,29,HR,HR Executive,B.Tech,6,57029,Kolkata,2019-02-21,No,2,No
7473,Deepak Sharma,Male,45,Operations,Operations Executive,M.Com,19,92240,Jaipur,2022-04-29,No,1,No
7474,Vikas Yadav,Female,36,Marketing,Marketing Executive,B.Com,16,86344,Delhi,2017-05-06,No,2,No
7475,Kiran Joshi,Male,25,Marketing,Marketing Executive,M.Com,2,55480,Lucknow,2016-10-12,No,3,Yes
7476,Deepak Patel,Male,39,Operations,Supervisor,MBA,12,70496,Delhi,2016-06-17,No,3,Yes
7477,Rohan Singh,Male,40,HR,HR Executive,MBA,18,84312,Lucknow,2018-02-19,No,5,No
7478,Neha Patel,Male,36,Finance,Financial Analyst,MBA,14,85509,Bengaluru,2024-01-12,No,4,No
7479,Mohit Sharma,Female,31,Operations,Operations Executive,Graduate,4,49834,Lucknow,2021-05-25,No,2,Yes
7480,Mohit Yadav,Female,38,HR,Recruiter,MBA,14,78847,Jaipur,2015-03-21,Yes,5,No
7481,Sneha Joshi,Male,37,Sales,Sales Executive,Graduate,7,66252,Mumbai,2016-10-30,No,5,No
7482,Sneha Singh,Male,40,Marketing,SEO Specialist,B.Tech,20,94148,Ahmedabad,2024-12-12,Yes,4,No
7483,Rohan Roy,Female,28,Finance,Financial Analyst,M.Com,5,67111,Lucknow,2022-01-06,No,2,No
7484,Kiran Singh,Male,23,Operations,Supervisor,MBA,0,40937,Ahmedabad,2019-04-18,No,3,Yes
7485,Nisha Mehta,Female,31,Finance,Financial Analyst,M.Com,11,83938,Chennai,2024-05-11,No,1,Yes
7486,Pooja Patel,Male,35,Operations,Supervisor,M.Com,6,58789,Jaipur,2021-08-06,No,2,No
7487,Priya Sharma,Female,44,IT,Analyst,Graduate,20,113580,Chennai,2017-09-29,Yes,2,No
7488,Deepak Mehta,Female,44,IT,QA Engineer,Graduate,14,102651,Noida,2024-06-12,No,1,Yes
7489,Rohan Singh,Male,44,Marketing,Marketing Executive,B.Tech,14,79083,Lucknow,2021-05-24,No,4,No
7490,Amit Roy,Male,45,Finance,Financial Analyst,MBA,15,90197,Ahmedabad,2018-01-26,No,3,No
7491,Mohit Yadav,Female,44,HR,Recruiter,Graduate,14,71038,Bengaluru,2019-06-26,Yes,2,Yes
7492,Sneha Joshi,Female,37,IT,Developer,B.Com,13,101221,Kolkata,2015-12-08,No,5,No
7493,Mohit Singh,Male,35,Operations,Supervisor,Graduate,15,75475,Mumbai,2021-03-26,No,2,Yes
7494,Amit Kumar,Male,30,Sales,Sales Executive,Graduate,7,61794,Noida,2023-09-01,No,3,Yes
7495,Nisha Mehta,Male,40,IT,QA Engineer,MBA,18,106170,Ahmedabad,2016-07-25,No,4,Yes
7496,Arjun Sharma,Male,48,HR,HR Executive,MBA,19,90478,Pune,2017-03-12,Yes,2,No
7497,Rahul Patel,Male,42,IT,Developer,M.Com,17,105170,Bengaluru,2019-05-14,Yes,1,Yes
7498,Rohan Roy,Male,42,Operations,Supervisor,B.Com,16,77716,Delhi,2021-08-21,No,1,Yes
7499,Deepak Patel,Male,34,Operations,Supervisor,Graduate,5,49755,Kolkata,2021-07-27,No,2,Yes
7500,Anjali Mehta,Male,30,IT,Developer,B.Com,0,62783,Ahmedabad,2021-12-20,No,4,No
7501,Priya Roy,Female,33,IT,Analyst,Graduate,10,94448,Noida,2018-04-01,No,5,No
7502,Vikas Patel,Female,31,Operations,Operations Executive,MBA,5,58387,Delhi,2015-05-28,No,3,No
7503,Anjali Joshi,Male,39,Finance,Accountant,M.Com,10,78712,Lucknow,2017-09-05,Yes,1,Yes
7504,Priya Kumar,Male,37,Sales,Sales Executive,M.Com,10,68897,Jaipur,2018-01-21,No,3,No
7505,Pooja Roy,Male,35,HR,HR Executive,MBA,13,73526,Bengaluru,2023-08-08,No,2,Yes
7506,Arjun Sharma,Male,34,Marketing,SEO Specialist,MBA,9,67872,Jaipur,2018-02-21,No,1,Yes
7507,Kiran Singh,Female,38,Operations,Operations Executive,Graduate,15,82992,Kolkata,2020-01-24,Yes,5,No
7508,Deepak Kumar,Male,35,Finance,Accountant,MBA,12,89989,Jaipur,2024-02-07,Yes,3,No
7509,Deepak Gupta,Male,45,Finance,Financial Analyst,Graduate,17,99357,Mumbai,2023-04-11,Yes,5,No
7510,Arjun Sharma,Male,36,Finance,Accountant,B.Com,6,65338,Delhi,2015-08-11,No,2,No
7511,Neha Sharma,Male,23,HR,HR Executive,B.Com,3,51660,Kolkata,2016-12-11,No,1,Yes
7512,Vikas Gupta,Male,37,Finance,Financial Analyst,Graduate,16,95476,Noida,2024-06-13,No,1,No
7513,Sneha Verma,Female,29,Finance,Financial Analyst,Graduate,5,64785,Chennai,2022-07-31,No,5,No
7514,Sneha Mehta,Male,39,Finance,Accountant,MBA,18,100199,Kolkata,2022-12-17,No,3,No
7515,Priya Kumar,Female,36,IT,Analyst,MBA,15,103641,Bengaluru,2017-11-08,Yes,5,No
7516,Rahul Sharma,Male,32,Finance,Accountant,Graduate,12,85112,Noida,2017-12-29,Yes,4,No
7517,Kiran Yadav,Male,32,Operations,Supervisor,Graduate,9,61104,Bengaluru,2019-12-14,Yes,1,No
7518,Nisha Gupta,Male,27,Operations,Operations Executive,B.Com,7,57130,Delhi,2021-11-28,No,3,No
7519,Sonia Verma,Male,30,Sales,Sales Manager,MBA,8,63356,Kolkata,2016-05-10,Yes,2,No
7520,Sneha Verma,Male,37,Operations,Supervisor,B.Com,16,82935,Chennai,2021-05-12,No,1,No
7521,Vikas Mehta,Female,28,Marketing,SEO Specialist,Graduate,3,55985,Kolkata,2023-01-11,No,4,No
7522,Rahul Patel,Female,35,HR,HR Executive,B.Tech,13,76597,Noida,2017-03-25,No,2,Yes
7523,Pooja Gupta,Male,29,Marketing,SEO Specialist,B.Tech,2,51262,Delhi,2017-07-27,No,5,No
7524,Deepak Yadav,Male,34,Sales,Sales Executive,M.Com,10,71321,Kolkata,2015-03-26,Yes,2,No
7525,Amit Roy,Female,23,Finance,Financial Analyst,B.Com,3,66645,Kolkata,2020-04-17,No,3,No
7526,Deepak Joshi,Male,45,Marketing,SEO Specialist,MBA,16,89313,Lucknow,2017-08-06,Yes,2,No
7527,Sneha Gupta,Male,36,Marketing,Marketing Executive,MBA,16,88027,Noida,2018-12-29,No,5,No
7528,Sneha Kumar,Male,36,Sales,Sales Executive,B.Tech,7,62990,Kolkata,2015-10-30,No,2,Yes
7529,Nisha Yadav,Male,40,Sales,Sales Executive,Graduate,15,78744,Chennai,2015-09-18,No,4,No
7530,Rahul Gupta,Female,28,Finance,Financial Analyst,M.Com,7,72391,Delhi,2019-02-14,Yes,3,No
7531,Mohit Singh,Male,48,HR,HR Executive,M.Com,18,84316,Bengaluru,2019-10-02,Yes,4,No
7532,Arjun Gupta,Male,32,Operations,Operations Executive,B.Com,10,67808,Lucknow,2019-07-14,No,3,No
7533,Amit Yadav,Male,24,Sales,Sales Executive,B.Tech,3,48302,Bengaluru,2024-09-03,No,5,No
7534,Arjun Roy,Male,22,Finance,Accountant,MBA,2,60230,Noida,2015-09-06,No,4,No
7535,Vikas Sharma,Female,42,HR,Recruiter,MBA,18,82190,Mumbai,2019-09-12,Yes,4,Yes
7536,Vikas Sharma,Female,44,Marketing,SEO Specialist,B.Com,15,89082,Lucknow,2018-01-22,Yes,5,Yes
7537,Anjali Gupta,Male,49,Sales,Sales Executive,B.Com,20,99309,Delhi,2017-12-26,No,1,Yes
7538,Rohan Patel,Female,42,HR,HR Executive,Graduate,12,66707,Jaipur,2024-11-26,No,3,No
7539,Deepak Sharma,Male,27,IT,QA Engineer,MBA,7,77927,Pune,2018-12-08,Yes,2,Yes
7540,Neha Singh,Male,29,Sales,Sales Manager,B.Com,0,46205,Jaipur,2023-05-25,No,5,No
7541,Neha Kumar,Female,42,IT,Developer,B.Com,16,108117,Noida,2017-12-22,No,4,No
7542,Rahul Yadav,Female,27,Finance,Accountant,MBA,1,54921,Mumbai,2021-07-20,No,2,No
7543,Sneha Patel,Male,23,HR,HR Executive,B.Tech,0,44349,Chennai,2024-10-14,No,1,Yes
7544,Rahul Singh,Male,32,Sales,Sales Executive,B.Tech,4,54058,Chennai,2016-02-21,No,5,No
7545,Vikas Sharma,Male,21,Finance,Accountant,B.Tech,0,53055,Jaipur,2016-09-13,No,3,No
7546,Amit Joshi,Male,29,Finance,Financial Analyst,B.Tech,7,70263,Bengaluru,2017-10-19,Yes,5,No
7547,Pooja Singh,Female,42,HR,Recruiter,B.Com,19,87081,Delhi,2021-01-21,No,2,No
7548,Amit Sharma,Male,26,IT,QA Engineer,B.Com,0,66708,Delhi,2019-06-13,No,3,No
7549,Vikas Singh,Female,46,IT,Developer,B.Tech,16,107880,Mumbai,2024-11-19,Yes,3,No
7550,Deepak Sharma,Male,27,Marketing,SEO Specialist,M.Com,4,56162,Noida,2018-01-11,No,3,No
7551,Pooja Gupta,Male,32,Sales,Sales Manager,Graduate,5,54681,Bengaluru,2023-04-02,No,1,Yes
7552,Rahul Gupta,Female,29,Marketing,SEO Specialist,Graduate,3,52422,Chennai,2020-12-02,No,1,Yes
7553,Sneha Singh,Male,28,Finance,Accountant,M.Com,5,64704,Ahmedabad,2019-09-10,No,4,No
7554,Arjun Mehta,Female,41,IT,Developer,Graduate,15,107350,Delhi,2015-02-15,Yes,1,Yes
7555,Nisha Joshi,Female,32,IT,QA Engineer,MBA,8,86714,Delhi,2020-01-20,Yes,5,No
7556,Nisha Singh,Male,45,Marketing,Marketing Executive,MBA,15,87144,Jaipur,2020-09-30,Yes,5,Yes
7557,Rohan Kumar,Female,43,Marketing,Marketing Executive,B.Tech,18,89447,Mumbai,2016-11-26,No,5,Yes
7558,Mohit Roy,Male,26,HR,Recruiter,MBA,6,56913,Pune,2016-02-23,No,3,No
7559,Deepak Patel,Male,37,Operations,Supervisor,M.Com,9,59827,Bengaluru,2019-11-27,Yes,5,No
7560,Anjali Singh,Male,25,Operations,Operations Executive,B.Tech,4,51529,Lucknow,2023-04-16,No,2,Yes
7561,Sonia Roy,Female,41,Finance,Accountant,M.Com,12,82935,Mumbai,2022-11-06,No,2,No
7562,Priya Sharma,Female,41,HR,Recruiter,B.Tech,15,82241,Pune,2015-08-19,Yes,5,No
7563,Pooja Sharma,Female,49,HR,Recruiter,Graduate,20,92669,Delhi,2024-10-27,Yes,3,No
7564,Sneha Singh,Male,38,Marketing,Marketing Executive,B.Com,14,79011,Delhi,2020-06-20,Yes,4,No
7565,Pooja Singh,Female,36,Marketing,SEO Specialist,M.Com,6,61447,Chennai,2022-06-28,No,1,No
7566,Mohit Sharma,Male,38,IT,Analyst,MBA,12,96375,Mumbai,2015-06-22,No,2,No
7567,Kiran Verma,Female,45,HR,Recruiter,B.Com,16,80818,Jaipur,2021-11-18,No,1,Yes
7568,Sonia Sharma,Female,44,HR,Recruiter,B.Tech,14,71444,Jaipur,2018-04-03,No,4,No
7569,Sonia Sharma,Male,41,Marketing,Marketing Executive,MBA,13,75934,Kolkata,2022-10-28,No,3,No
7570,Priya Joshi,Male,42,Operations,Operations Executive,Graduate,17,88943,Noida,2015-10-21,No,4,No
7571,Neha Patel,Female,26,Finance,Financial Analyst,B.Com,1,62017,Ahmedabad,2021-08-12,No,3,No
7572,Priya Verma,Male,41,Operations,Supervisor,MBA,18,90354,Chennai,2020-11-19,No,5,No
7573,Rohan Kumar,Male,35,Operations,Operations Executive,B.Tech,11,65444,Pune,2017-08-08,Yes,1,Yes
7574,Amit Verma,Female,39,HR,Recruiter,B.Tech,13,73219,Delhi,2021-12-29,No,1,No
7575,Priya Kumar,Male,46,IT,Analyst,MBA,18,106477,Noida,2024-04-07,No,4,No
7576,Rahul Joshi,Female,23,HR,HR Executive,B.Tech,0,43843,Lucknow,2017-12-27,No,3,No
7577,Nisha Sharma,Male,40,HR,HR Executive,M.Com,10,62838,Mumbai,2016-08-03,Yes,1,No
7578,Rohan Singh,Female,32,Operations,Supervisor,M.Com,12,74884,Kolkata,2015-07-25,Yes,4,No
7579,Pooja Joshi,Female,34,Operations,Supervisor,Graduate,4,47981,Noida,2022-08-14,No,4,No
7580,Sonia Yadav,Male,45,Operations,Supervisor,B.Tech,16,85542,Delhi,2017-01-13,Yes,5,No
7581,Deepak Kumar,Male,46,Marketing,SEO Specialist,M.Com,20,99025,Delhi,2023-11-28,Yes,4,No
7582,Vikas Sharma,Female,38,IT,Analyst,B.Com,9,85642,Kolkata,2016-04-26,Yes,3,No
7583,Nisha Joshi,Male,39,Finance,Financial Analyst,MBA,12,89752,Delhi,2021-03-12,Yes,5,No
7584,Deepak Patel,Female,40,Marketing,SEO Specialist,MBA,16,89164,Pune,2016-03-05,No,2,No
7585,Rohan Verma,Male,30,Sales,Sales Manager,MBA,9,63092,Delhi,2016-12-31,Yes,1,Yes
7586,Sneha Yadav,Male,36,Finance,Financial Analyst,MBA,8,70929,Mumbai,2016-11-10,No,1,Yes
7587,Sneha Sharma,Female,31,Finance,Accountant,B.Com,2,57264,Jaipur,2015-03-17,No,4,No
7588,Vikas Joshi,Male,28,Finance,Financial Analyst,MBA,0,53866,Pune,2022-12-13,No,2,No
7589,Arjun Roy,Male,32,Marketing,Marketing Executive,MBA,4,60913,Lucknow,2022-02-25,No,5,No
7590,Mohit Roy,Male,45,IT,Developer,Graduate,17,104236,Delhi,2019-11-09,Yes,3,No
7591,Rohan Gupta,Male,35,IT,QA Engineer,B.Tech,6,82719,Noida,2015-10-02,Yes,4,No
7592,Arjun Singh,Female,34,Finance,Accountant,B.Tech,6,73402,Ahmedabad,2021-11-04,Yes,5,No
7593,Vikas Yadav,Male,37,Sales,Sales Executive,B.Com,8,68940,Chennai,2015-02-26,No,1,Yes
7594,Rohan Verma,Male,49,Marketing,SEO Specialist,Graduate,20,94774,Noida,2020-06-03,Yes,1,Yes
7595,Nisha Gupta,Male,40,HR,Recruiter,B.Com,10,64644,Delhi,2017-04-06,No,1,No
7596,Kiran Roy,Male,34,HR,Recruiter,Graduate,14,75379,Kolkata,2024-10-26,No,3,No
7597,Vikas Kumar,Female,46,Finance,Financial Analyst,Graduate,18,101722,Chennai,2019-12-26,Yes,5,No
7598,Sonia Yadav,Female,37,Operations,Supervisor,B.Com,8,59387,Mumbai,2020-04-08,Yes,4,No
7599,Anjali Joshi,Male,27,Finance,Financial Analyst,B.Com,1,62392,Kolkata,2018-06-11,No,2,No
7600,Vikas Yadav,Female,26,Operations,Operations Executive,Graduate,6,55886,Mumbai,2017-05-30,Yes,2,Yes
7601,Amit Yadav,Male,35,Marketing,SEO Specialist,MBA,10,68989,Noida,2023-09-21,No,2,No
7602,Kiran Sharma,Male,33,Finance,Financial Analyst,B.Tech,7,74838,Chennai,2022-07-20,Yes,2,Yes
7603,Priya Sharma,Female,41,Finance,Accountant,M.Com,11,79202,Pune,2024-06-11,Yes,2,Yes
7604,Deepak Gupta,Male,37,Sales,Sales Manager,M.Com,16,81356,Mumbai,2023-07-31,No,1,Yes
7605,Nisha Yadav,Male,31,Finance,Accountant,MBA,2,60213,Ahmedabad,2023-09-28,No,5,No
7606,Rahul Mehta,Male,39,IT,Developer,B.Com,11,93367,Lucknow,2018-05-06,Yes,5,No
7607,Sonia Verma,Male,34,Finance,Financial Analyst,Graduate,12,83459,Mumbai,2019-08-06,No,4,No
7608,Kiran Sharma,Female,47,Sales,Sales Executive,M.Com,17,88127,Pune,2019-05-21,Yes,3,No
7609,Sonia Gupta,Male,37,Sales,Sales Manager,Graduate,15,86990,Pune,2016-08-25,No,5,No
7610,Vikas Patel,Male,33,Finance,Accountant,Graduate,5,65415,Jaipur,2019-12-02,No,5,No
7611,Sonia Singh,Male,40,Marketing,SEO Specialist,Graduate,10,76987,Mumbai,2017-12-21,Yes,1,Yes
7612,Sonia Roy,Female,22,Operations,Operations Executive,MBA,1,42266,Kolkata,2018-12-26,No,2,No
7613,Pooja Mehta,Female,37,Finance,Accountant,MBA,9,77172,Mumbai,2017-07-19,No,5,No
7614,Kiran Mehta,Female,30,Sales,Sales Executive,MBA,1,44225,Ahmedabad,2023-03-22,No,2,Yes
7615,Pooja Joshi,Male,30,Operations,Supervisor,MBA,8,58737,Noida,2020-04-10,Yes,3,No
7616,Neha Singh,Female,34,HR,HR Executive,B.Tech,8,55078,Bengaluru,2016-11-02,No,3,No
7617,Amit Gupta,Female,45,Operations,Operations Executive,Graduate,15,81258,Pune,2017-03-28,No,1,No
7618,Anjali Gupta,Female,37,Finance,Financial Analyst,B.Tech,16,99881,Mumbai,2022-06-02,No,3,No
7619,Amit Gupta,Female,35,IT,Analyst,MBA,10,93398,Bengaluru,2018-07-17,No,5,No
7620,Rohan Sharma,Female,23,HR,HR Executive,MBA,3,51011,Chennai,2015-12-25,No,4,No
7621,Mohit Verma,Female,30,Operations,Supervisor,B.Tech,6,58704,Lucknow,2019-02-10,No,4,No
7622,Sonia Gupta,Female,48,Operations,Operations Executive,Graduate,19,89689,Mumbai,2020-10-28,Yes,4,No
7623,Mohit Yadav,Male,29,IT,Analyst,Graduate,0,67562,Chennai,2020-02-15,No,2,No
7624,Rahul Sharma,Female,32,Marketing,SEO Specialist,MBA,4,58367,Bengaluru,2015-06-19,No,5,Yes
7625,Amit Singh,Male,22,HR,HR Executive,MBA,0,38827,Mumbai,2022-06-08,No,1,Yes
7626,Vikas Yadav,Female,30,Finance,Financial Analyst,M.Com,7,77293,Pune,2021-08-21,No,5,No
7627,Nisha Singh,Male,37,Sales,Sales Executive,B.Tech,16,85824,Pune,2017-01-19,No,2,No
7628,Sonia Patel,Female,32,Operations,Supervisor,B.Tech,12,72188,Jaipur,2017-08-31,Yes,4,No
7629,Sneha Verma,Male,32,Marketing,Marketing Executive,MBA,8,65255,Mumbai,2021-11-25,Yes,1,Yes
7630,Arjun Patel,Male,41,Finance,Financial Analyst,M.Com,20,105545,Bengaluru,2017-11-19,Yes,1,No
7631,Neha Patel,Male,35,Finance,Financial Analyst,B.Com,7,76952,Ahmedabad,2018-06-18,Yes,5,No
7632,Mohit Sharma,Female,31,Marketing,SEO Specialist,B.Tech,1,51048,Noida,2017-06-17,No,4,No
7633,Amit Sharma,Female,28,Finance,Financial Analyst,B.Com,7,75877,Mumbai,2019-12-22,No,5,No
7634,Kiran Patel,Female,33,HR,HR Executive,M.Com,10,60406,Chennai,2022-12-17,No,1,No
7635,Sneha Mehta,Female,38,Marketing,Marketing Executive,MBA,18,91303,Delhi,2017-08-20,No,2,No
7636,Rohan Joshi,Female,25,Operations,Supervisor,M.Com,3,45969,Noida,2021-07-26,No,4,Yes
7637,Vikas Singh,Male,25,Marketing,SEO Specialist,B.Com,2,52173,Noida,2024-08-23,No,1,Yes
7638,Anjali Yadav,Male,42,Operations,Supervisor,M.Com,17,82986,Delhi,2020-08-07,Yes,4,No
7639,Sonia Kumar,Male,38,IT,Analyst,B.Com,10,87013,Lucknow,2020-05-25,Yes,2,Yes
7640,Neha Yadav,Female,47,Operations,Supervisor,MBA,20,95755,Noida,2016-06-11,Yes,1,Yes
7641,Pooja Sharma,Female,36,Marketing,SEO Specialist,B.Tech,11,72576,Noida,2020-06-07,Yes,3,No
7642,Rohan Sharma,Male,43,HR,Recruiter,MBA,13,73737,Bengaluru,2019-01-05,Yes,5,No
7643,Mohit Yadav,Female,42,IT,QA Engineer,B.Com,13,99242,Delhi,2020-01-02,No,5,No
7644,Rohan Singh,Male,42,HR,HR Executive,M.Com,14,72862,Chennai,2024-03-19,Yes,5,No
7645,Amit Verma,Female,46,Operations,Operations Executive,B.Tech,20,91437,Noida,2024-10-25,No,1,Yes
7646,Amit Singh,Female,28,HR,HR Executive,Graduate,7,54152,Ahmedabad,2022-02-24,No,1,Yes
7647,Amit Joshi,Female,38,Marketing,SEO Specialist,MBA,9,65830,Mumbai,2018-11-19,Yes,5,No
7648,Pooja Verma,Male,26,HR,Recruiter,B.Tech,3,43222,Delhi,2016-06-09,No,2,No
7649,Rahul Roy,Female,38,IT,QA Engineer,Graduate,11,88840,Mumbai,2017-10-28,Yes,2,No
7650,Arjun Patel,Female,45,HR,Recruiter,Graduate,19,87635,Jaipur,2015-12-16,Yes,4,No
7651,Rohan Verma,Male,28,Finance,Financial Analyst,M.Com,1,59620,Kolkata,2016-01-05,No,4,No
7652,Deepak Roy,Female,36,IT,QA Engineer,B.Com,8,85357,Delhi,2022-09-11,Yes,3,No
7653,Vikas Sharma,Male,38,HR,Recruiter,MBA,10,63801,Delhi,2022-02-18,No,2,Yes
7654,Anjali Mehta,Male,43,HR,HR Executive,MBA,14,78516,Mumbai,2018-10-10,Yes,2,No
7655,Vikas Singh,Male,39,Marketing,Marketing Executive,M.Com,10,74149,Lucknow,2016-04-21,Yes,5,No
7656,Pooja Verma,Male,40,HR,Recruiter,B.Tech,10,61537,Kolkata,2019-08-28,Yes,2,No
7657,Mohit Mehta,Female,31,Marketing,Marketing Executive,B.Tech,7,66833,Mumbai,2023-02-06,No,1,Yes
7658,Mohit Yadav,Female,44,Finance,Financial Analyst,Graduate,14,94852,Chennai,2016-01-09,No,1,No
7659,Arjun Roy,Male,43,Sales,Sales Executive,M.Com,16,81266,Jaipur,2021-11-07,Yes,5,No
7660,Arjun Yadav,Male,28,Finance,Accountant,B.Com,3,61664,Ahmedabad,2023-04-08,No,3,No
7661,Amit Singh,Male,21,HR,Recruiter,MBA,0,38520,Lucknow,2016-08-26,No,4,No
7662,Pooja Mehta,Female,41,Finance,Financial Analyst,M.Com,12,81722,Kolkata,2017-01-17,No,2,Yes
7663,Priya Gupta,Female,26,Sales,Sales Manager,Graduate,5,55313,Bengaluru,2020-12-09,No,2,No
7664,Nisha Verma,Female,22,IT,Analyst,MBA,1,71937,Mumbai,2024-11-28,No,3,No
7665,Arjun Verma,Female,28,Sales,Sales Executive,B.Com,3,51402,Delhi,2022-12-17,No,1,Yes
7666,Sneha Patel,Female,33,Sales,Sales Manager,M.Com,10,66465,Chennai,2018-04-23,No,1,No
7667,Vikas Joshi,Female,35,HR,HR Executive,M.Com,14,73602,Mumbai,2020-09-09,Yes,3,No
7668,Anjali Kumar,Male,36,Marketing,SEO Specialist,Graduate,9,66900,Chennai,2021-09-29,No,2,Yes
7669,Arjun Joshi,Female,43,Marketing,SEO Specialist,M.Com,15,83795,Noida,2019-01-30,Yes,2,Yes
7670,Pooja Yadav,Female,36,IT,Developer,M.Com,11,89646,Ahmedabad,2016-06-12,No,2,Yes
7671,Kiran Singh,Female,21,Operations,Supervisor,MBA,0,38431,Chennai,2023-09-27,No,2,No
7672,Pooja Mehta,Male,45,Sales,Sales Manager,B.Com,17,92272,Pune,2016-04-16,No,5,No
7673,Amit Gupta,Female,29,Sales,Sales Manager,B.Tech,9,68534,Pune,2015-03-27,No,2,No
7674,Sneha Roy,Male,39,IT,QA Engineer,MBA,19,108308,Ahmedabad,2015-02-11,Yes,5,No
7675,Deepak Kumar,Male,26,Sales,Sales Manager,Graduate,0,44054,Lucknow,2021-10-07,No,4,No
7676,Mohit Patel,Female,42,IT,Developer,Graduate,16,105239,Chennai,2021-04-10,Yes,2,Yes
7677,Sonia Sharma,Male,30,Sales,Sales Manager,MBA,2,49465,Bengaluru,2019-11-02,No,3,No
7678,Nisha Joshi,Male,45,Sales,Sales Executive,Graduate,15,87087,Noida,2015-12-24,Yes,4,No
7679,Rohan Verma,Female,36,Operations,Supervisor,M.Com,16,85355,Mumbai,2015-05-28,No,2,No
7680,Nisha Gupta,Female,24,Marketing,SEO Specialist,M.Com,1,47726,Pune,2016-05-16,No,1,No
7681,Anjali Mehta,Female,33,Operations,Supervisor,M.Com,6,58158,Lucknow,2023-11-16,No,1,Yes
7682,Sonia Sharma,Female,46,Operations,Supervisor,Graduate,19,88350,Mumbai,2022-06-10,Yes,2,Yes
7683,Mohit Verma,Female,23,Operations,Supervisor,B.Com,2,51803,Mumbai,2023-01-27,No,2,Yes
7684,Arjun Gupta,Female,29,Sales,Sales Executive,M.Com,2,45789,Ahmedabad,2022-04-17,No,2,Yes
7685,Rahul Mehta,Male,42,Sales,Sales Executive,M.Com,13,76370,Mumbai,2023-07-01,Yes,3,No
7686,Rohan Mehta,Female,26,HR,Recruiter,Graduate,6,53033,Delhi,2015-05-06,Yes,4,No
7687,Anjali Joshi,Male,33,HR,HR Executive,B.Com,8,58551,Noida,2017-01-27,Yes,3,No
7688,Anjali Roy,Female,31,Finance,Accountant,Graduate,4,62886,Bengaluru,2017-03-19,No,3,No
7689,Sneha Gupta,Male,32,Marketing,SEO Specialist,B.Com,8,66926,Bengaluru,2016-08-19,No,4,No
7690,Vikas Joshi,Female,32,Marketing,SEO Specialist,Graduate,5,61223,Pune,2019-02-17,No,5,No
7691,Sneha Joshi,Male,28,HR,HR Executive,M.Com,0,42187,Chennai,2016-08-24,No,1,Yes
7692,Deepak Yadav,Female,31,IT,QA Engineer,B.Tech,3,70511,Chennai,2024-01-01,No,3,No
7693,Anjali Yadav,Male,38,Sales,Sales Executive,B.Tech,12,75471,Lucknow,2022-06-13,Yes,4,No
7694,Rohan Mehta,Male,27,HR,Recruiter,M.Com,7,62030,Chennai,2020-02-29,No,4,No
7695,Arjun Patel,Female,38,Operations,Supervisor,MBA,9,64390,Ahmedabad,2019-11-20,Yes,1,No
7696,Rohan Patel,Female,38,HR,HR Executive,B.Tech,11,68257,Delhi,2020-09-29,Yes,3,No
7697,Arjun Mehta,Female,26,IT,QA Engineer,M.Com,4,79770,Jaipur,2021-02-08,No,3,Yes
7698,Rohan Joshi,Male,23,Marketing,Marketing Executive,B.Com,2,54226,Ahmedabad,2024-04-19,No,3,No
7699,Rohan Mehta,Male,48,Finance,Financial Analyst,B.Com,19,99424,Delhi,2015-05-03,No,3,No
7700,Rohan Joshi,Male,22,Marketing,Marketing Executive,B.Com,0,49174,Pune,2016-08-13,No,4,No
7701,Anjali Gupta,Female,31,Sales,Sales Executive,MBA,4,54407,Kolkata,2020-08-26,No,5,No
7702,Kiran Roy,Male,36,HR,HR Executive,B.Com,11,63768,Chennai,2018-05-06,No,3,No
7703,Rohan Kumar,Male,24,Sales,Sales Manager,MBA,4,54464,Ahmedabad,2019-07-17,No,2,Yes
7704,Mohit Gupta,Female,48,Sales,Sales Manager,M.Com,19,95359,Delhi,2022-01-15,Yes,2,No
7705,Sneha Verma,Female,30,Sales,Sales Executive,B.Com,0,45276,Noida,2023-07-19,No,4,No
7706,Vikas Gupta,Female,46,Marketing,Marketing Executive,B.Com,16,84753,Noida,2020-08-13,Yes,5,No
7707,Anjali Yadav,Male,46,Operations,Operations Executive,Graduate,17,82697,Lucknow,2017-03-19,Yes,3,No
7708,Neha Roy,Male,30,Sales,Sales Executive,B.Com,4,50387,Bengaluru,2022-12-02,No,2,No
7709,Mohit Gupta,Female,34,Marketing,Marketing Executive,M.Com,12,80383,Delhi,2019-08-12,No,3,No
7710,Rohan Patel,Male,31,HR,HR Executive,B.Tech,7,54778,Ahmedabad,2023-05-13,No,2,Yes
7711,Rahul Sharma,Male,23,Operations,Operations Executive,Graduate,3,51569,Delhi,2024-11-27,No,2,Yes
7712,Kiran Sharma,Female,24,Sales,Sales Manager,B.Com,2,50927,Jaipur,2020-09-03,No,5,No
7713,Neha Singh,Male,34,HR,Recruiter,B.Tech,4,47646,Mumbai,2016-11-15,No,3,Yes
7714,Amit Kumar,Female,29,Finance,Financial Analyst,Graduate,2,57288,Mumbai,2016-07-10,No,5,No
7715,Amit Kumar,Female,40,Sales,Sales Manager,Graduate,18,92208,Kolkata,2015-01-19,Yes,5,No
7716,Rahul Gupta,Female,26,Operations,Supervisor,Graduate,6,53911,Delhi,2018-01-17,No,1,Yes
7717,Rohan Gupta,Male,31,Operations,Supervisor,M.Com,6,53837,Bengaluru,2021-11-28,No,5,No
7718,Neha Yadav,Male,36,Marketing,Marketing Executive,M.Com,9,73784,Bengaluru,2019-05-03,No,5,No
7719,Mohit Mehta,Male,38,Finance,Accountant,B.Com,12,83551,Ahmedabad,2022-12-04,Yes,2,Yes
7720,Mohit Gupta,Female,47,Marketing,Marketing Executive,M.Com,20,99261,Jaipur,2019-02-26,Yes,5,No
7721,Sneha Kumar,Female,36,IT,Analyst,Graduate,13,98125,Lucknow,2020-09-20,Yes,4,No
7722,Neha Patel,Male,29,Sales,Sales Manager,MBA,3,56273,Pune,2017-12-22,No,2,No
7723,Rohan Patel,Female,24,Marketing,Marketing Executive,MBA,1,48076,Ahmedabad,2018-08-28,No,4,Yes
7724,Mohit Joshi,Female,24,Sales,Sales Executive,Graduate,2,49096,Ahmedabad,2015-01-25,No,2,Yes
7725,Neha Verma,Female,30,Marketing,SEO Specialist,M.Com,0,47273,Jaipur,2024-03-21,No,2,Yes
7726,Pooja Gupta,Male,39,IT,QA Engineer,Graduate,9,91045,Pune,2022-09-02,No,3,No
7727,Kiran Joshi,Female,25,Operations,Supervisor,B.Com,3,44920,Lucknow,2016-11-20,No,1,Yes
7728,Amit Kumar,Male,44,Sales,Sales Executive,Graduate,18,90279,Lucknow,2020-06-30,Yes,2,Yes
7729,Vikas Roy,Male,35,Marketing,Marketing Executive,MBA,6,58348,Noida,2023-01-14,Yes,2,Yes
7730,Amit Roy,Male,40,Sales,Sales Manager,MBA,18,85897,Lucknow,2015-01-05,Yes,4,No
7731,Amit Yadav,Male,22,Operations,Operations Executive,B.Com,0,38999,Bengaluru,2021-07-19,No,1,No
7732,Deepak Singh,Female,46,IT,QA Engineer,Graduate,16,102420,Kolkata,2017-02-22,Yes,5,No
7733,Anjali Gupta,Male,31,Finance,Financial Analyst,Graduate,4,64449,Pune,2017-08-02,No,2,No
7734,Arjun Gupta,Female,27,Finance,Financial Analyst,B.Com,6,66867,Noida,2021-10-26,Yes,3,No
7735,Priya Patel,Female,42,Operations,Operations Executive,M.Com,14,72987,Mumbai,2020-07-15,No,5,No
7736,Priya Joshi,Female,28,Sales,Sales Executive,Graduate,7,64497,Bengaluru,2017-05-09,Yes,3,Yes
7737,Anjali Roy,Male,38,Sales,Sales Executive,B.Tech,14,76589,Bengaluru,2023-03-21,Yes,2,No
7738,Nisha Roy,Female,33,IT,Developer,Graduate,10,86360,Ahmedabad,2020-07-13,No,4,No
7739,Sneha Sharma,Female,44,Operations,Operations Executive,MBA,16,85061,Noida,2023-08-09,No,2,No
7740,Vikas Yadav,Male,28,Operations,Operations Executive,B.Tech,5,55612,Pune,2023-05-19,No,3,No
7741,Pooja Gupta,Male,39,Marketing,Marketing Executive,Graduate,12,74847,Mumbai,2023-09-25,No,5,No
7742,Neha Gupta,Male,35,HR,HR Executive,Graduate,10,69329,Lucknow,2023-11-11,Yes,3,No
7743,Sonia Kumar,Female,30,Operations,Operations Executive,B.Com,2,47491,Noida,2021-05-11,No,1,No
7744,Amit Sharma,Female,46,HR,HR Executive,MBA,17,79329,Kolkata,2024-12-18,Yes,5,No
7745,Amit Joshi,Female,49,Marketing,SEO Specialist,Graduate,20,94642,Pune,2017-08-06,No,1,No
7746,Anjali Kumar,Male,39,IT,QA Engineer,B.Com,15,106729,Delhi,2019-07-05,No,4,No
7747,Arjun Joshi,Male,42,Finance,Accountant,Graduate,19,102198,Mumbai,2019-03-27,Yes,3,No
7748,Rohan Patel,Male,31,IT,Analyst,Graduate,2,68951,Delhi,2024-04-24,No,4,No
7749,Amit Kumar,Male,39,Finance,Financial Analyst,MBA,18,104904,Delhi,2021-12-11,Yes,3,No
7750,Neha Patel,Male,47,Sales,Sales Manager,MBA,18,93028,Delhi,2023-08-16,Yes,5,No
7751,Rahul Singh,Male,24,HR,HR Executive,M.Com,3,49535,Lucknow,2018-11-14,No,4,Yes
7752,Sneha Verma,Female,33,IT,Analyst,B.Tech,10,90805,Lucknow,2017-10-05,Yes,3,No
7753,Rohan Joshi,Male,37,Marketing,Marketing Executive,B.Tech,8,64571,Kolkata,2018-06-24,No,2,No
7754,Rohan Roy,Female,45,Sales,Sales Executive,B.Com,19,89375,Kolkata,2018-08-13,No,5,No
7755,Rohan Kumar,Male,37,Marketing,SEO Specialist,MBA,7,60749,Kolkata,2020-04-07,Yes,1,No
7756,Priya Kumar,Male,27,HR,HR Executive,M.Com,2,40321,Noida,2020-12-17,No,4,No
7757,Amit Gupta,Female,34,HR,Recruiter,M.Com,8,62609,Delhi,2018-07-12,Yes,3,No
7758,Arjun Mehta,Male,31,HR,HR Executive,B.Tech,8,55367,Bengaluru,2022-05-02,Yes,2,No
7759,Pooja Gupta,Male,30,HR,Recruiter,Graduate,8,63720,Delhi,2015-04-17,Yes,2,Yes
7760,Rahul Yadav,Female,31,Marketing,Marketing Executive,MBA,9,75307,Pune,2019-05-24,Yes,4,No
7761,Rohan Singh,Female,28,HR,Recruiter,Graduate,6,55844,Lucknow,2016-12-10,Yes,4,No
7762,Pooja Singh,Male,29,Sales,Sales Manager,Graduate,3,49608,Jaipur,2023-11-13,No,5,No
7763,Mohit Roy,Female,31,Marketing,Marketing Executive,Graduate,7,69927,Ahmedabad,2019-06-10,No,4,No
7764,Rohan Mehta,Female,43,Operations,Operations Executive,M.Com,18,84448,Noida,2017-12-24,No,1,Yes
7765,Sonia Mehta,Female,26,Sales,Sales Executive,M.Com,6,58156,Ahmedabad,2020-06-17,No,4,No
7766,Anjali Verma,Female,28,Sales,Sales Manager,M.Com,7,59888,Lucknow,2021-04-30,Yes,1,No
7767,Arjun Patel,Female,41,IT,Analyst,B.Tech,20,117849,Jaipur,2015-12-01,No,5,No
7768,Anjali Joshi,Female,40,HR,Recruiter,Graduate,19,87914,Bengaluru,2016-03-04,Yes,4,No
7769,Mohit Mehta,Female,39,IT,Analyst,MBA,17,106283,Mumbai,2015-09-02,No,3,No
7770,Kiran Mehta,Male,33,IT,Analyst,B.Com,10,89543,Ahmedabad,2022-03-22,Yes,2,Yes
7771,Amit Joshi,Female,48,Operations,Operations Executive,B.Com,18,90154,Bengaluru,2021-04-17,No,2,Yes
7772,Priya Kumar,Female,39,Finance,Accountant,Graduate,11,83615,Chennai,2018-05-22,No,5,No
7773,Kiran Singh,Male,29,Sales,Sales Manager,Graduate,0,44626,Lucknow,2020-02-02,No,3,Yes
7774,Arjun Yadav,Male,45,Sales,Sales Executive,MBA,16,84290,Jaipur,2019-03-08,Yes,5,No
7775,Anjali Patel,Male,27,Operations,Operations Executive,M.Com,0,43829,Kolkata,2019-11-08,No,5,No
7776,Sneha Roy,Male,39,Operations,Operations Executive,B.Tech,10,69159,Kolkata,2024-02-09,No,3,No
7777,Arjun Joshi,Female,36,Marketing,Marketing Executive,Graduate,10,74445,Ahmedabad,2017-05-29,Yes,3,No
7778,Arjun Kumar,Female,24,HR,HR Executive,M.Com,0,41508,Noida,2023-01-24,No,4,No
7779,Kiran Sharma,Female,36,IT,QA Engineer,B.Com,9,84324,Noida,2019-06-06,Yes,2,Yes
7780,Mohit Joshi,Female,41,Marketing,Marketing Executive,Graduate,20,100382,Mumbai,2018-07-25,No,1,Yes
7781,Vikas Roy,Male,23,Operations,Operations Executive,B.Com,2,46344,Pune,2018-07-06,No,1,No
7782,Vikas Verma,Female,48,IT,Developer,M.Com,19,114966,Ahmedabad,2017-03-09,No,1,No
7783,Sneha Kumar,Female,32,HR,Recruiter,M.Com,6,51142,Jaipur,2024-01-17,No,5,No
7784,Nisha Joshi,Female,40,Marketing,SEO Specialist,B.Tech,15,83462,Mumbai,2021-09-06,Yes,4,No
7785,Vikas Mehta,Male,31,Sales,Sales Manager,B.Com,9,64140,Lucknow,2024-05-10,No,4,No
7786,Deepak Joshi,Female,39,Marketing,Marketing Executive,B.Tech,17,91693,Pune,2018-04-18,No,2,No
7787,Kiran Singh,Female,41,Finance,Accountant,B.Tech,11,81933,Noida,2022-02-01,Yes,5,No
7788,Vikas Joshi,Male,22,HR,HR Executive,B.Tech,2,49050,Chennai,2020-03-15,No,5,No
7789,Vikas Joshi,Female,35,Sales,Sales Manager,B.Com,14,78283,Kolkata,2019-03-21,Yes,4,No
7790,Kiran Verma,Female,48,HR,HR Executive,MBA,20,88281,Lucknow,2018-01-02,Yes,4,No
7791,Vikas Roy,Female,46,Sales,Sales Manager,Graduate,19,88248,Delhi,2022-01-14,Yes,4,No
7792,Priya Singh,Female,43,IT,QA Engineer,B.Com,17,110453,Lucknow,2015-05-03,Yes,3,No
7793,Neha Kumar,Female,35,HR,HR Executive,B.Tech,8,63709,Delhi,2019-04-28,Yes,5,No
7794,Nisha Sharma,Female,32,Marketing,SEO Specialist,B.Tech,4,60404,Ahmedabad,2023-07-16,No,2,Yes
7795,Arjun Sharma,Female,45,HR,Recruiter,MBA,17,84798,Delhi,2015-12-01,Yes,1,Yes
7796,Kiran Sharma,Male,40,IT,Analyst,Graduate,15,106230,Delhi,2024-11-10,No,4,No
7797,Deepak Roy,Male,49,HR,Recruiter,B.Tech,19,86871,Lucknow,2023-05-07,No,2,Yes
7798,Priya Patel,Female,27,Sales,Sales Manager,MBA,5,55964,Chennai,2023-08-07,No,2,Yes
7799,Pooja Yadav,Female,42,Operations,Operations Executive,M.Com,13,73084,Delhi,2022-11-17,Yes,2,No
7800,Vikas Patel,Male,41,Marketing,Marketing Executive,B.Com,16,87388,Bengaluru,2020-09-23,Yes,5,No
7801,Priya Sharma,Male,30,HR,HR Executive,B.Tech,5,52533,Lucknow,2019-10-08,No,4,No
7802,Arjun Yadav,Male,29,Marketing,SEO Specialist,M.Com,9,75117,Bengaluru,2018-04-30,No,3,No
7803,Neha Verma,Female,26,Finance,Accountant,M.Com,1,57572,Chennai,2021-07-02,No,4,No
7804,Arjun Mehta,Male,35,Sales,Sales Manager,B.Com,15,85222,Lucknow,2015-04-30,No,1,Yes
7805,Priya Gupta,Female,37,IT,QA Engineer,Graduate,15,101872,Ahmedabad,2021-04-29,No,3,No
7806,Anjali Kumar,Male,35,HR,HR Executive,M.Com,14,71980,Noida,2017-10-12,Yes,5,No
7807,Pooja Gupta,Male,34,IT,QA Engineer,B.Tech,4,78920,Delhi,2023-07-27,No,1,Yes
7808,Anjali Sharma,Female,47,Marketing,SEO Specialist,M.Com,20,97140,Ahmedabad,2017-11-07,Yes,5,No
7809,Vikas Kumar,Female,42,IT,QA Engineer,Graduate,12,94369,Chennai,2019-05-08,Yes,1,Yes
7810,Sonia Verma,Male,40,Sales,Sales Manager,MBA,16,86428,Ahmedabad,2020-09-21,Yes,1,No
7811,Mohit Gupta,Male,25,Finance,Accountant,M.Com,4,61205,Lucknow,2022-03-29,No,5,No
7812,Sonia Mehta,Female,27,Operations,Operations Executive,B.Com,7,62345,Mumbai,2022-12-07,Yes,2,No
7813,Deepak Joshi,Female,29,HR,HR Executive,MBA,8,57048,Noida,2015-06-15,Yes,5,No
7814,Nisha Verma,Female,44,Sales,Sales Executive,B.Tech,20,95985,Jaipur,2021-04-06,No,4,No
7815,Sneha Verma,Female,35,Marketing,Marketing Executive,Graduate,15,85022,Kolkata,2019-09-12,Yes,1,No
7816,Anjali Mehta,Male,33,HR,HR Executive,M.Com,3,44714,Delhi,2017-10-23,No,3,No
7817,Rahul Mehta,Male,38,Finance,Accountant,Graduate,15,87858,Delhi,2016-11-12,Yes,5,No
7818,Nisha Singh,Female,28,IT,Analyst,Graduate,3,69960,Chennai,2024-04-03,No,2,Yes
7819,Pooja Singh,Female,26,IT,QA Engineer,B.Tech,4,75425,Delhi,2019-12-04,No,4,No
7820,Vikas Sharma,Male,30,Finance,Financial Analyst,Graduate,9,82234,Bengaluru,2015-04-09,Yes,4,No
7821,Sonia Patel,Female,43,Marketing,SEO Specialist,M.Com,16,83618,Jaipur,2020-12-08,No,2,Yes
7822,Pooja Joshi,Male,40,Operations,Operations Executive,MBA,14,75519,Mumbai,2016-02-16,Yes,1,No
7823,Amit Gupta,Male,36,Operations,Operations Executive,M.Com,7,59411,Ahmedabad,2024-03-28,No,4,No
7824,Sonia Singh,Male,37,HR,HR Executive,B.Com,11,69127,Chennai,2019-10-29,No,2,Yes
7825,Amit Gupta,Female,38,Marketing,SEO Specialist,MBA,15,84812,Mumbai,2018-02-09,No,5,No
7826,Kiran Joshi,Female,43,Operations,Supervisor,MBA,13,75994,Mumbai,2022-09-06,Yes,2,Yes
7827,Sneha Mehta,Female,35,IT,Developer,Graduate,15,107004,Jaipur,2021-01-07,No,1,No
7828,Anjali Kumar,Female,38,HR,Recruiter,MBA,9,63854,Chennai,2024-12-06,Yes,1,No
7829,Nisha Mehta,Male,43,IT,Developer,B.Tech,16,105705,Kolkata,2022-11-26,No,1,No
7830,Mohit Joshi,Female,36,Sales,Sales Executive,B.Com,16,82286,Ahmedabad,2022-10-13,No,3,No
7831,Rahul Mehta,Female,32,IT,QA Engineer,B.Com,11,87976,Lucknow,2015-12-19,Yes,5,No
7832,Sneha Verma,Female,32,Operations,Supervisor,B.Tech,11,73250,Mumbai,2021-09-15,Yes,5,No
7833,Amit Gupta,Male,41,IT,Analyst,B.Com,16,102772,Ahmedabad,2015-11-12,No,1,Yes
7834,Rahul Patel,Male,42,Operations,Operations Executive,M.Com,18,85026,Mumbai,2016-03-03,No,2,No
7835,Sneha Patel,Female,47,Marketing,SEO Specialist,M.Com,19,100377,Delhi,2018-12-01,Yes,2,Yes
7836,Neha Roy,Female,37,IT,Analyst,B.Tech,11,93759,Ahmedabad,2019-03-22,No,1,No
7837,Rahul Gupta,Male,42,HR,Recruiter,M.Com,15,82237,Pune,2015-07-24,Yes,3,No
7838,Amit Joshi,Female,22,Finance,Accountant,MBA,0,51300,Jaipur,2023-01-22,No,4,No
7839,Priya Sharma,Male,35,Finance,Accountant,M.Com,14,92765,Noida,2020-07-03,No,2,No
7840,Nisha Verma,Female,32,Operations,Supervisor,MBA,11,68045,Ahmedabad,2016-01-14,No,2,Yes
7841,Amit Sharma,Female,32,Finance,Accountant,Graduate,5,67390,Chennai,2023-04-22,No,2,Yes
7842,Arjun Roy,Female,34,HR,Recruiter,B.Com,4,49917,Kolkata,2018-03-11,No,1,Yes
7843,Deepak Mehta,Female,36,IT,QA Engineer,B.Tech,8,89833,Kolkata,2020-01-07,No,2,Yes
7844,Sneha Patel,Female,29,Finance,Accountant,M.Com,8,76140,Noida,2018-05-09,Yes,2,No
7845,Anjali Singh,Female,36,Finance,Accountant,B.Tech,9,76522,Bengaluru,2019-10-05,Yes,5,No
7846,Priya Yadav,Female,47,Marketing,SEO Specialist,B.Tech,19,96287,Lucknow,2018-12-23,No,4,No
7847,Sneha Singh,Male,25,Finance,Financial Analyst,B.Com,0,59617,Noida,2020-10-21,No,2,Yes
7848,Pooja Kumar,Male,40,IT,QA Engineer,B.Tech,20,116819,Delhi,2023-01-20,Yes,5,No
7849,Anjali Singh,Female,29,IT,Analyst,Graduate,8,83158,Lucknow,2015-07-05,No,3,No
7850,Amit Mehta,Male,39,IT,Analyst,B.Com,11,93801,Noida,2024-07-11,No,2,Yes
7851,Sonia Mehta,Male,34,IT,QA Engineer,MBA,5,82095,Ahmedabad,2016-03-25,No,1,Yes
7852,Rohan Gupta,Male,41,Marketing,SEO Specialist,B.Tech,17,86504,Chennai,2020-07-08,No,3,No
7853,Sonia Gupta,Female,46,Marketing,SEO Specialist,Graduate,18,97560,Pune,2017-01-10,No,2,No
7854,Priya Gupta,Male,29,Operations,Supervisor,M.Com,3,48379,Lucknow,2023-01-27,No,1,Yes
7855,Mohit Kumar,Female,26,HR,HR Executive,B.Tech,4,50719,Noida,2022-03-15,No,2,Yes
7856,Vikas Verma,Female,30,HR,HR Executive,B.Com,8,55269,Noida,2015-12-26,No,4,No
7857,Arjun Patel,Female,31,Marketing,SEO Specialist,B.Com,1,53244,Pune,2020-07-31,No,3,No
7858,Deepak Patel,Female,27,Operations,Operations Executive,MBA,5,58946,Mumbai,2022-06-18,No,2,Yes
7859,Vikas Joshi,Male,42,Marketing,SEO Specialist,B.Tech,19,91959,Delhi,2021-04-17,No,1,Yes
7860,Kiran Gupta,Male,33,Finance,Accountant,B.Com,6,67266,Mumbai,2022-12-25,Yes,1,No
7861,Vikas Joshi,Male,37,IT,QA Engineer,Graduate,8,87098,Ahmedabad,2019-12-12,Yes,2,No
7862,Arjun Singh,Female,41,Sales,Sales Executive,MBA,11,72276,Delhi,2016-03-19,Yes,1,Yes
7863,Neha Patel,Male,22,HR,Recruiter,MBA,2,45452,Bengaluru,2023-03-10,No,5,No
7864,Neha Verma,Female,28,Operations,Supervisor,B.Tech,4,56429,Jaipur,2018-10-13,No,3,Yes
7865,Sneha Yadav,Female,35,Finance,Accountant,B.Com,6,65265,Noida,2018-10-09,No,4,No
7866,Neha Kumar,Male,34,HR,Recruiter,MBA,5,52326,Bengaluru,2023-05-24,No,5,Yes
7867,Priya Verma,Female,32,Operations,Operations Executive,M.Com,3,52592,Bengaluru,2020-09-15,No,3,Yes
7868,Anjali Roy,Female,38,Sales,Sales Manager,B.Com,9,71289,Pune,2019-01-01,No,3,No
7869,Kiran Roy,Male,32,IT,Developer,M.Com,2,73636,Lucknow,2017-04-14,No,4,No
7870,Sonia Gupta,Female,39,Finance,Financial Analyst,B.Com,16,97399,Noida,2024-01-05,Yes,2,Yes
7871,Amit Kumar,Female,29,Sales,Sales Executive,B.Tech,2,53874,Mumbai,2017-06-15,No,2,Yes
7872,Priya Roy,Male,37,HR,HR Executive,MBA,15,73933,Bengaluru,2024-08-16,No,5,No
7873,Nisha Roy,Male,38,IT,Developer,MBA,16,103220,Mumbai,2021-12-22,No,3,No
7874,Rahul Verma,Female,27,Operations,Operations Executive,B.Tech,7,57074,Kolkata,2015-01-16,Yes,3,No
7875,Deepak Patel,Female,32,Operations,Supervisor,Graduate,8,61222,Lucknow,2017-03-21,Yes,3,Yes
7876,Sonia Kumar,Female,36,Sales,Sales Manager,B.Tech,8,60196,Chennai,2024-09-17,No,1,Yes
7877,Priya Kumar,Male,30,IT,Developer,B.Tech,1,71832,Pune,2023-12-02,No,5,No
7878,Neha Mehta,Male,33,Operations,Supervisor,Graduate,5,52497,Jaipur,2023-10-08,No,2,Yes
7879,Anjali Mehta,Male,42,IT,Analyst,MBA,12,94696,Noida,2020-10-08,Yes,3,No
7880,Rahul Kumar,Male,37,HR,Recruiter,B.Tech,7,61579,Chennai,2018-06-11,No,3,No
7881,Nisha Gupta,Female,30,IT,Developer,M.Com,0,60867,Pune,2024-08-17,No,2,No
7882,Anjali Roy,Female,38,HR,HR Executive,M.Com,11,66361,Delhi,2021-03-26,No,4,No
7883,Sonia Yadav,Male,29,IT,Analyst,Graduate,6,81171,Mumbai,2021-04-30,Yes,1,Yes
7884,Sneha Kumar,Male,30,IT,Developer,M.Com,3,72917,Mumbai,2018-08-06,No,1,No
7885,Rohan Patel,Female,44,IT,Analyst,Graduate,18,110855,Pune,2021-06-08,Yes,2,No
7886,Sonia Mehta,Female,29,IT,Analyst,Graduate,8,88511,Jaipur,2023-10-27,Yes,1,Yes
7887,Mohit Roy,Female,33,IT,QA Engineer,M.Com,10,91833,Ahmedabad,2024-04-20,Yes,1,No
7888,Arjun Kumar,Male,35,Finance,Accountant,M.Com,14,86219,Jaipur,2017-09-20,No,1,No
7889,Mohit Gupta,Male,38,IT,QA Engineer,Graduate,11,90988,Jaipur,2024-11-05,Yes,1,Yes
7890,Priya Yadav,Male,27,Marketing,SEO Specialist,M.Com,2,56907,Lucknow,2015-03-11,No,2,No
7891,Pooja Joshi,Female,31,Marketing,SEO Specialist,B.Com,1,54384,Pune,2020-06-28,No,2,No
7892,Mohit Yadav,Female,39,HR,Recruiter,B.Com,11,65611,Ahmedabad,2020-10-18,Yes,4,No
7893,Mohit Roy,Male,37,Operations,Operations Executive,MBA,7,57532,Bengaluru,2017-07-31,No,3,No
7894,Neha Joshi,Male,30,HR,Recruiter,B.Com,8,64724,Jaipur,2023-11-06,No,2,No
7895,Mohit Mehta,Female,24,IT,Analyst,MBA,3,71402,Delhi,2019-10-22,No,4,No
7896,Mohit Kumar,Male,44,Finance,Financial Analyst,B.Com,15,95127,Lucknow,2020-09-29,Yes,2,Yes
7897,Nisha Mehta,Male,38,Operations,Operations Executive,Graduate,9,59818,Mumbai,2024-12-01,No,1,Yes
7898,Pooja Roy,Male,40,HR,HR Executive,B.Com,18,84212,Chennai,2015-08-30,Yes,3,No
7899,Sonia Joshi,Male,47,Sales,Sales Executive,Graduate,18,87519,Pune,2017-04-03,Yes,4,No
7900,Deepak Sharma,Female,39,IT,Developer,B.Tech,16,109956,Noida,2024-07-19,No,1,Yes
7901,Pooja Joshi,Male,35,Sales,Sales Manager,B.Com,12,79357,Mumbai,2015-01-06,No,2,Yes
7902,Rahul Mehta,Male,22,Operations,Supervisor,Graduate,1,42604,Kolkata,2018-06-23,No,2,No
7903,Sneha Sharma,Female,29,Operations,Supervisor,B.Com,5,53179,Bengaluru,2024-10-03,No,2,Yes
7904,Vikas Gupta,Male,34,Finance,Financial Analyst,B.Tech,9,78409,Pune,2017-05-26,No,4,No
7905,Vikas Patel,Female,45,HR,HR Executive,MBA,20,92831,Ahmedabad,2020-05-19,No,3,No
7906,Rahul Sharma,Male,28,IT,QA Engineer,M.Com,6,84566,Noida,2018-02-11,Yes,5,No
7907,Pooja Yadav,Female,25,HR,Recruiter,Graduate,4,52452,Kolkata,2017-05-23,No,1,Yes
7908,Rohan Joshi,Female,29,Sales,Sales Executive,B.Com,6,62571,Ahmedabad,2024-01-16,Yes,2,Yes
7909,Arjun Yadav,Male,32,Marketing,SEO Specialist,MBA,5,62247,Delhi,2020-05-23,No,5,No
7910,Anjali Mehta,Female,39,Operations,Supervisor,MBA,15,78201,Lucknow,2020-02-29,Yes,4,No
7911,Mohit Roy,Female,29,HR,HR Executive,Graduate,1,38953,Chennai,2020-08-23,No,4,No
7912,Rahul Roy,Female,39,Finance,Financial Analyst,Graduate,15,95559,Jaipur,2015-11-20,Yes,4,No
7913,Priya Kumar,Male,41,Operations,Operations Executive,M.Com,12,76763,Mumbai,2018-03-16,Yes,3,No
7914,Rahul Mehta,Male,39,Sales,Sales Manager,M.Com,14,78947,Noida,2021-04-13,No,4,No
7915,Sonia Gupta,Female,34,Operations,Supervisor,B.Com,9,64692,Lucknow,2016-04-04,Yes,3,No
7916,Arjun Yadav,Female,35,Marketing,SEO Specialist,M.Com,6,66643,Mumbai,2015-03-07,Yes,2,Yes
7917,Sneha Patel,Female,44,Operations,Supervisor,MBA,19,91101,Jaipur,2020-09-06,No,4,No
7918,Pooja Sharma,Female,37,Sales,Sales Manager,M.Com,8,63703,Kolkata,2024-08-24,No,4,No
7919,Anjali Yadav,Female,34,Marketing,Marketing Executive,B.Com,6,62431,Chennai,2016-05-09,No,5,No
7920,Sonia Mehta,Male,37,Sales,Sales Manager,MBA,17,89021,Jaipur,2022-09-12,No,2,No
7921,Sonia Roy,Female,41,Sales,Sales Manager,M.Com,14,84173,Noida,2022-12-21,No,5,Yes
7922,Pooja Verma,Male,36,Finance,Accountant,MBA,14,85995,Delhi,2024-10-03,No,1,Yes
7923,Rahul Patel,Female,26,HR,Recruiter,B.Tech,2,45182,Delhi,2023-07-11,No,1,Yes
7924,Rohan Kumar,Male,39,HR,Recruiter,MBA,19,86235,Delhi,2020-02-21,Yes,4,No
7925,Sonia Verma,Male,41,Sales,Sales Executive,Graduate,12,76835,Jaipur,2021-04-18,No,1,Yes
7926,Sneha Yadav,Female,47,Finance,Financial Analyst,MBA,18,97830,Mumbai,2018-09-15,Yes,5,No
7927,Kiran Sharma,Female,30,Finance,Accountant,Graduate,0,58722,Chennai,2019-02-28,No,1,No
7928,Sneha Singh,Male,36,HR,Recruiter,B.Com,16,79590,Bengaluru,2021-07-06,No,4,No
7929,Sonia Sharma,Male,44,Marketing,Marketing Executive,M.Com,16,85129,Mumbai,2015-10-10,No,3,No
7930,Sonia Yadav,Male,37,Sales,Sales Manager,M.Com,16,81191,Pune,2018-10-24,No,3,No
7931,Rohan Kumar,Female,29,HR,Recruiter,M.Com,7,61312,Ahmedabad,2021-04-30,Yes,3,No
7932,Mohit Kumar,Female,33,Finance,Financial Analyst,B.Com,3,67387,Delhi,2017-02-09,No,1,Yes
7933,Sneha Kumar,Male,45,Marketing,Marketing Executive,M.Com,18,88408,Ahmedabad,2016-10-06,Yes,4,No
7934,Kiran Yadav,Female,40,Sales,Sales Manager,MBA,20,98834,Noida,2020-07-30,No,4,No
7935,Sonia Sharma,Female,29,HR,Recruiter,MBA,5,48255,Jaipur,2024-02-22,No,5,No
7936,Priya Gupta,Female,45,Finance,Financial Analyst,B.Tech,16,99233,Mumbai,2016-03-07,Yes,3,No
7937,Priya Patel,Female,28,IT,Analyst,Graduate,2,69208,Delhi,2024-05-04,No,2,No
7938,Nisha Verma,Female,44,Operations,Operations Executive,MBA,17,84733,Bengaluru,2021-01-08,Yes,5,No
7939,Mohit Verma,Female,37,HR,Recruiter,B.Tech,10,69592,Noida,2023-06-22,No,2,No
7940,Deepak Gupta,Male,27,Finance,Accountant,B.Com,1,53577,Lucknow,2022-05-18,No,3,Yes
7941,Rohan Mehta,Male,27,Finance,Accountant,B.Tech,7,67514,Kolkata,2019-01-28,Yes,5,No
7942,Sneha Verma,Female,23,IT,Developer,B.Tech,2,70070,Chennai,2019-06-30,No,3,Yes
7943,Pooja Mehta,Female,36,Operations,Supervisor,B.Tech,10,71637,Jaipur,2024-10-09,Yes,2,Yes
7944,Nisha Kumar,Male,37,Marketing,Marketing Executive,B.Tech,9,65711,Kolkata,2022-06-15,Yes,5,No
7945,Sneha Joshi,Male,39,Finance,Financial Analyst,B.Tech,9,75605,Noida,2022-04-25,No,2,Yes
7946,Amit Sharma,Male,28,HR,Recruiter,M.Com,8,61163,Chennai,2018-01-22,No,5,No
7947,Neha Singh,Male,35,Sales,Sales Manager,MBA,14,84387,Kolkata,2015-05-24,No,5,Yes
7948,Arjun Verma,Male,26,IT,QA Engineer,M.Com,1,68582,Delhi,2024-10-22,No,4,No
7949,Vikas Singh,Female,46,Operations,Operations Executive,Graduate,19,85121,Chennai,2015-03-01,Yes,3,No
7950,Anjali Sharma,Female,49,Operations,Supervisor,B.Com,20,96472,Kolkata,2019-01-27,No,4,No
7951,Nisha Kumar,Male,40,IT,QA Engineer,Graduate,11,97202,Mumbai,2019-03-06,Yes,3,No
7952,Neha Joshi,Male,43,HR,Recruiter,MBA,17,83426,Delhi,2020-05-14,No,3,Yes
7953,Neha Gupta,Female,48,Sales,Sales Executive,MBA,20,94965,Jaipur,2018-02-10,Yes,4,No
7954,Rahul Roy,Male,28,HR,HR Executive,M.Com,4,45543,Delhi,2015-04-17,No,2,Yes
7955,Amit Kumar,Female,30,Marketing,SEO Specialist,MBA,3,57479,Lucknow,2022-09-02,No,1,Yes
7956,Amit Sharma,Male,45,Finance,Financial Analyst,MBA,17,100029,Chennai,2016-10-11,Yes,5,No
7957,Mohit Roy,Male,42,HR,HR Executive,B.Tech,13,74546,Delhi,2016-08-04,No,4,No
7958,Anjali Yadav,Female,36,Marketing,SEO Specialist,Graduate,6,62851,Delhi,2015-07-11,No,1,Yes
7959,Neha Kumar,Female,48,IT,Analyst,B.Tech,20,111520,Pune,2016-08-02,Yes,4,Yes
7960,Nisha Mehta,Female,38,IT,Developer,M.Com,14,104331,Pune,2021-05-22,No,3,No
7961,Pooja Mehta,Female,35,Sales,Sales Manager,B.Com,15,84765,Jaipur,2018-09-19,Yes,2,No
7962,Priya Yadav,Male,26,IT,Developer,B.Com,1,67973,Pune,2016-07-27,No,1,Yes
7963,Rahul Roy,Female,28,Sales,Sales Manager,Graduate,5,55957,Mumbai,2021-10-11,No,5,No
7964,Priya Singh,Male,39,Marketing,Marketing Executive,Graduate,15,89486,Chennai,2022-12-10,Yes,5,No
7965,Deepak Verma,Female,47,Finance,Accountant,B.Tech,18,96553,Noida,2018-12-05,Yes,2,Yes
7966,Anjali Singh,Female,38,Finance,Financial Analyst,M.Com,9,78682,Noida,2022-01-20,No,3,No
7967,Arjun Roy,Male,37,Sales,Sales Executive,B.Tech,7,67494,Delhi,2019-09-06,No,3,No
7968,Priya Verma,Male,36,Sales,Sales Executive,M.Com,7,61625,Noida,2024-05-31,No,4,No
7969,Neha Singh,Female,30,Sales,Sales Manager,MBA,6,60204,Chennai,2019-04-18,No,4,No
7970,Amit Patel,Female,38,Sales,Sales Manager,MBA,15,77734,Chennai,2015-09-22,No,2,Yes
7971,Rahul Roy,Female,47,HR,Recruiter,B.Tech,20,85551,Mumbai,2023-07-25,Yes,5,No
7972,Vikas Verma,Male,32,Finance,Accountant,B.Tech,7,71775,Chennai,2015-12-03,No,1,No
7973,Kiran Joshi,Female,47,IT,QA Engineer,Graduate,17,106971,Bengaluru,2019-10-05,Yes,3,No
7974,Anjali Singh,Male,39,Marketing,Marketing Executive,MBA,17,91096,Ahmedabad,2019-06-30,Yes,1,Yes
7975,Pooja Sharma,Female,35,HR,Recruiter,M.Com,8,56769,Noida,2015-03-03,No,1,No
7976,Rohan Yadav,Female,25,IT,QA Engineer,M.Com,3,69374,Kolkata,2020-10-21,No,2,No
7977,Deepak Yadav,Female,31,IT,QA Engineer,Graduate,10,91222,Noida,2017-02-18,No,1,Yes
7978,Vikas Gupta,Male,30,Marketing,Marketing Executive,MBA,4,56350,Kolkata,2021-07-08,No,2,No
7979,Mohit Yadav,Male,21,IT,QA Engineer,B.Tech,0,69446,Lucknow,2018-05-24,No,3,No
7980,Rohan Joshi,Male,50,Marketing,Marketing Executive,B.Com,20,99912,Kolkata,2022-09-07,No,1,No
7981,Arjun Roy,Male,41,Marketing,Marketing Executive,M.Com,19,91532,Pune,2021-03-21,No,2,No
7982,Sonia Patel,Female,37,Operations,Operations Executive,Graduate,12,73772,Chennai,2019-04-18,Yes,4,No
7983,Rohan Yadav,Female,39,Sales,Sales Manager,M.Com,17,85168,Ahmedabad,2022-03-22,Yes,4,No
7984,Nisha Mehta,Female,29,HR,Recruiter,B.Com,3,44864,Noida,2024-05-18,No,5,No
7985,Mohit Yadav,Female,39,Finance,Accountant,B.Tech,11,82377,Mumbai,2016-04-08,Yes,5,Yes
7986,Amit Verma,Female,37,Sales,Sales Executive,B.Com,14,79499,Pune,2023-09-23,No,5,No
7987,Amit Joshi,Male,41,Marketing,Marketing Executive,B.Tech,19,94764,Bengaluru,2024-04-04,No,3,No
7988,Priya Sharma,Male,26,IT,Analyst,B.Tech,5,81659,Kolkata,2024-05-12,No,3,No
7989,Amit Roy,Male,34,Finance,Financial Analyst,B.Com,9,75575,Delhi,2015-01-29,No,3,No
7990,Rohan Yadav,Male,45,IT,Analyst,M.Com,20,118076,Bengaluru,2016-10-29,No,2,No
7991,Rohan Kumar,Female,38,Finance,Financial Analyst,Graduate,9,76589,Noida,2023-12-12,Yes,2,Yes
7992,Mohit Roy,Female,45,Operations,Operations Executive,M.Com,16,84616,Jaipur,2020-08-10,No,2,No
7993,Priya Patel,Male,36,Finance,Financial Analyst,B.Com,11,79910,Jaipur,2017-07-03,No,3,No
7994,Amit Joshi,Male,37,Operations,Supervisor,MBA,14,72403,Jaipur,2022-05-24,Yes,3,No
7995,Mohit Roy,Female,46,Sales,Sales Manager,Graduate,20,97700,Mumbai,2017-01-17,No,2,Yes
7996,Vikas Sharma,Male,41,Marketing,Marketing Executive,B.Com,17,89951,Jaipur,2022-04-15,Yes,1,Yes
7997,Mohit Roy,Female,28,Marketing,Marketing Executive,B.Tech,0,51383,Chennai,2024-04-11,No,4,No
7998,Anjali Patel,Female,35,Sales,Sales Manager,MBA,9,66463,Delhi,2017-08-01,No,3,No
7999,Sneha Gupta,Female,38,Finance,Accountant,B.Com,13,85023,Chennai,2022-04-13,No,4,No
8000,Nisha Yadav,Female,21,Marketing,SEO Specialist,M.Com,1,46807,Noida,2021-07-11,No,4,No
8001,Sneha Roy,Male,43,Sales,Sales Manager,M.Com,13,75767,Jaipur,2021-06-06,No,1,No
8002,Priya Roy,Male,37,Finance,Accountant,M.Com,17,93054,Lucknow,2023-05-31,Yes,1,Yes
8003,Nisha Gupta,Male,29,HR,HR Executive,MBA,4,50121,Bengaluru,2021-12-08,No,5,No
8004,Rohan Verma,Female,23,Operations,Supervisor,B.Com,1,40885,Ahmedabad,2015-09-05,No,1,No
8005,Arjun Sharma,Male,42,Finance,Financial Analyst,Graduate,18,99209,Pune,2024-02-16,No,4,No
8006,Neha Joshi,Male,39,HR,HR Executive,M.Com,17,85405,Ahmedabad,2022-07-02,No,2,Yes
8007,Anjali Joshi,Female,35,Operations,Operations Executive,B.Com,14,72486,Delhi,2023-07-07,No,5,No
8008,Mohit Joshi,Female,40,IT,Analyst,MBA,17,112157,Ahmedabad,2022-12-28,No,2,No
8009,Rahul Joshi,Male,42,Marketing,SEO Specialist,B.Com,13,75503,Chennai,2018-11-14,Yes,2,Yes
8010,Mohit Singh,Male,40,HR,HR Executive,Graduate,13,69022,Ahmedabad,2015-06-07,No,4,Yes
8011,Anjali Singh,Male,36,IT,Developer,B.Tech,11,90281,Pune,2016-05-06,Yes,4,No
8012,Mohit Joshi,Female,44,Operations,Supervisor,Graduate,16,80334,Lucknow,2020-01-02,No,3,No
8013,Vikas Kumar,Female,44,Finance,Financial Analyst,B.Com,15,94767,Chennai,2018-05-03,Yes,5,Yes
8014,Kiran Roy,Male,36,Finance,Accountant,M.Com,14,89072,Ahmedabad,2022-04-17,Yes,2,Yes
8015,Rohan Singh,Female,31,HR,HR Executive,B.Com,1,40072,Chennai,2020-12-28,No,1,Yes
8016,Mohit Patel,Female,36,Operations,Supervisor,B.Com,9,63925,Jaipur,2017-03-28,No,4,Yes
8017,Mohit Gupta,Female,39,IT,Analyst,Graduate,17,106923,Pune,2022-01-22,Yes,4,No
8018,Sonia Mehta,Male,32,HR,HR Executive,B.Tech,5,55184,Chennai,2024-05-10,No,2,Yes
8019,Kiran Singh,Female,31,HR,Recruiter,MBA,8,61653,Chennai,2016-03-06,No,1,No
8020,Sonia Sharma,Male,34,Operations,Operations Executive,M.Com,9,60905,Chennai,2015-11-01,No,2,No
8021,Mohit Verma,Female,28,HR,Recruiter,MBA,3,52448,Delhi,2024-01-24,No,5,No
8022,Priya Joshi,Male,46,Operations,Operations Executive,MBA,20,94705,Chennai,2016-04-17,No,3,Yes
8023,Sonia Kumar,Female,45,Operations,Supervisor,MBA,18,88398,Ahmedabad,2021-10-18,No,5,No
8024,Kiran Gupta,Male,39,IT,Analyst,MBA,9,85968,Ahmedabad,2016-06-02,No,4,No
8025,Priya Gupta,Male,30,HR,Recruiter,Graduate,0,43378,Pune,2019-12-21,No,5,No
8026,Deepak Verma,Female,28,Operations,Supervisor,MBA,0,42471,Delhi,2015-11-12,No,2,Yes
8027,Deepak Roy,Female,41,Operations,Supervisor,B.Com,14,74128,Pune,2018-04-11,No,1,No
8028,Priya Patel,Male,45,Marketing,SEO Specialist,B.Com,18,92751,Mumbai,2024-01-31,Yes,1,Yes
8029,Rohan Roy,Male,45,Operations,Operations Executive,Graduate,18,90385,Noida,2015-10-20,Yes,2,Yes
8030,Nisha Joshi,Female,35,HR,Recruiter,B.Tech,7,56462,Bengaluru,2021-08-10,Yes,2,Yes
8031,Arjun Patel,Male,32,Sales,Sales Executive,B.Com,5,59514,Mumbai,2019-04-15,No,5,No
8032,Priya Sharma,Male,41,IT,Analyst,M.Com,15,104091,Ahmedabad,2017-10-17,No,2,Yes
8033,Nisha Verma,Female,34,HR,HR Executive,B.Com,4,48337,Pune,2021-03-20,No,4,No
8034,Arjun Joshi,Male,37,Operations,Supervisor,B.Tech,13,75335,Kolkata,2019-12-23,No,3,No
8035,Amit Mehta,Male,41,Operations,Operations Executive,B.Com,20,93795,Jaipur,2020-05-03,No,4,No
8036,Anjali Kumar,Female,42,Marketing,Marketing Executive,B.Tech,20,95085,Lucknow,2015-09-04,Yes,3,No
8037,Arjun Mehta,Female,29,Finance,Accountant,Graduate,7,73030,Mumbai,2022-09-01,No,2,Yes
8038,Pooja Sharma,Female,29,Operations,Supervisor,MBA,9,61847,Noida,2023-12-26,No,2,No
8039,Pooja Yadav,Male,27,IT,Developer,B.Tech,6,77525,Kolkata,2022-11-19,Yes,3,No
8040,Nisha Roy,Female,33,Marketing,Marketing Executive,Graduate,7,66079,Ahmedabad,2022-11-11,Yes,5,No
8041,Rohan Gupta,Female,43,IT,QA Engineer,M.Com,15,103286,Pune,2020-12-06,No,2,No
8042,Neha Mehta,Male,29,Finance,Accountant,Graduate,8,74114,Noida,2022-05-31,Yes,5,No
8043,Amit Roy,Male,34,Operations,Supervisor,MBA,5,49947,Jaipur,2022-07-28,No,1,Yes
8044,Rahul Mehta,Male,39,Finance,Accountant,Graduate,19,99690,Mumbai,2021-09-29,Yes,1,Yes
8045,Sonia Joshi,Male,33,Operations,Operations Executive,MBA,11,73680,Lucknow,2015-04-18,No,3,No
8046,Mohit Yadav,Female,47,IT,Analyst,B.Com,17,106586,Jaipur,2018-07-29,No,2,No
8047,Amit Sharma,Female,26,Operations,Operations Executive,Graduate,6,54612,Delhi,2020-11-12,No,2,No
8048,Arjun Gupta,Male,40,Sales,Sales Executive,M.Com,12,73316,Jaipur,2024-09-23,No,3,No
8049,Pooja Singh,Male,28,Sales,Sales Manager,B.Tech,5,55800,Delhi,2023-01-26,No,3,No
8050,Nisha Singh,Female,33,Marketing,SEO Specialist,MBA,4,61528,Ahmedabad,2022-10-19,No,1,Yes
8051,Rahul Joshi,Male,33,HR,Recruiter,M.Com,3,44993,Jaipur,2023-03-01,No,4,No
8052,Anjali Singh,Female,28,Sales,Sales Executive,MBA,4,59804,Bengaluru,2020-07-07,No,3,No
8053,Deepak Roy,Male,39,Finance,Financial Analyst,Graduate,17,95213,Mumbai,2021-02-10,Yes,1,No
8054,Arjun Yadav,Male,31,Marketing,SEO Specialist,Graduate,4,53012,Mumbai,2023-09-15,No,4,No
8055,Mohit Singh,Male,23,Operations,Supervisor,B.Com,2,44242,Delhi,2021-09-18,No,2,No
8056,Rohan Roy,Female,34,IT,Analyst,B.Tech,5,80901,Noida,2020-10-01,No,2,No
8057,Kiran Mehta,Male,28,Operations,Operations Executive,MBA,4,47258,Lucknow,2017-11-26,No,3,No
8058,Kiran Sharma,Female,23,Operations,Operations Executive,B.Tech,2,47772,Lucknow,2016-12-01,No,5,No
8059,Kiran Verma,Male,41,IT,Developer,Graduate,16,109232,Noida,2023-12-29,Yes,2,Yes
8060,Arjun Verma,Male,43,HR,Recruiter,MBA,19,90386,Noida,2020-07-19,No,1,Yes
8061,Rahul Verma,Female,48,Operations,Supervisor,B.Com,18,82272,Lucknow,2022-02-04,Yes,1,No
8062,Vikas Roy,Male,40,Sales,Sales Manager,MBA,13,74301,Delhi,2015-07-08,No,2,Yes
8063,Anjali Verma,Female,25,IT,QA Engineer,B.Tech,3,67969,Kolkata,2016-11-28,No,4,No
8064,Neha Kumar,Female,37,Marketing,SEO Specialist,M.Com,9,69507,Pune,2019-08-14,No,2,No
8065,Mohit Kumar,Male,39,HR,HR Executive,MBA,10,66748,Noida,2024-11-01,No,5,No
8066,Priya Gupta,Male,42,Finance,Financial Analyst,M.Com,15,91285,Kolkata,2022-03-13,No,4,No
8067,Arjun Mehta,Female,45,HR,HR Executive,M.Com,15,78123,Jaipur,2021-03-23,No,3,No
8068,Nisha Sharma,Female,46,Marketing,SEO Specialist,B.Tech,20,99194,Jaipur,2023-03-03,No,1,No
8069,Sonia Sharma,Male,34,Finance,Accountant,M.Com,6,71423,Chennai,2018-01-07,No,2,Yes
8070,Amit Verma,Female,37,Sales,Sales Manager,M.Com,17,86982,Mumbai,2022-06-22,Yes,5,No
8071,Anjali Joshi,Male,37,IT,Analyst,M.Com,17,105022,Pune,2021-03-10,Yes,3,No
8072,Arjun Kumar,Male,44,IT,Developer,M.Com,19,109417,Lucknow,2020-02-07,No,3,No
8073,Rahul Patel,Female,32,Finance,Accountant,M.Com,3,58165,Ahmedabad,2017-12-05,No,3,No
8074,Pooja Yadav,Male,45,Sales,Sales Executive,B.Tech,18,89512,Kolkata,2023-10-06,No,5,No
8075,Mohit Gupta,Female,31,IT,Developer,M.Com,3,69750,Noida,2016-05-14,No,1,No
8076,Amit Yadav,Female,43,Marketing,Marketing Executive,B.Com,14,87594,Kolkata,2024-09-27,No,4,No
8077,Sonia Sharma,Male,36,IT,QA Engineer,B.Com,9,92176,Chennai,2020-12-20,No,2,No
8078,Kiran Mehta,Male,43,HR,Recruiter,B.Tech,14,72869,Pune,2023-02-26,No,2,No
8079,Nisha Verma,Male,42,IT,Analyst,Graduate,15,105142,Kolkata,2024-01-22,Yes,4,Yes
8080,Arjun Gupta,Female,49,HR,HR Executive,B.Tech,20,91258,Pune,2019-10-18,No,2,Yes
8081,Amit Singh,Male,49,Sales,Sales Manager,B.Com,19,95375,Kolkata,2018-09-02,Yes,3,No
8082,Rahul Singh,Male,35,Sales,Sales Manager,B.Com,10,70711,Noida,2016-07-11,No,3,No
8083,Kiran Roy,Female,21,Sales,Sales Executive,M.Com,0,48510,Noida,2023-01-15,No,4,No
8084,Amit Kumar,Male,22,Finance,Financial Analyst,B.Tech,0,59832,Lucknow,2020-08-09,No,4,No
8085,Rohan Mehta,Female,35,Operations,Operations Executive,B.Com,9,68951,Bengaluru,2016-08-06,Yes,4,No
8086,Arjun Kumar,Male,39,HR,Recruiter,B.Com,14,78106,Bengaluru,2019-06-01,No,2,Yes
8087,Rohan Kumar,Male,37,Sales,Sales Executive,B.Com,12,75931,Mumbai,2016-07-03,Yes,1,Yes
8088,Deepak Verma,Female,46,IT,Analyst,M.Com,17,105032,Kolkata,2019-11-04,No,3,No
8089,Nisha Verma,Female,43,IT,QA Engineer,B.Tech,16,104480,Chennai,2017-03-24,No,2,No
8090,Nisha Mehta,Male,31,Operations,Supervisor,B.Com,3,45543,Chennai,2020-09-06,No,3,No
8091,Mohit Mehta,Female,41,Sales,Sales Manager,MBA,15,83778,Lucknow,2016-06-19,No,2,Yes
8092,Anjali Gupta,Male,40,Operations,Operations Executive,M.Com,18,84973,Noida,2017-07-19,No,1,No
8093,Mohit Mehta,Female,28,Sales,Sales Executive,B.Tech,6,61422,Delhi,2020-04-05,Yes,5,No
8094,Kiran Patel,Female,31,Marketing,SEO Specialist,Graduate,2,52352,Pune,2021-07-12,No,1,No
8095,Pooja Kumar,Male,48,Sales,Sales Manager,B.Tech,20,99915,Chennai,2024-09-07,No,5,No
8096,Rohan Patel,Female,33,Marketing,SEO Specialist,B.Tech,5,64886,Chennai,2015-12-31,No,5,No
8097,Pooja Yadav,Male,42,Operations,Operations Executive,B.Com,16,84910,Ahmedabad,2016-07-26,Yes,2,No
8098,Neha Mehta,Female,21,IT,Developer,MBA,0,61184,Chennai,2017-01-27,No,1,Yes
8099,Amit Patel,Female,42,HR,Recruiter,Graduate,18,84322,Mumbai,2020-06-18,Yes,4,No
8100,Anjali Verma,Female,28,Operations,Supervisor,B.Tech,4,55069,Lucknow,2015-11-16,No,1,Yes
8101,Anjali Roy,Male,39,HR,Recruiter,B.Com,12,72086,Jaipur,2016-03-26,No,1,No
8102,Kiran Joshi,Male,35,Marketing,SEO Specialist,MBA,6,59322,Chennai,2022-02-22,No,1,Yes
8103,Amit Patel,Male,31,Sales,Sales Manager,Graduate,4,53565,Bengaluru,2016-01-28,No,4,No
8104,Pooja Sharma,Male,32,Finance,Accountant,M.Com,8,72246,Noida,2019-12-17,Yes,3,No
8105,Neha Mehta,Female,32,Operations,Operations Executive,B.Tech,6,57199,Lucknow,2015-08-20,No,5,No
8106,Deepak Joshi,Female,45,Sales,Sales Executive,MBA,19,96995,Lucknow,2015-01-13,No,3,No
8107,Anjali Sharma,Female,35,Marketing,Marketing Executive,M.Com,10,69950,Kolkata,2017-11-09,Yes,1,Yes
8108,Rahul Mehta,Male,35,Marketing,Marketing Executive,B.Tech,5,65183,Mumbai,2019-04-08,No,2,No
8109,Sonia Yadav,Female,23,Marketing,Marketing Executive,M.Com,0,44626,Lucknow,2020-09-29,No,1,No
8110,Arjun Mehta,Female,31,Marketing,SEO Specialist,B.Com,5,60649,Kolkata,2020-10-05,No,5,No
8111,Anjali Kumar,Female,32,Operations,Supervisor,Graduate,4,48946,Kolkata,2019-06-01,No,5,No
8112,Sonia Mehta,Female,30,Sales,Sales Executive,B.Com,0,48245,Delhi,2017-10-17,No,1,Yes
8113,Arjun Mehta,Male,47,Sales,Sales Executive,B.Com,20,99688,Kolkata,2021-08-18,Yes,1,Yes
8114,Kiran Singh,Male,30,HR,HR Executive,B.Com,2,46353,Delhi,2017-05-05,No,2,Yes
8115,Vikas Gupta,Female,34,Operations,Supervisor,M.Com,6,58441,Lucknow,2019-05-08,No,3,Yes
8116,Amit Yadav,Male,41,HR,Recruiter,M.Com,17,79671,Pune,2021-11-30,Yes,2,No
8117,Sonia Kumar,Male,26,Operations,Operations Executive,MBA,4,53013,Ahmedabad,2019-11-22,No,5,No
8118,Nisha Joshi,Female,44,Operations,Supervisor,MBA,15,84033,Mumbai,2019-01-26,Yes,3,No
8119,Rahul Kumar,Female,38,IT,Developer,B.Tech,8,89393,Kolkata,2020-03-10,Yes,5,No
8120,Priya Sharma,Male,40,Sales,Sales Executive,M.Com,18,93055,Pune,2023-09-18,Yes,4,No
8121,Sonia Kumar,Male,45,IT,QA Engineer,MBA,18,107724,Jaipur,2018-05-09,No,5,No
8122,Nisha Gupta,Male,29,Marketing,SEO Specialist,Graduate,1,47481,Jaipur,2023-05-29,No,3,No
8123,Priya Roy,Male,39,Operations,Operations Executive,B.Tech,13,74690,Ahmedabad,2021-08-07,No,3,Yes
8124,Deepak Verma,Male,24,Operations,Supervisor,M.Com,3,48287,Jaipur,2022-07-31,No,2,No
8125,Mohit Patel,Female,45,IT,Analyst,B.Tech,20,117549,Jaipur,2023-07-10,No,5,No
8126,Sonia Verma,Female,32,Sales,Sales Manager,Graduate,10,65856,Chennai,2019-02-05,Yes,1,Yes
8127,Anjali Singh,Female,23,Sales,Sales Executive,Graduate,1,43024,Noida,2020-05-22,No,4,No
8128,Deepak Singh,Male,38,Finance,Accountant,M.Com,8,76392,Mumbai,2021-01-11,No,1,No
8129,Arjun Kumar,Male,41,Finance,Financial Analyst,M.Com,11,85049,Ahmedabad,2016-12-09,No,3,No
8130,Mohit Gupta,Female,36,IT,Developer,Graduate,6,75655,Noida,2021-03-07,No,2,No
8131,Vikas Patel,Male,28,Finance,Financial Analyst,MBA,0,58503,Delhi,2016-06-12,No,4,No
8132,Rohan Mehta,Female,42,IT,Analyst,MBA,14,96160,Noida,2016-12-19,Yes,5,No
8133,Vikas Roy,Female,31,Finance,Accountant,B.Com,5,71559,Mumbai,2018-12-06,No,2,No
8134,Neha Roy,Female,24,HR,HR Executive,B.Tech,2,44265,Bengaluru,2024-07-23,No,5,No
8135,Sneha Kumar,Male,35,Sales,Sales Executive,B.Tech,6,61181,Chennai,2017-02-18,No,1,Yes
8136,Nisha Verma,Male,36,Marketing,Marketing Executive,Graduate,6,66023,Lucknow,2016-02-09,No,2,Yes
8137,Rohan Mehta,Male,33,Marketing,Marketing Executive,M.Com,10,76049,Jaipur,2019-01-30,No,3,No
8138,Rohan Roy,Male,31,Operations,Operations Executive,Graduate,9,62702,Delhi,2015-01-17,Yes,2,Yes
8139,Arjun Mehta,Female,30,Marketing,Marketing Executive,Graduate,1,46787,Delhi,2017-07-22,No,2,Yes
8140,Rahul Gupta,Female,39,Sales,Sales Manager,M.Com,12,73805,Delhi,2019-04-24,Yes,2,No
8141,Rahul Yadav,Male,34,Sales,Sales Manager,Graduate,11,72325,Lucknow,2018-10-22,Yes,2,Yes
8142,Rohan Patel,Male,33,IT,QA Engineer,B.Com,8,85495,Mumbai,2018-01-16,No,4,No
8143,Mohit Roy,Male,23,Finance,Accountant,B.Tech,2,55732,Noida,2020-05-27,No,5,No
8144,Deepak Patel,Female,42,Operations,Operations Executive,Graduate,16,82971,Noida,2019-01-30,No,4,No
8145,Nisha Verma,Female,29,Operations,Operations Executive,Graduate,4,50966,Lucknow,2015-05-24,No,5,No
8146,Rohan Gupta,Male,45,Operations,Operations Executive,M.Com,19,87702,Noida,2022-10-09,Yes,4,Yes
8147,Sneha Verma,Male,38,Marketing,Marketing Executive,B.Com,9,70003,Chennai,2023-05-25,No,3,No
8148,Anjali Gupta,Male,21,Finance,Accountant,B.Tech,0,50529,Chennai,2016-05-28,No,3,No
8149,Arjun Verma,Female,38,Operations,Supervisor,MBA,10,69913,Mumbai,2023-01-07,No,3,No
8150,Anjali Verma,Male,30,IT,QA Engineer,MBA,10,88678,Mumbai,2020-05-10,Yes,2,No
8151,Kiran Roy,Female,38,Finance,Financial Analyst,M.Com,11,78828,Kolkata,2017-05-02,No,1,Yes
8152,Priya Yadav,Female,30,Sales,Sales Executive,Graduate,4,55153,Noida,2020-10-28,No,5,No
8153,Mohit Verma,Male,33,Finance,Financial Analyst,MBA,3,59346,Jaipur,2015-08-23,No,1,No
8154,Anjali Mehta,Male,43,HR,HR Executive,MBA,20,89966,Pune,2024-09-19,No,4,No
8155,Pooja Singh,Female,38,Finance,Financial Analyst,B.Com,15,97194,Ahmedabad,2021-07-01,Yes,4,No
8156,Mohit Mehta,Male,21,Operations,Operations Executive,MBA,1,41167,Mumbai,2018-09-25,No,4,No
8157,Vikas Patel,Male,46,HR,HR Executive,Graduate,19,87561,Pune,2017-09-26,No,1,Yes
8158,Neha Sharma,Male,38,Sales,Sales Manager,Graduate,18,86277,Mumbai,2015-03-06,Yes,5,Yes
8159,Sonia Joshi,Female,35,Sales,Sales Manager,B.Tech,7,58651,Chennai,2019-09-04,Yes,2,Yes
8160,Sonia Singh,Male,42,IT,QA Engineer,Graduate,12,96480,Kolkata,2023-09-29,Yes,3,No
8161,Mohit Roy,Female,39,Operations,Operations Executive,B.Com,10,67559,Pune,2017-08-24,No,3,No
8162,Nisha Sharma,Male,43,IT,QA Engineer,B.Com,18,105571,Kolkata,2022-11-19,No,4,No
8163,Rahul Patel,Male,32,Sales,Sales Executive,M.Com,10,72820,Bengaluru,2021-01-26,No,4,No
8164,Sonia Patel,Male,29,IT,QA Engineer,Graduate,8,88612,Bengaluru,2018-08-21,Yes,3,No
8165,Pooja Kumar,Female,34,Marketing,SEO Specialist,B.Com,11,80323,Pune,2021-02-26,Yes,4,No
8166,Amit Yadav,Male,37,Sales,Sales Executive,B.Com,14,82981,Lucknow,2019-12-24,No,2,Yes
8167,Arjun Patel,Male,46,Sales,Sales Executive,B.Tech,20,91115,Kolkata,2019-05-04,No,5,No
8168,Vikas Kumar,Female,46,Finance,Accountant,B.Com,19,104690,Ahmedabad,2023-08-03,Yes,2,Yes
8169,Nisha Patel,Male,29,Marketing,SEO Specialist,B.Tech,5,63901,Pune,2021-03-03,No,5,No
8170,Arjun Joshi,Female,36,Operations,Supervisor,MBA,14,76604,Kolkata,2016-11-03,Yes,2,Yes
8171,Mohit Kumar,Female,35,HR,HR Executive,M.Com,15,80405,Chennai,2018-10-27,No,4,Yes
8172,Priya Patel,Female,31,Operations,Supervisor,M.Com,6,58524,Delhi,2018-09-19,Yes,2,No
8173,Sonia Kumar,Male,38,Marketing,Marketing Executive,Graduate,15,88802,Delhi,2022-07-01,No,5,No
8174,Arjun Kumar,Female,37,HR,HR Executive,M.Com,17,78918,Pune,2015-06-16,No,2,No
8175,Rahul Singh,Male,37,Sales,Sales Manager,M.Com,15,81961,Mumbai,2024-08-05,Yes,2,Yes
8176,Vikas Patel,Female,38,HR,HR Executive,B.Com,14,74908,Noida,2016-07-27,No,4,No
8177,Neha Joshi,Female,37,HR,HR Executive,B.Com,15,75224,Ahmedabad,2020-01-01,No,5,No
8178,Mohit Roy,Female,36,HR,HR Executive,M.Com,8,60371,Noida,2021-04-29,Yes,5,No
8179,Rohan Singh,Female,42,Marketing,Marketing Executive,B.Com,13,83432,Bengaluru,2020-07-25,Yes,1,No
8180,Pooja Roy,Female,41,Operations,Operations Executive,M.Com,15,77236,Noida,2024-05-22,Yes,5,No
8181,Nisha Sharma,Male,22,Finance,Accountant,Graduate,2,57931,Lucknow,2024-02-03,No,4,No
8182,Priya Patel,Male,27,Finance,Accountant,M.Com,7,72330,Lucknow,2021-08-09,No,3,No
8183,Amit Joshi,Male,35,Finance,Financial Analyst,M.Com,9,80531,Jaipur,2018-05-14,No,4,No
8184,Rohan Patel,Male,31,Sales,Sales Executive,Graduate,11,74699,Delhi,2020-10-04,Yes,1,Yes
8185,Priya Yadav,Female,29,IT,QA Engineer,Graduate,0,60614,Chennai,2018-03-24,No,1,Yes
8186,Mohit Gupta,Female,33,IT,QA Engineer,B.Com,10,93558,Chennai,2015-02-22,Yes,3,No
8187,Vikas Kumar,Female,34,Operations,Supervisor,M.Com,6,53465,Delhi,2024-01-29,No,2,Yes
8188,Mohit Verma,Male,32,IT,QA Engineer,M.Com,2,72885,Chennai,2018-09-19,No,4,Yes
8189,Mohit Joshi,Male,43,Finance,Financial Analyst,B.Com,14,86636,Lucknow,2016-06-26,No,1,No
8190,Rohan Gupta,Male,35,Marketing,SEO Specialist,B.Com,5,61457,Mumbai,2018-02-27,No,1,Yes
8191,Neha Joshi,Male,30,Sales,Sales Manager,MBA,6,61826,Pune,2022-06-01,No,1,Yes
8192,Rohan Gupta,Male,34,Operations,Operations Executive,MBA,13,73395,Lucknow,2018-05-06,Yes,4,No
8193,Priya Singh,Male,40,IT,Developer,B.Tech,12,95639,Lucknow,2018-01-01,Yes,5,No
8194,Pooja Gupta,Male,35,Marketing,SEO Specialist,Graduate,6,60327,Jaipur,2015-09-11,No,1,No
8195,Sneha Patel,Female,31,IT,QA Engineer,MBA,10,91147,Delhi,2022-02-20,No,1,No
8196,Rahul Singh,Male,34,Operations,Supervisor,Graduate,6,59142,Ahmedabad,2016-08-05,Yes,1,No
8197,Mohit Kumar,Female,39,Finance,Financial Analyst,MBA,12,84090,Pune,2015-02-25,No,5,Yes
8198,Rahul Gupta,Male,29,Finance,Accountant,M.Com,3,57530,Jaipur,2017-03-27,No,4,No
8199,Kiran Mehta,Male,34,Marketing,Marketing Executive,B.Tech,4,57660,Jaipur,2023-07-30,No,1,Yes
8200,Priya Mehta,Female,23,Finance,Financial Analyst,M.Com,2,63016,Ahmedabad,2024-05-23,No,3,No
8201,Sneha Patel,Male,45,Marketing,SEO Specialist,B.Tech,16,90388,Jaipur,2015-12-28,Yes,4,No
8202,Rahul Patel,Male,37,HR,HR Executive,B.Tech,17,77839,Noida,2019-06-10,No,4,No
8203,Priya Roy,Female,38,Marketing,Marketing Executive,MBA,17,86392,Lucknow,2021-01-02,No,2,Yes
8204,Deepak Verma,Male,25,HR,HR Executive,M.Com,5,54573,Kolkata,2022-08-18,No,4,No
8205,Pooja Mehta,Female,34,HR,HR Executive,B.Com,8,64782,Jaipur,2015-11-24,Yes,4,No
8206,Kiran Verma,Female,45,Sales,Sales Executive,MBA,17,90244,Chennai,2020-09-07,No,5,No
8207,Rohan Joshi,Male,37,Sales,Sales Executive,MBA,12,78032,Bengaluru,2024-02-19,Yes,4,No
8208,Vikas Yadav,Male,38,Finance,Financial Analyst,Graduate,18,97680,Noida,2020-12-30,Yes,3,No
8209,Arjun Kumar,Male,36,Finance,Financial Analyst,B.Com,8,79611,Pune,2017-06-15,Yes,1,No
8210,Kiran Singh,Female,35,IT,Analyst,M.Com,5,73505,Ahmedabad,2022-04-10,No,4,No
8211,Arjun Verma,Male,24,Operations,Operations Executive,Graduate,1,41029,Bengaluru,2023-12-31,No,2,No
8212,Priya Kumar,Female,32,Finance,Accountant,MBA,10,80664,Noida,2021-01-09,Yes,2,No
8213,Kiran Mehta,Female,31,Finance,Accountant,B.Tech,1,58222,Ahmedabad,2018-09-27,No,1,Yes
8214,Pooja Roy,Female,49,Marketing,Marketing Executive,B.Tech,20,97442,Pune,2016-06-07,Yes,1,Yes
8215,Kiran Singh,Female,41,IT,QA Engineer,Graduate,13,98804,Bengaluru,2019-08-25,Yes,4,No
8216,Neha Joshi,Male,34,Finance,Financial Analyst,MBA,12,82219,Jaipur,2020-02-02,No,2,Yes
8217,Pooja Gupta,Male,34,Finance,Financial Analyst,B.Tech,11,80792,Ahmedabad,2020-01-28,Yes,1,Yes
8218,Rahul Roy,Female,35,Operations,Supervisor,Graduate,10,68933,Kolkata,2024-07-20,No,5,No
8219,Amit Singh,Male,45,Sales,Sales Manager,B.Com,20,91275,Bengaluru,2020-06-16,No,4,No
8220,Neha Singh,Female,37,Sales,Sales Manager,M.Com,13,80956,Bengaluru,2023-04-12,Yes,1,Yes
8221,Nisha Verma,Female,38,HR,Recruiter,Graduate,10,68064,Kolkata,2017-01-08,Yes,2,Yes
8222,Kiran Kumar,Male,37,HR,HR Executive,M.Com,14,71993,Kolkata,2024-03-17,Yes,3,No
8223,Sonia Singh,Female,40,HR,HR Executive,M.Com,17,84510,Pune,2021-12-30,Yes,5,No
8224,Sonia Kumar,Male,44,Marketing,SEO Specialist,MBA,17,88017,Mumbai,2023-10-25,No,3,No
8225,Sonia Mehta,Male,25,Sales,Sales Executive,B.Com,0,40596,Noida,2016-02-12,No,3,No
8226,Rohan Singh,Male,38,Operations,Supervisor,B.Tech,17,83303,Mumbai,2022-08-24,No,4,No
8227,Amit Kumar,Male,38,IT,Developer,Graduate,13,96641,Pune,2015-08-08,Yes,5,No
8228,Arjun Yadav,Female,30,Operations,Operations Executive,MBA,6,52666,Ahmedabad,2017-01-04,Yes,4,No
8229,Arjun Gupta,Female,41,Sales,Sales Manager,B.Com,18,89331,Ahmedabad,2017-09-07,Yes,5,No
8230,Vikas Patel,Female,47,Operations,Operations Executive,B.Com,18,89139,Ahmedabad,2024-06-03,Yes,2,Yes
8231,Sneha Verma,Female,38,Operations,Supervisor,M.Com,8,59548,Ahmedabad,2024-11-23,Yes,2,Yes
8232,Mohit Singh,Female,33,Sales,Sales Executive,M.Com,7,59768,Chennai,2017-07-22,No,1,No
8233,Nisha Roy,Male,28,HR,Recruiter,Graduate,4,52937,Mumbai,2024-06-26,No,3,No
8234,Kiran Mehta,Female,35,HR,HR Executive,MBA,8,59249,Bengaluru,2015-11-25,No,3,No
8235,Sneha Patel,Female,43,Operations,Operations Executive,Graduate,14,81240,Ahmedabad,2018-09-27,Yes,2,Yes
8236,Arjun Yadav,Male,40,HR,Recruiter,B.Com,13,76605,Ahmedabad,2024-11-18,No,2,No
8237,Sonia Verma,Female,41,Marketing,Marketing Executive,Graduate,19,98966,Lucknow,2016-12-01,Yes,4,No
8238,Deepak Joshi,Female,28,Sales,Sales Executive,MBA,7,63691,Mumbai,2015-07-25,Yes,4,No
8239,Rohan Sharma,Female,31,Sales,Sales Manager,B.Tech,1,49641,Jaipur,2015-03-25,No,4,No
8240,Priya Singh,Male,42,IT,Developer,M.Com,14,104085,Lucknow,2015-01-19,No,4,No
8241,Mohit Verma,Female,42,Marketing,Marketing Executive,MBA,14,78780,Noida,2022-06-15,Yes,4,No
8242,Mohit Joshi,Female,45,IT,QA Engineer,MBA,18,113362,Chennai,2019-10-18,Yes,3,No
8243,Rohan Verma,Female,46,Marketing,SEO Specialist,Graduate,16,89686,Lucknow,2019-01-04,Yes,1,No
8244,Sonia Mehta,Male,28,Sales,Sales Executive,M.Com,2,48025,Kolkata,2019-01-12,No,3,No
8245,Vikas Sharma,Male,46,Finance,Financial Analyst,Graduate,19,105316,Noida,2023-08-07,No,2,No
8246,Rahul Gupta,Female,31,HR,HR Executive,Graduate,6,53470,Delhi,2021-11-18,Yes,3,No
8247,Priya Verma,Female,36,Marketing,Marketing Executive,M.Com,13,76899,Jaipur,2021-06-04,No,5,Yes
8248,Amit Yadav,Male,42,Sales,Sales Executive,B.Com,19,94915,Lucknow,2017-05-08,Yes,2,No
8249,Deepak Mehta,Male,38,Marketing,Marketing Executive,MBA,15,80619,Bengaluru,2024-10-10,No,1,No
8250,Kiran Singh,Female,27,Marketing,SEO Specialist,Graduate,5,58332,Lucknow,2018-11-28,No,3,No
8251,Pooja Mehta,Female,33,Operations,Supervisor,Graduate,5,55404,Noida,2021-07-03,No,3,No
8252,Mohit Yadav,Female,43,Marketing,Marketing Executive,Graduate,13,85472,Kolkata,2020-11-09,No,1,Yes
8253,Rahul Joshi,Male,42,IT,QA Engineer,Graduate,18,113187,Bengaluru,2022-08-01,No,3,No
8254,Vikas Patel,Male,29,IT,Analyst,MBA,9,91064,Pune,2021-11-07,Yes,2,Yes
8255,Pooja Joshi,Male,38,Operations,Operations Executive,MBA,15,74896,Chennai,2019-06-26,No,5,Yes
8256,Priya Singh,Male,29,HR,Recruiter,M.Com,8,55216,Jaipur,2019-05-19,No,3,No
8257,Deepak Joshi,Male,26,Finance,Accountant,B.Tech,6,65808,Kolkata,2019-04-17,Yes,5,No
8258,Rohan Yadav,Female,34,Operations,Operations Executive,Graduate,11,65136,Chennai,2024-02-20,No,5,No
8259,Vikas Singh,Male,32,Sales,Sales Manager,B.Tech,10,68265,Bengaluru,2015-02-06,Yes,4,No
8260,Rahul Verma,Female,40,IT,Analyst,M.Com,16,104152,Pune,2022-03-25,Yes,1,No
8261,Sneha Kumar,Male,39,Sales,Sales Executive,M.Com,10,71383,Ahmedabad,2024-07-20,No,2,No
8262,Nisha Joshi,Male,36,Sales,Sales Manager,B.Tech,16,87940,Bengaluru,2023-10-09,No,4,No
8263,Anjali Yadav,Male,49,Sales,Sales Manager,MBA,20,92719,Bengaluru,2023-04-12,No,3,No
8264,Vikas Singh,Female,29,Marketing,Marketing Executive,Graduate,7,68369,Lucknow,2024-01-14,No,2,No
8265,Nisha Mehta,Male,36,Marketing,SEO Specialist,Graduate,8,65325,Pune,2021-09-11,No,4,No
8266,Mohit Kumar,Male,46,HR,HR Executive,M.Com,19,85056,Bengaluru,2016-09-15,No,5,No
8267,Mohit Gupta,Female,22,Finance,Financial Analyst,B.Com,0,58638,Jaipur,2017-03-14,No,5,No
8268,Sonia Joshi,Male,27,HR,HR Executive,B.Com,2,48569,Jaipur,2021-12-18,No,1,Yes
8269,Kiran Sharma,Male,40,Marketing,SEO Specialist,M.Com,13,80971,Mumbai,2018-01-10,Yes,1,Yes
8270,Kiran Verma,Female,44,HR,HR Executive,B.Com,14,78395,Chennai,2022-10-23,No,1,No
8271,Pooja Verma,Female,46,Marketing,Marketing Executive,B.Tech,16,92469,Lucknow,2020-01-04,No,3,No
8272,Pooja Mehta,Female,26,HR,Recruiter,Graduate,1,46281,Delhi,2024-08-05,No,2,Yes
8273,Sneha Sharma,Female,31,Sales,Sales Manager,M.Com,9,68394,Kolkata,2015-07-27,No,1,No
8274,Kiran Joshi,Male,31,Marketing,Marketing Executive,B.Com,8,72507,Noida,2023-07-20,Yes,5,No
8275,Sonia Gupta,Female,47,Sales,Sales Executive,B.Com,19,91007,Ahmedabad,2016-11-24,No,3,No
8276,Kiran Roy,Female,26,Marketing,SEO Specialist,B.Com,1,52847,Noida,2022-07-03,No,2,Yes
8277,Neha Sharma,Female,45,HR,HR Executive,MBA,17,79247,Noida,2024-10-25,Yes,2,Yes
8278,Pooja Kumar,Male,47,Finance,Accountant,B.Com,18,101387,Noida,2023-02-21,No,2,Yes
8279,Mohit Patel,Male,32,Finance,Accountant,M.Com,11,81745,Bengaluru,2016-10-15,No,2,No
8280,Kiran Joshi,Female,29,Sales,Sales Manager,Graduate,6,63942,Chennai,2018-05-09,Yes,3,No
8281,Priya Verma,Female,31,Finance,Accountant,MBA,6,72304,Noida,2020-10-26,No,1,No
8282,Mohit Joshi,Female,32,Marketing,SEO Specialist,Graduate,11,73086,Kolkata,2022-02-15,No,1,No
8283,Neha Patel,Female,35,Finance,Accountant,B.Tech,9,80495,Jaipur,2022-08-05,No,3,Yes
8284,Neha Gupta,Male,43,Operations,Operations Executive,B.Com,20,88049,Mumbai,2015-10-18,No,1,No
8285,Sonia Gupta,Female,48,Sales,Sales Manager,B.Com,20,96874,Kolkata,2019-01-10,Yes,1,No
8286,Sneha Mehta,Female,26,Sales,Sales Manager,B.Com,2,50687,Lucknow,2017-09-17,No,4,No
8287,Nisha Patel,Female,39,Finance,Financial Analyst,M.Com,12,81278,Chennai,2017-07-12,No,4,No
8288,Nisha Gupta,Female,37,Marketing,Marketing Executive,Graduate,14,81270,Bengaluru,2018-11-15,Yes,1,No
8289,Deepak Singh,Female,33,Sales,Sales Executive,Graduate,6,55858,Bengaluru,2024-07-04,No,4,No
8290,Nisha Roy,Male,44,IT,QA Engineer,B.Com,18,114305,Pune,2020-11-25,No,2,No
8291,Sonia Joshi,Male,44,HR,Recruiter,B.Tech,14,76075,Noida,2023-02-12,Yes,1,Yes
8292,Arjun Gupta,Male,30,Sales,Sales Manager,B.Com,3,52545,Pune,2022-07-21,No,3,Yes
8293,Rohan Roy,Female,42,HR,Recruiter,B.Com,17,85410,Chennai,2019-07-03,No,1,No
8294,Mohit Joshi,Male,31,Sales,Sales Manager,B.Tech,8,67572,Kolkata,2023-08-04,Yes,4,No
8295,Priya Joshi,Male,31,Sales,Sales Manager,Graduate,9,63224,Chennai,2023-03-18,No,5,No
8296,Kiran Yadav,Female,35,HR,HR Executive,M.Com,8,62289,Mumbai,2020-11-06,Yes,1,No
8297,Arjun Sharma,Female,49,IT,Developer,M.Com,19,110448,Bengaluru,2017-09-15,Yes,3,No
8298,Neha Mehta,Female,35,Marketing,SEO Specialist,Graduate,14,81348,Kolkata,2023-04-28,Yes,4,No
8299,Arjun Mehta,Female,36,HR,Recruiter,B.Tech,12,74052,Noida,2024-11-21,No,4,No
8300,Rahul Roy,Female,41,Finance,Financial Analyst,M.Com,18,104167,Delhi,2016-07-23,No,3,No
8301,Anjali Singh,Female,37,Sales,Sales Manager,M.Com,12,77397,Kolkata,2022-02-22,No,1,No
8302,Pooja Kumar,Male,36,Operations,Operations Executive,B.Com,14,81336,Pune,2024-02-01,Yes,2,Yes
8303,Rahul Gupta,Male,34,Marketing,SEO Specialist,B.Com,5,62414,Kolkata,2022-11-17,No,2,No
8304,Sonia Patel,Female,22,Finance,Financial Analyst,B.Tech,0,52187,Noida,2022-02-08,No,1,Yes
8305,Mohit Verma,Female,34,Operations,Operations Executive,M.Com,13,75731,Bengaluru,2018-10-16,No,4,No
8306,Rahul Mehta,Male,35,HR,Recruiter,B.Tech,6,59622,Pune,2023-07-17,Yes,1,No
8307,Neha Verma,Female,35,Operations,Supervisor,Graduate,8,63564,Kolkata,2023-07-09,No,2,No
8308,Kiran Patel,Male,45,IT,Developer,M.Com,16,102082,Lucknow,2022-12-10,No,1,Yes
8309,Amit Yadav,Male,38,Finance,Accountant,Graduate,15,95820,Ahmedabad,2019-11-22,Yes,4,No
8310,Kiran Verma,Male,36,Operations,Operations Executive,MBA,10,65043,Bengaluru,2017-07-03,Yes,4,No
8311,Sonia Sharma,Male,41,Finance,Financial Analyst,MBA,15,95668,Kolkata,2019-11-30,Yes,4,No
8312,Priya Kumar,Male,42,Sales,Sales Executive,Graduate,17,84427,Mumbai,2024-03-11,Yes,3,No
8313,Sneha Verma,Male,43,Sales,Sales Manager,Graduate,18,89487,Bengaluru,2017-02-07,No,2,No
8314,Sonia Kumar,Female,35,Sales,Sales Manager,M.Com,7,57643,Kolkata,2020-08-28,Yes,3,Yes
8315,Deepak Verma,Female,29,IT,QA Engineer,MBA,9,87212,Kolkata,2018-03-18,Yes,4,No
8316,Kiran Singh,Male,29,IT,Analyst,MBA,7,84265,Ahmedabad,2019-05-23,No,4,No
8317,Nisha Verma,Male,41,HR,Recruiter,M.Com,14,76756,Jaipur,2016-11-22,No,4,No
8318,Amit Sharma,Female,42,HR,Recruiter,M.Com,18,84473,Chennai,2019-02-24,No,4,No
8319,Vikas Singh,Female,30,Finance,Financial Analyst,B.Com,4,62186,Mumbai,2021-11-29,No,3,No
8320,Mohit Roy,Male,40,Marketing,Marketing Executive,M.Com,12,82134,Jaipur,2015-10-01,Yes,1,No
8321,Mohit Sharma,Female,39,Operations,Operations Executive,MBA,17,81394,Jaipur,2020-09-26,No,3,No
8322,Vikas Verma,Male,35,IT,Developer,M.Com,8,81735,Ahmedabad,2022-05-22,No,3,No
8323,Sonia Mehta,Female,31,Finance,Financial Analyst,Graduate,5,62580,Ahmedabad,2023-11-22,No,1,No
8324,Mohit Sharma,Female,44,HR,Recruiter,M.Com,17,78516,Chennai,2019-08-05,Yes,1,Yes
8325,Vikas Patel,Female,40,Sales,Sales Executive,B.Tech,15,83521,Lucknow,2019-11-26,Yes,3,No
8326,Sneha Singh,Female,29,Finance,Financial Analyst,B.Tech,0,51142,Pune,2020-02-21,No,5,Yes
8327,Vikas Verma,Female,38,Marketing,SEO Specialist,B.Tech,17,94109,Lucknow,2015-02-21,Yes,1,Yes
8328,Deepak Singh,Female,34,IT,Analyst,Graduate,4,72576,Jaipur,2020-11-13,No,1,No
8329,Arjun Verma,Male,30,Finance,Financial Analyst,B.Tech,3,63450,Pune,2017-02-08,No,5,No
8330,Pooja Verma,Male,44,Operations,Operations Executive,M.Com,18,85032,Mumbai,2015-08-04,Yes,1,No
8331,Sneha Patel,Female,45,Finance,Financial Analyst,B.Com,20,101084,Noida,2024-06-27,Yes,3,No
8332,Amit Roy,Male,45,Finance,Financial Analyst,M.Com,16,96579,Chennai,2019-06-02,Yes,3,No
8333,Sonia Mehta,Male,25,Sales,Sales Manager,M.Com,4,57304,Lucknow,2015-08-02,No,1,Yes
8334,Priya Yadav,Female,43,Finance,Accountant,MBA,17,95160,Delhi,2016-03-22,Yes,1,No
8335,Deepak Patel,Female,35,Marketing,Marketing Executive,B.Com,13,84493,Chennai,2015-07-24,No,4,No
8336,Neha Yadav,Female,40,Marketing,SEO Specialist,MBA,15,87887,Delhi,2021-04-13,No,1,Yes
8337,Mohit Singh,Female,36,Sales,Sales Manager,Graduate,6,62409,Delhi,2022-05-26,Yes,5,No
8338,Arjun Yadav,Female,39,Marketing,Marketing Executive,M.Com,17,91865,Kolkata,2019-12-31,No,3,No
8339,Arjun Patel,Male,28,Operations,Supervisor,MBA,5,58841,Bengaluru,2024-07-12,No,3,No
8340,Sneha Verma,Female,37,HR,Recruiter,M.Com,10,61101,Pune,2018-10-29,No,4,No
8341,Deepak Mehta,Female,27,Sales,Sales Executive,MBA,6,61044,Chennai,2017-02-02,No,2,Yes
8342,Mohit Singh,Male,29,Marketing,SEO Specialist,M.Com,4,54436,Mumbai,2024-10-03,No,4,No
8343,Deepak Sharma,Male,43,Operations,Operations Executive,MBA,14,78160,Kolkata,2024-03-13,Yes,4,No
8344,Kiran Roy,Male,32,IT,Developer,B.Com,8,82708,Chennai,2015-04-06,No,1,No
8345,Neha Joshi,Female,33,HR,Recruiter,B.Tech,10,68119,Mumbai,2020-12-25,No,4,No
8346,Nisha Roy,Female,33,Marketing,SEO Specialist,B.Com,9,70926,Chennai,2022-10-30,Yes,3,No
8347,Mohit Singh,Female,47,Finance,Financial Analyst,Graduate,18,95956,Delhi,2022-11-15,Yes,2,Yes
8348,Rohan Singh,Female,28,HR,HR Executive,MBA,3,51817,Delhi,2017-04-28,No,4,No
8349,Rahul Verma,Female,46,Marketing,SEO Specialist,M.Com,17,95244,Mumbai,2018-09-03,Yes,2,Yes
8350,Kiran Mehta,Female,31,Finance,Accountant,M.Com,8,77347,Delhi,2018-07-21,Yes,4,No
8351,Pooja Verma,Male,43,IT,QA Engineer,Graduate,16,102298,Bengaluru,2020-08-27,Yes,4,No
8352,Deepak Kumar,Male,44,Sales,Sales Manager,M.Com,17,92425,Mumbai,2022-05-23,Yes,3,No
8353,Sneha Kumar,Male,25,Finance,Accountant,B.Com,1,57159,Delhi,2022-01-02,No,5,No
8354,Arjun Verma,Female,38,IT,Analyst,MBA,18,114300,Pune,2016-09-28,No,5,No
8355,Mohit Roy,Female,41,Sales,Sales Executive,M.Com,17,89750,Kolkata,2020-06-02,Yes,1,Yes
8356,Rohan Patel,Male,38,Sales,Sales Executive,B.Tech,13,78479,Mumbai,2017-08-28,No,1,No
8357,Sneha Verma,Male,37,Sales,Sales Executive,Graduate,13,78395,Kolkata,2018-03-26,Yes,2,Yes
8358,Sneha Joshi,Male,32,Sales,Sales Manager,B.Tech,9,70537,Kolkata,2019-10-07,No,5,No
8359,Anjali Yadav,Female,34,Operations,Supervisor,M.Com,6,57461,Delhi,2020-02-14,No,2,Yes
8360,Sonia Sharma,Male,33,IT,Analyst,B.Tech,9,83325,Kolkata,2017-03-05,No,1,Yes
8361,Mohit Patel,Female,23,Marketing,SEO Specialist,Graduate,0,50816,Lucknow,2023-12-21,No,2,No
8362,Kiran Sharma,Female,26,Operations,Supervisor,B.Tech,1,46079,Kolkata,2016-07-19,No,5,No
8363,Rohan Kumar,Female,34,Sales,Sales Executive,B.Com,5,60853,Pune,2019-02-12,No,4,No
8364,Kiran Mehta,Male,29,Marketing,Marketing Executive,M.Com,5,63496,Mumbai,2022-09-13,No,2,No
8365,Rahul Gupta,Female,41,Finance,Financial Analyst,MBA,11,83224,Pune,2021-08-17,No,2,Yes
8366,Deepak Singh,Female,30,Finance,Accountant,M.Com,9,73889,Ahmedabad,2021-05-10,Yes,1,No
8367,Amit Kumar,Male,38,IT,Developer,B.Tech,14,104898,Bengaluru,2024-07-10,No,4,No
8368,Arjun Roy,Female,27,Sales,Sales Manager,B.Com,4,58704,Bengaluru,2022-03-14,No,5,No
8369,Vikas Kumar,Male,38,IT,QA Engineer,Graduate,14,95054,Chennai,2024-09-20,No,2,No
8370,Kiran Gupta,Female,32,IT,Developer,MBA,5,78017,Delhi,2021-12-27,No,1,Yes
8371,Anjali Singh,Male,41,Sales,Sales Executive,B.Com,11,69289,Chennai,2019-11-20,Yes,3,No
8372,Pooja Singh,Male,36,Marketing,Marketing Executive,Graduate,12,74472,Mumbai,2019-05-11,No,2,Yes
8373,Neha Singh,Female,31,Marketing,Marketing Executive,M.Com,2,55368,Mumbai,2019-10-21,No,3,No
8374,Neha Verma,Male,38,IT,Developer,M.Com,8,86936,Noida,2021-05-15,No,4,Yes
8375,Priya Patel,Male,36,Marketing,SEO Specialist,B.Com,15,89195,Mumbai,2024-01-13,No,1,Yes
8376,Deepak Singh,Female,38,HR,Recruiter,M.Com,18,83619,Delhi,2016-04-08,No,2,No
8377,Sneha Verma,Male,36,Finance,Accountant,Graduate,15,91997,Noida,2021-12-29,No,5,No
8378,Nisha Sharma,Male,45,HR,Recruiter,MBA,15,76257,Noida,2024-10-16,No,3,No
8379,Pooja Yadav,Female,44,IT,Developer,M.Com,16,109758,Lucknow,2015-05-29,No,1,Yes
8380,Amit Joshi,Female,28,Operations,Operations Executive,B.Com,0,45207,Noida,2016-04-17,No,2,No
8381,Vikas Kumar,Female,38,Finance,Financial Analyst,B.Tech,12,87102,Lucknow,2024-06-11,No,3,No
8382,Vikas Gupta,Female,34,Sales,Sales Manager,Graduate,6,56432,Pune,2020-09-08,No,1,No
8383,Rohan Verma,Male,46,Finance,Accountant,MBA,19,100132,Pune,2018-12-24,Yes,4,No
8384,Sonia Yadav,Female,34,Operations,Supervisor,MBA,9,69470,Noida,2020-06-10,No,5,No
8385,Sneha Mehta,Male,43,Finance,Financial Analyst,B.Com,15,92694,Chennai,2019-09-07,Yes,3,No
8386,Nisha Mehta,Male,40,HR,HR Executive,Graduate,14,73495,Kolkata,2018-02-01,No,5,Yes
8387,Pooja Joshi,Female,43,Sales,Sales Manager,MBA,18,93758,Noida,2024-01-05,No,1,Yes
8388,Priya Gupta,Male,43,Marketing,Marketing Executive,B.Com,16,84877,Jaipur,2020-12-07,No,5,No
8389,Deepak Sharma,Female,29,Operations,Supervisor,B.Tech,0,43079,Kolkata,2015-09-06,No,5,No
8390,Neha Gupta,Female,39,HR,Recruiter,B.Tech,9,64983,Pune,2017-01-23,Yes,5,No
8391,Pooja Sharma,Female,30,Marketing,Marketing Executive,B.Com,1,47395,Chennai,2020-10-08,No,3,No
8392,Pooja Kumar,Female,25,HR,HR Executive,M.Com,1,39133,Mumbai,2021-09-19,No,1,No
8393,Deepak Roy,Male,41,Sales,Sales Executive,MBA,17,83025,Jaipur,2017-04-10,No,3,Yes
8394,Vikas Gupta,Female,37,HR,Recruiter,M.Com,17,85825,Lucknow,2021-01-04,No,2,No
8395,Nisha Yadav,Male,42,Sales,Sales Manager,B.Com,16,82263,Delhi,2019-04-05,No,1,Yes
8396,Vikas Mehta,Male,30,HR,Recruiter,B.Com,0,39140,Bengaluru,2024-04-15,No,5,No
8397,Pooja Joshi,Male,38,HR,HR Executive,Graduate,13,69397,Chennai,2022-06-04,No,1,Yes
8398,Anjali Roy,Female,30,Finance,Accountant,B.Tech,7,68288,Mumbai,2021-12-29,No,5,No
8399,Vikas Joshi,Male,41,Sales,Sales Manager,M.Com,20,99308,Chennai,2017-09-01,No,5,No
8400,Neha Mehta,Female,40,Sales,Sales Manager,MBA,11,75583,Jaipur,2018-07-03,No,3,No
8401,Sneha Joshi,Female,28,Sales,Sales Executive,Graduate,3,55905,Mumbai,2017-09-03,No,3,No
8402,Vikas Verma,Female,26,Operations,Operations Executive,B.Com,3,49300,Pune,2016-12-09,No,5,No
8403,Arjun Joshi,Male,36,IT,Analyst,Graduate,16,103004,Noida,2018-08-17,No,5,No
8404,Mohit Yadav,Female,34,Finance,Accountant,B.Com,7,68707,Lucknow,2020-06-30,Yes,4,No
8405,Neha Sharma,Female,31,Finance,Financial Analyst,MBA,8,73455,Jaipur,2021-08-24,Yes,1,No
8406,Pooja Sharma,Male,39,HR,Recruiter,B.Tech,15,75613,Delhi,2020-12-27,No,2,No
8407,Amit Patel,Female,30,Sales,Sales Manager,MBA,7,59086,Kolkata,2021-06-07,No,3,No
8408,Amit Singh,Male,39,HR,HR Executive,M.Com,10,64095,Delhi,2023-04-23,No,2,No
8409,Sneha Roy,Male,29,Finance,Financial Analyst,MBA,8,76296,Noida,2023-01-30,Yes,4,No
8410,Kiran Yadav,Male,45,HR,HR Executive,B.Com,18,89651,Kolkata,2024-05-19,No,2,No
8411,Priya Mehta,Female,34,Finance,Financial Analyst,B.Com,9,76455,Bengaluru,2020-01-19,No,3,No
8412,Nisha Gupta,Female,36,Finance,Accountant,B.Tech,14,91589,Pune,2017-06-08,No,4,No
8413,Sonia Mehta,Female,30,IT,QA Engineer,B.Com,5,77966,Ahmedabad,2020-05-19,No,4,No
8414,Rohan Gupta,Female,46,Finance,Accountant,MBA,19,98207,Pune,2016-10-18,No,3,No
8415,Deepak Mehta,Male,35,Operations,Supervisor,B.Com,15,76632,Kolkata,2022-04-08,No,3,Yes
8416,Mohit Yadav,Female,41,Finance,Financial Analyst,Graduate,16,99653,Bengaluru,2022-09-12,No,2,No
8417,Neha Gupta,Male,28,Marketing,SEO Specialist,Graduate,2,57595,Delhi,2022-10-30,No,4,No
8418,Vikas Patel,Male,41,HR,HR Executive,B.Tech,20,93751,Noida,2022-01-20,Yes,3,No
8419,Sneha Joshi,Female,44,Finance,Financial Analyst,MBA,19,105988,Noida,2022-01-29,No,5,No
8420,Nisha Roy,Male,34,Sales,Sales Manager,M.Com,12,70842,Jaipur,2022-01-31,Yes,5,No
8421,Sneha Mehta,Male,21,Sales,Sales Manager,M.Com,1,49779,Mumbai,2016-11-15,No,2,Yes
8422,Sneha Roy,Male,39,Operations,Supervisor,B.Tech,17,87925,Delhi,2016-07-31,No,3,No
8423,Deepak Gupta,Female,37,Operations,Operations Executive,B.Com,9,65957,Bengaluru,2021-02-11,No,5,Yes
8424,Anjali Joshi,Female,29,IT,Analyst,M.Com,3,76986,Noida,2020-04-16,No,2,Yes
8425,Mohit Joshi,Female,39,Finance,Financial Analyst,B.Tech,10,78878,Bengaluru,2020-02-10,Yes,1,Yes
8426,Kiran Mehta,Female,32,Sales,Sales Manager,MBA,2,52890,Pune,2017-04-09,No,1,Yes
8427,Neha Verma,Male,23,Marketing,Marketing Executive,MBA,2,53447,Bengaluru,2017-04-12,No,5,No
8428,Sneha Kumar,Male,39,Marketing,SEO Specialist,Graduate,15,83456,Bengaluru,2021-10-26,No,2,No
8429,Anjali Patel,Male,46,IT,Analyst,B.Com,18,109432,Kolkata,2022-07-28,Yes,1,Yes
8430,Rahul Mehta,Female,32,HR,HR Executive,B.Tech,3,45438,Delhi,2020-01-16,No,4,No
8431,Sneha Kumar,Female,49,Operations,Operations Executive,B.Tech,19,89385,Pune,2015-10-12,No,2,Yes
8432,Nisha Joshi,Female,25,HR,Recruiter,M.Com,1,38006,Lucknow,2020-11-08,No,4,No
8433,Amit Verma,Female,31,Marketing,SEO Specialist,B.Tech,10,76390,Bengaluru,2016-03-25,No,4,No
8434,Deepak Patel,Female,32,HR,Recruiter,B.Com,12,65337,Ahmedabad,2021-04-02,Yes,3,No
8435,Sneha Roy,Male,26,HR,Recruiter,MBA,5,47620,Chennai,2023-03-18,No,4,No
8436,Rohan Gupta,Male,40,Finance,Financial Analyst,MBA,17,96749,Delhi,2015-08-02,No,1,Yes
8437,Arjun Joshi,Male,24,Finance,Financial Analyst,B.Tech,3,58453,Ahmedabad,2022-11-07,No,2,Yes
8438,Kiran Kumar,Female,35,Operations,Operations Executive,B.Tech,7,61834,Delhi,2015-10-24,No,2,No
8439,Rahul Roy,Female,37,Sales,Sales Executive,MBA,12,77253,Noida,2023-05-17,Yes,5,No
8440,Nisha Verma,Male,29,IT,QA Engineer,M.Com,9,84272,Kolkata,2019-12-31,Yes,2,No
8441,Sneha Patel,Female,24,Sales,Sales Executive,Graduate,1,49694,Kolkata,2017-09-26,No,3,No
8442,Priya Yadav,Female,39,Finance,Financial Analyst,B.Com,14,85571,Noida,2018-05-28,No,1,No
8443,Vikas Mehta,Female,29,Sales,Sales Manager,Graduate,7,65642,Bengaluru,2022-02-03,No,4,No
8444,Sneha Singh,Female,27,Operations,Operations Executive,Graduate,4,54907,Pune,2020-08-22,No,1,Yes
8445,Kiran Mehta,Female,31,Marketing,SEO Specialist,B.Tech,8,69696,Ahmedabad,2017-03-07,No,4,Yes
8446,Sonia Sharma,Male,30,Finance,Accountant,Graduate,10,77709,Noida,2023-09-08,Yes,5,No
8447,Nisha Mehta,Female,32,Marketing,Marketing Executive,Graduate,3,55982,Kolkata,2021-01-26,No,1,Yes
8448,Nisha Roy,Female,23,IT,QA Engineer,B.Com,3,74671,Delhi,2015-06-14,No,5,Yes
8449,Anjali Kumar,Male,39,Marketing,Marketing Executive,Graduate,15,86013,Delhi,2022-02-24,No,4,No
8450,Vikas Sharma,Male,26,Marketing,Marketing Executive,MBA,6,64865,Mumbai,2022-01-17,Yes,2,Yes
8451,Kiran Roy,Male,38,Finance,Financial Analyst,Graduate,8,72525,Delhi,2022-06-19,No,1,Yes
8452,Kiran Gupta,Female,30,Sales,Sales Executive,MBA,0,41300,Noida,2016-11-23,No,5,No
8453,Nisha Patel,Male,40,IT,Analyst,MBA,17,103281,Mumbai,2017-03-06,No,5,No
8454,Sonia Kumar,Female,30,Finance,Financial Analyst,B.Com,8,74144,Noida,2020-06-03,Yes,1,No
8455,Vikas Roy,Male,35,Sales,Sales Executive,M.Com,8,63912,Jaipur,2024-09-06,Yes,5,No
8456,Deepak Patel,Male,36,IT,QA Engineer,B.Tech,16,109738,Delhi,2018-10-30,Yes,5,No
8457,Rahul Roy,Male,44,Marketing,SEO Specialist,M.Com,20,101159,Kolkata,2015-03-14,No,4,No
8458,Rohan Joshi,Female,43,Marketing,Marketing Executive,MBA,17,94353,Bengaluru,2016-05-08,No,4,No
8459,Nisha Roy,Female,34,Marketing,SEO Specialist,MBA,6,67312,Delhi,2022-03-24,Yes,4,No
8460,Deepak Roy,Female,33,Finance,Accountant,Graduate,5,69914,Kolkata,2023-10-01,No,2,Yes
8461,Pooja Kumar,Female,40,IT,Analyst,B.Tech,19,110750,Jaipur,2015-09-02,Yes,1,No
8462,Nisha Verma,Female,26,Operations,Supervisor,MBA,4,49690,Chennai,2018-05-19,No,2,Yes
8463,Deepak Joshi,Female,30,Operations,Supervisor,MBA,4,53736,Pune,2020-05-29,No,5,No
8464,Deepak Patel,Female,29,HR,Recruiter,M.Com,5,49008,Chennai,2021-12-17,No,3,No
8465,Sneha Yadav,Female,47,Sales,Sales Manager,B.Com,17,87600,Lucknow,2019-07-05,No,4,No
8466,Mohit Singh,Male,37,Operations,Supervisor,B.Tech,13,78689,Delhi,2020-09-06,No,2,No
8467,Arjun Kumar,Female,36,Operations,Supervisor,B.Tech,12,67966,Delhi,2018-12-23,No,2,Yes
8468,Anjali Kumar,Female,40,Marketing,Marketing Executive,B.Com,11,76069,Noida,2021-09-25,No,3,No
8469,Neha Yadav,Female,26,Finance,Financial Analyst,M.Com,1,59372,Kolkata,2019-04-23,No,1,Yes
8470,Neha Patel,Male,31,Operations,Operations Executive,MBA,2,50143,Bengaluru,2024-10-26,No,4,No
8471,Deepak Sharma,Male,43,Finance,Financial Analyst,B.Tech,18,101979,Noida,2022-10-02,No,1,Yes
8472,Sneha Verma,Male,36,Sales,Sales Manager,MBA,14,75411,Jaipur,2024-07-29,No,2,Yes
8473,Arjun Verma,Female,44,IT,Analyst,MBA,18,109067,Lucknow,2015-06-28,Yes,5,No
8474,Neha Singh,Male,37,Finance,Financial Analyst,Graduate,12,84611,Ahmedabad,2024-12-17,No,5,No
8475,Amit Yadav,Female,34,Marketing,SEO Specialist,B.Tech,4,54718,Mumbai,2017-09-11,No,1,No
8476,Arjun Kumar,Female,39,Sales,Sales Manager,B.Com,14,75338,Kolkata,2021-12-02,Yes,4,No
8477,Rahul Mehta,Female,26,Finance,Accountant,Graduate,3,59736,Lucknow,2018-12-19,No,2,No
8478,Amit Gupta,Male,38,Finance,Accountant,B.Tech,14,86123,Bengaluru,2018-05-10,No,5,No
8479,Amit Mehta,Male,35,Marketing,SEO Specialist,B.Tech,6,59070,Ahmedabad,2023-11-27,No,4,No
8480,Rahul Joshi,Female,43,Marketing,SEO Specialist,MBA,14,86060,Mumbai,2020-04-23,No,1,Yes
8481,Sonia Roy,Male,40,HR,HR Executive,Graduate,11,69399,Ahmedabad,2021-05-11,No,4,No
8482,Anjali Gupta,Female,42,IT,QA Engineer,B.Tech,19,114844,Chennai,2023-10-23,No,1,No
8483,Anjali Gupta,Male,30,Marketing,SEO Specialist,B.Com,0,43923,Mumbai,2021-08-17,No,5,No
8484,Vikas Gupta,Female,29,Finance,Accountant,B.Tech,1,58625,Pune,2015-11-07,No,3,No
8485,Arjun Singh,Male,36,Sales,Sales Manager,M.Com,8,64763,Noida,2024-05-27,No,4,No
8486,Priya Kumar,Male,27,Finance,Accountant,MBA,4,60913,Ahmedabad,2016-09-27,No,2,No
8487,Rohan Mehta,Female,38,IT,Developer,Graduate,11,93010,Lucknow,2018-07-04,No,2,Yes
8488,Mohit Gupta,Female,33,IT,Developer,B.Tech,4,73520,Lucknow,2020-06-24,No,1,No
8489,Kiran Mehta,Female,42,HR,Recruiter,M.Com,17,81829,Kolkata,2024-02-24,Yes,5,No
8490,Anjali Roy,Male,22,HR,HR Executive,Graduate,1,43063,Bengaluru,2017-12-31,No,4,No
8491,Rahul Singh,Female,45,IT,Developer,Graduate,16,102592,Noida,2018-07-29,Yes,1,No
8492,Anjali Kumar,Female,48,Finance,Financial Analyst,B.Tech,19,100253,Pune,2024-06-15,Yes,1,Yes
8493,Vikas Sharma,Female,36,IT,Developer,MBA,6,80427,Kolkata,2016-09-16,Yes,4,No
8494,Priya Mehta,Male,33,Marketing,SEO Specialist,M.Com,8,66025,Mumbai,2022-02-12,No,5,No
8495,Pooja Sharma,Female,45,Finance,Financial Analyst,MBA,18,95808,Pune,2023-09-24,No,4,No
8496,Mohit Verma,Female,34,Operations,Supervisor,B.Tech,6,53371,Lucknow,2015-09-02,No,4,No
8497,Nisha Kumar,Female,48,Marketing,Marketing Executive,B.Com,19,92379,Chennai,2022-03-22,No,2,No
8498,Amit Singh,Female,33,Finance,Accountant,MBA,10,79057,Lucknow,2021-04-17,No,5,No
8499,Sonia Singh,Female,49,Finance,Financial Analyst,M.Com,20,108620,Kolkata,2023-05-27,No,2,No
8500,Deepak Gupta,Male,46,Marketing,SEO Specialist,B.Tech,17,91967,Delhi,2018-01-15,No,2,No
8501,Mohit Joshi,Male,43,Marketing,SEO Specialist,B.Tech,20,97291,Bengaluru,2023-12-24,Yes,5,No
8502,Mohit Joshi,Female,35,Sales,Sales Executive,MBA,8,69268,Noida,2016-11-18,Yes,2,No
8503,Deepak Joshi,Male,42,HR,Recruiter,M.Com,17,86677,Kolkata,2021-10-01,No,5,No
8504,Nisha Verma,Female,37,Operations,Operations Executive,B.Com,12,67292,Delhi,2018-07-31,No,5,No
8505,Rohan Singh,Female,21,HR,HR Executive,M.Com,1,41401,Delhi,2015-04-14,No,5,No
8506,Pooja Joshi,Male,40,HR,Recruiter,B.Tech,19,83371,Ahmedabad,2020-01-02,No,2,Yes
8507,Anjali Yadav,Male,34,Sales,Sales Executive,B.Com,12,72904,Jaipur,2018-03-11,No,4,No
8508,Sneha Patel,Female,41,IT,Analyst,Graduate,20,118368,Jaipur,2023-01-22,Yes,4,No
8509,Pooja Mehta,Male,47,HR,Recruiter,B.Com,20,93195,Delhi,2016-04-06,Yes,1,Yes
8510,Priya Singh,Female,29,HR,Recruiter,B.Tech,2,46985,Delhi,2018-10-06,No,2,Yes
8511,Priya Kumar,Female,30,Operations,Operations Executive,Graduate,7,56290,Kolkata,2016-11-24,No,3,No
8512,Sonia Joshi,Male,24,Operations,Operations Executive,Graduate,2,50149,Noida,2017-09-14,No,3,No
8513,Deepak Verma,Male,32,HR,Recruiter,B.Tech,4,49407,Jaipur,2020-07-22,No,1,No
8514,Mohit Kumar,Male,42,Operations,Supervisor,B.Com,15,83906,Noida,2024-04-27,Yes,3,No
8515,Kiran Patel,Male,30,Sales,Sales Executive,B.Com,8,63889,Kolkata,2019-09-03,Yes,5,No
8516,Nisha Joshi,Male,29,Operations,Supervisor,M.Com,2,42059,Delhi,2019-03-13,No,1,Yes
8517,Neha Roy,Male,33,Finance,Accountant,B.Com,9,76171,Chennai,2020-09-07,No,3,No
8518,Amit Kumar,Male,34,HR,Recruiter,B.Tech,9,63496,Jaipur,2018-06-23,No,1,Yes
8519,Rahul Joshi,Female,32,Sales,Sales Executive,B.Tech,4,55613,Mumbai,2016-08-13,No,5,No
8520,Mohit Patel,Female,31,Operations,Operations Executive,MBA,1,48768,Chennai,2022-06-09,No,1,Yes
8521,Rahul Patel,Male,25,Marketing,SEO Specialist,Graduate,2,55838,Bengaluru,2020-07-17,No,5,Yes
8522,Sneha Joshi,Female,30,Finance,Accountant,Graduate,7,70503,Lucknow,2023-04-14,No,4,No
8523,Sneha Roy,Male,42,HR,HR Executive,B.Tech,13,77137,Chennai,2018-07-19,No,5,No
8524,Sonia Yadav,Male,40,IT,QA Engineer,M.Com,11,95758,Bengaluru,2023-07-11,No,4,No
8525,Deepak Roy,Male,39,Finance,Accountant,Graduate,19,99363,Bengaluru,2023-01-25,No,4,No
8526,Sneha Roy,Female,35,HR,Recruiter,Graduate,10,61079,Mumbai,2019-12-12,Yes,1,No
8527,Nisha Joshi,Male,41,IT,Developer,Graduate,11,95700,Chennai,2021-11-14,Yes,4,No
8528,Mohit Yadav,Female,29,Finance,Accountant,Graduate,7,71323,Ahmedabad,2017-02-10,Yes,4,No
8529,Mohit Sharma,Female,33,HR,HR Executive,MBA,3,45953,Mumbai,2019-05-26,No,1,No
8530,Rohan Joshi,Female,29,IT,Developer,M.Com,3,72510,Delhi,2020-12-27,No,5,No
8531,Amit Singh,Female,37,Sales,Sales Executive,B.Com,17,86024,Chennai,2018-04-06,Yes,1,Yes
8532,Sonia Verma,Male,43,Sales,Sales Manager,MBA,16,82750,Delhi,2022-01-18,No,3,No
8533,Sonia Patel,Male,22,IT,QA Engineer,M.Com,2,71055,Chennai,2020-12-27,No,1,No
8534,Vikas Verma,Male,23,Operations,Operations Executive,B.Tech,3,51780,Mumbai,2024-01-29,No,4,No
8535,Neha Gupta,Female,35,Sales,Sales Executive,B.Com,7,59839,Bengaluru,2017-02-06,Yes,2,Yes
8536,Amit Yadav,Female,23,HR,Recruiter,B.Tech,1,42607,Bengaluru,2023-02-05,No,1,No
8537,Anjali Patel,Female,27,Operations,Operations Executive,Graduate,6,53628,Chennai,2017-09-05,No,2,No
8538,Sonia Verma,Female,27,Sales,Sales Executive,Graduate,5,60822,Delhi,2015-06-01,No,3,No
8539,Mohit Kumar,Female,28,Finance,Financial Analyst,M.Com,5,63479,Pune,2018-01-08,No,3,Yes
8540,Anjali Patel,Female,38,Sales,Sales Executive,B.Tech,11,70789,Noida,2023-02-17,Yes,3,No
8541,Amit Yadav,Female,40,Marketing,Marketing Executive,B.Tech,19,97872,Chennai,2019-11-01,No,4,No
8542,Deepak Gupta,Male,41,IT,Developer,B.Com,14,97621,Jaipur,2017-12-19,No,3,No
8543,Amit Singh,Female,29,Finance,Financial Analyst,Graduate,1,59212,Bengaluru,2021-06-15,No,1,No
8544,Sneha Yadav,Female,41,Marketing,Marketing Executive,B.Com,13,83032,Chennai,2022-11-18,No,2,No
8545,Kiran Yadav,Male,25,Operations,Supervisor,B.Tech,2,46679,Lucknow,2022-12-26,No,5,No
8546,Pooja Gupta,Male,30,Operations,Supervisor,MBA,0,40412,Ahmedabad,2020-12-08,No,1,No
8547,Nisha Singh,Male,38,Marketing,SEO Specialist,MBA,15,87038,Mumbai,2021-04-04,No,4,No
8548,Nisha Gupta,Male,27,IT,Developer,B.Tech,3,69626,Delhi,2022-06-05,No,1,Yes
8549,Deepak Singh,Male,32,Sales,Sales Executive,B.Tech,8,64809,Chennai,2024-06-22,No,1,No
8550,Kiran Gupta,Male,39,Finance,Accountant,Graduate,12,89404,Noida,2021-11-05,Yes,3,No
8551,Anjali Mehta,Female,32,Marketing,SEO Specialist,M.Com,6,61551,Jaipur,2019-01-30,No,2,No
8552,Kiran Joshi,Female,32,HR,HR Executive,B.Tech,5,54369,Noida,2023-08-30,No,3,No
8553,Neha Mehta,Female,30,HR,HR Executive,MBA,1,44212,Jaipur,2024-04-22,No,5,Yes
8554,Deepak Kumar,Male,24,Finance,Accountant,Graduate,4,66711,Noida,2015-12-23,No,4,No
8555,Rohan Roy,Male,38,Operations,Supervisor,MBA,14,77997,Noida,2024-02-13,No,1,No
8556,Kiran Mehta,Male,24,HR,Recruiter,B.Com,3,43008,Ahmedabad,2017-08-04,No,4,Yes
8557,Neha Joshi,Female,35,IT,Analyst,Graduate,15,103872,Pune,2019-02-13,Yes,1,Yes
8558,Amit Joshi,Female,26,Operations,Operations Executive,Graduate,4,49182,Ahmedabad,2024-06-21,No,4,No
8559,Pooja Sharma,Female,31,Operations,Supervisor,B.Tech,1,45314,Ahmedabad,2023-05-25,No,4,No
8560,Amit Sharma,Male,41,Marketing,SEO Specialist,B.Tech,17,93559,Noida,2015-10-27,Yes,1,Yes
8561,Kiran Mehta,Female,38,Sales,Sales Manager,B.Com,16,88965,Ahmedabad,2019-11-13,Yes,3,No
8562,Anjali Patel,Male,32,Operations,Supervisor,M.Com,8,60744,Noida,2016-02-02,No,1,Yes
8563,Sonia Patel,Male,41,Operations,Supervisor,M.Com,16,78047,Jaipur,2018-01-03,Yes,2,Yes
8564,Neha Patel,Male,29,Marketing,SEO Specialist,Graduate,4,58014,Ahmedabad,2024-11-21,No,1,Yes
8565,Deepak Roy,Female,38,Finance,Financial Analyst,M.Com,17,101687,Jaipur,2017-07-15,No,3,No
8566,Arjun Gupta,Female,25,Sales,Sales Executive,Graduate,0,44876,Pune,2017-12-18,No,4,No
8567,Kiran Mehta,Female,40,Marketing,SEO Specialist,MBA,13,84025,Pune,2022-08-27,Yes,2,Yes
8568,Sneha Roy,Female,29,Finance,Accountant,MBA,9,77631,Mumbai,2023-10-28,No,1,Yes
8569,Rahul Mehta,Male,32,Marketing,SEO Specialist,MBA,6,59801,Bengaluru,2023-10-01,Yes,2,No
8570,Rahul Joshi,Female,23,Operations,Supervisor,MBA,0,43691,Mumbai,2018-10-05,No,2,Yes
8571,Sonia Kumar,Female,31,Operations,Operations Executive,B.Com,9,69288,Mumbai,2022-11-24,No,2,Yes
8572,Anjali Verma,Male,27,Finance,Accountant,Graduate,0,55701,Jaipur,2020-10-07,No,5,No
8573,Amit Mehta,Female,24,HR,HR Executive,M.Com,2,44717,Kolkata,2017-03-15,No,1,No
8574,Sonia Kumar,Female,38,HR,HR Executive,Graduate,11,68369,Chennai,2019-01-02,No,5,No
8575,Rahul Verma,Female,32,IT,Developer,MBA,3,77389,Pune,2019-01-28,No,2,No
8576,Arjun Sharma,Female,42,Sales,Sales Manager,B.Tech,16,82883,Kolkata,2017-08-16,Yes,4,No
8577,Amit Sharma,Male,40,Finance,Financial Analyst,MBA,20,101737,Noida,2016-08-28,No,1,Yes
8578,Anjali Verma,Male,48,Marketing,Marketing Executive,Graduate,18,96784,Mumbai,2022-10-17,No,5,No
8579,Rohan Sharma,Male,39,Sales,Sales Executive,B.Tech,13,73678,Chennai,2016-06-03,Yes,3,No
8580,Deepak Singh,Female,44,Marketing,Marketing Executive,B.Tech,16,92302,Mumbai,2016-03-09,No,2,No
8581,Arjun Kumar,Female,27,IT,Analyst,M.Com,6,78006,Jaipur,2016-01-05,No,5,No
8582,Sneha Patel,Male,40,Sales,Sales Manager,B.Tech,11,70471,Chennai,2017-12-26,Yes,3,No
8583,Arjun Singh,Female,41,Sales,Sales Manager,B.Tech,15,80336,Mumbai,2023-08-13,Yes,3,No
8584,Rohan Gupta,Male,47,Marketing,SEO Specialist,MBA,17,88447,Mumbai,2019-10-15,Yes,5,No
8585,Kiran Yadav,Female,28,Sales,Sales Executive,Graduate,7,64584,Kolkata,2023-02-08,No,4,No
8586,Amit Yadav,Female,27,Finance,Financial Analyst,B.Com,5,69162,Bengaluru,2021-09-21,No,3,No
8587,Sneha Joshi,Female,30,IT,Developer,MBA,10,91016,Kolkata,2020-01-11,Yes,3,No
8588,Kiran Singh,Female,32,Sales,Sales Manager,B.Tech,3,54633,Pune,2021-10-26,No,2,Yes
8589,Mohit Patel,Male,40,Marketing,SEO Specialist,MBA,16,90073,Jaipur,2022-06-22,Yes,5,No
8590,Neha Roy,Male,40,Sales,Sales Manager,Graduate,18,93091,Lucknow,2022-10-01,Yes,4,No
8591,Amit Mehta,Female,48,Operations,Supervisor,MBA,20,93842,Kolkata,2018-01-20,Yes,3,No
8592,Arjun Patel,Female,29,Operations,Operations Executive,B.Tech,9,61492,Jaipur,2018-01-25,No,1,No
8593,Kiran Yadav,Female,25,HR,Recruiter,B.Com,5,48534,Delhi,2016-09-18,No,5,No
8594,Amit Verma,Female,39,Operations,Operations Executive,B.Tech,19,90237,Delhi,2019-09-16,Yes,2,No
8595,Arjun Patel,Female,27,IT,QA Engineer,MBA,0,60167,Pune,2020-08-12,No,2,Yes
8596,Sonia Verma,Female,37,Operations,Supervisor,M.Com,9,69324,Delhi,2022-03-12,No,5,No
8597,Vikas Sharma,Female,46,Marketing,Marketing Executive,Graduate,19,93581,Delhi,2019-12-12,No,4,No
8598,Sneha Mehta,Male,31,Marketing,SEO Specialist,B.Tech,8,72550,Noida,2022-02-28,No,1,No
8599,Deepak Mehta,Female,32,Sales,Sales Manager,Graduate,12,70894,Pune,2021-12-20,Yes,2,Yes
8600,Amit Singh,Female,32,Operations,Supervisor,M.Com,8,66459,Bengaluru,2024-11-09,No,1,No
8601,Sneha Verma,Male,31,Marketing,Marketing Executive,B.Tech,11,73637,Kolkata,2022-10-06,No,3,No
8602,Sonia Patel,Female,25,Operations,Operations Executive,Graduate,2,47324,Kolkata,2017-01-06,No,3,No
8603,Nisha Mehta,Female,34,Marketing,Marketing Executive,M.Com,6,65303,Jaipur,2021-02-20,No,3,No
8604,Rahul Roy,Male,31,Finance,Financial Analyst,MBA,8,70493,Jaipur,2018-07-09,No,4,No
8605,Sneha Gupta,Female,31,IT,QA Engineer,B.Tech,3,72345,Kolkata,2020-02-20,No,5,Yes
8606,Kiran Roy,Female,39,Operations,Supervisor,MBA,18,83346,Mumbai,2022-04-15,No,4,No
8607,Amit Roy,Female,47,HR,HR Executive,Graduate,18,81151,Mumbai,2015-01-05,Yes,3,No
8608,Pooja Yadav,Male,23,Operations,Operations Executive,B.Com,1,43055,Pune,2019-01-31,No,3,No
8609,Rahul Mehta,Male,35,HR,Recruiter,Graduate,7,59288,Delhi,2021-04-18,No,2,No
8610,Sonia Patel,Male,38,Finance,Accountant,B.Com,16,96791,Noida,2017-06-06,Yes,5,No
8611,Deepak Patel,Male,40,HR,Recruiter,MBA,20,87904,Bengaluru,2017-07-08,Yes,2,No
8612,Neha Joshi,Male,41,IT,QA Engineer,MBA,20,110311,Noida,2021-09-25,No,3,No
8613,Mohit Patel,Male,27,HR,Recruiter,Graduate,7,58346,Bengaluru,2023-03-11,Yes,2,Yes
8614,Sneha Gupta,Male,36,IT,QA Engineer,B.Tech,16,108137,Kolkata,2023-04-17,Yes,3,No
8615,Rahul Verma,Female,33,Finance,Accountant,MBA,9,77683,Bengaluru,2015-04-10,Yes,2,Yes
8616,Deepak Roy,Female,40,HR,Recruiter,MBA,19,89629,Noida,2017-06-20,Yes,2,No
8617,Priya Verma,Male,37,Sales,Sales Executive,MBA,17,91108,Chennai,2019-07-02,Yes,1,Yes
8618,Pooja Sharma,Female,31,Finance,Financial Analyst,B.Tech,2,58989,Ahmedabad,2015-06-24,No,1,Yes
8619,Kiran Roy,Male,44,IT,Analyst,B.Tech,19,116165,Noida,2024-11-16,No,1,Yes
8620,Kiran Mehta,Male,29,Operations,Supervisor,M.Com,2,42681,Jaipur,2017-09-14,No,4,No
8621,Sneha Mehta,Male,34,Finance,Financial Analyst,MBA,5,70911,Bengaluru,2020-09-25,No,1,No
8622,Rahul Joshi,Male,29,Operations,Operations Executive,B.Com,2,49095,Pune,2019-10-28,No,3,Yes
8623,Nisha Joshi,Male,41,HR,Recruiter,B.Tech,11,64482,Jaipur,2015-11-15,No,2,Yes
8624,Priya Patel,Male,28,Sales,Sales Executive,Graduate,4,58657,Bengaluru,2018-12-22,No,5,No
8625,Pooja Singh,Female,35,HR,HR Executive,MBA,12,67086,Lucknow,2019-02-27,Yes,3,No
8626,Deepak Mehta,Female,39,IT,Developer,B.Com,9,84180,Lucknow,2023-01-04,No,3,No
8627,Neha Yadav,Male,21,Operations,Operations Executive,B.Tech,0,39680,Ahmedabad,2016-12-01,No,1,No
8628,Rahul Joshi,Female,29,HR,HR Executive,M.Com,3,48474,Pune,2017-09-03,No,3,No
8629,Neha Singh,Male,45,HR,HR Executive,B.Com,15,79163,Bengaluru,2022-03-10,Yes,1,No
8630,Mohit Yadav,Female,47,Operations,Supervisor,B.Com,19,93881,Delhi,2020-04-20,Yes,5,Yes
8631,Arjun Singh,Male,45,Finance,Accountant,M.Com,19,99438,Pune,2018-01-13,No,5,No
8632,Priya Joshi,Male,38,IT,Developer,MBA,8,80962,Ahmedabad,2024-12-08,Yes,1,Yes
8633,Sneha Mehta,Male,33,IT,Analyst,B.Tech,12,98115,Bengaluru,2020-12-22,Yes,5,No
8634,Pooja Singh,Female,33,Marketing,SEO Specialist,B.Tech,10,69978,Kolkata,2024-09-03,Yes,2,Yes
8635,Deepak Sharma,Male,46,Operations,Operations Executive,B.Tech,19,84893,Chennai,2023-03-05,No,3,No
8636,Vikas Kumar,Male,29,HR,HR Executive,M.Com,6,57992,Pune,2024-07-06,No,1,No
8637,Sneha Gupta,Male,37,HR,HR Executive,MBA,10,67566,Jaipur,2024-09-17,No,4,No
8638,Nisha Kumar,Female,42,Sales,Sales Manager,M.Com,19,87769,Mumbai,2018-03-02,No,1,No
8639,Anjali Joshi,Male,43,Sales,Sales Executive,Graduate,20,94745,Mumbai,2018-06-21,Yes,4,No
8640,Vikas Yadav,Male,41,Operations,Operations Executive,B.Tech,12,75181,Jaipur,2020-09-08,No,3,No
8641,Sonia Joshi,Female,46,IT,Analyst,B.Com,20,114650,Ahmedabad,2021-11-27,Yes,2,Yes
8642,Amit Singh,Male,41,Finance,Accountant,B.Com,20,105176,Delhi,2023-11-11,Yes,4,No
8643,Amit Joshi,Male,28,HR,HR Executive,B.Tech,4,48212,Pune,2015-12-09,No,1,No
8644,Anjali Sharma,Female,32,IT,Developer,B.Com,9,89053,Noida,2023-03-29,No,3,No
8645,Anjali Joshi,Female,35,Operations,Supervisor,Graduate,13,73334,Bengaluru,2018-09-28,No,4,No
8646,Rahul Mehta,Female,41,Operations,Operations Executive,B.Tech,13,75585,Delhi,2018-05-16,No,4,No
8647,Deepak Roy,Male,30,Marketing,Marketing Executive,B.Tech,7,67008,Lucknow,2016-09-26,No,4,No
8648,Rahul Gupta,Female,43,Marketing,SEO Specialist,B.Com,14,85712,Pune,2024-02-18,No,4,No
8649,Arjun Sharma,Female,39,Operations,Supervisor,B.Tech,15,81277,Pune,2024-07-09,Yes,5,No
8650,Nisha Verma,Male,33,Finance,Financial Analyst,Graduate,5,68600,Pune,2017-09-07,No,5,No
8651,Neha Verma,Female,32,Operations,Operations Executive,M.Com,12,74760,Bengaluru,2015-07-15,Yes,2,No
8652,Priya Verma,Female,21,Marketing,Marketing Executive,Graduate,1,48494,Bengaluru,2015-01-05,No,5,No
8653,Rahul Verma,Male,36,HR,Recruiter,B.Tech,9,67445,Mumbai,2019-09-25,Yes,3,No
8654,Nisha Patel,Female,42,Marketing,SEO Specialist,B.Tech,19,93681,Kolkata,2023-05-05,No,2,No
8655,Amit Patel,Male,41,IT,Developer,B.Com,11,94925,Pune,2020-01-24,No,3,No
8656,Mohit Roy,Female,33,Sales,Sales Executive,MBA,10,65261,Chennai,2019-05-19,No,2,No
8657,Vikas Gupta,Female,23,Sales,Sales Executive,B.Com,0,48552,Pune,2017-03-13,No,3,No
8658,Neha Yadav,Male,29,IT,Developer,B.Tech,0,66384,Jaipur,2022-04-05,No,4,No
8659,Amit Mehta,Female,37,Marketing,Marketing Executive,B.Com,10,76801,Jaipur,2018-09-08,Yes,5,No
8660,Deepak Kumar,Female,26,HR,Recruiter,M.Com,1,45146,Noida,2022-10-24,No,2,Yes
8661,Neha Sharma,Female,44,Sales,Sales Manager,B.Tech,18,90255,Jaipur,2015-03-27,Yes,3,No
8662,Rahul Yadav,Male,44,Operations,Supervisor,B.Tech,16,83205,Chennai,2023-09-15,No,4,No
8663,Nisha Gupta,Male,42,Marketing,Marketing Executive,MBA,19,93944,Delhi,2017-10-05,No,1,No
8664,Rahul Verma,Female,25,Operations,Supervisor,MBA,0,38374,Noida,2022-02-06,No,4,No
8665,Vikas Patel,Male,34,Marketing,SEO Specialist,M.Com,8,68564,Mumbai,2024-04-22,No,4,No
8666,Neha Patel,Male,28,Sales,Sales Manager,MBA,7,62318,Lucknow,2017-10-29,Yes,2,Yes
8667,Amit Gupta,Male,34,Marketing,SEO Specialist,MBA,10,69668,Bengaluru,2018-02-03,No,2,Yes
8668,Neha Singh,Female,40,HR,Recruiter,B.Tech,20,94718,Ahmedabad,2015-03-06,Yes,3,No
8669,Sonia Yadav,Female,29,Sales,Sales Executive,M.Com,6,64706,Ahmedabad,2020-02-07,Yes,3,No
8670,Priya Sharma,Female,28,Marketing,SEO Specialist,MBA,0,46125,Mumbai,2019-11-15,No,1,Yes
8671,Neha Patel,Male,43,Marketing,SEO Specialist,B.Tech,18,93498,Lucknow,2016-12-04,Yes,2,Yes
8672,Deepak Mehta,Male,44,Sales,Sales Manager,B.Tech,18,93294,Jaipur,2021-05-15,Yes,3,No
8673,Pooja Kumar,Female,48,Marketing,Marketing Executive,MBA,19,90741,Kolkata,2023-09-03,No,5,No
8674,Vikas Yadav,Female,31,Operations,Supervisor,MBA,6,54188,Noida,2020-05-23,No,5,No
8675,Pooja Yadav,Female,48,Sales,Sales Manager,Graduate,20,94402,Chennai,2023-12-12,No,1,Yes
8676,Deepak Verma,Male,39,Operations,Supervisor,Graduate,19,92132,Kolkata,2016-08-04,Yes,4,No
8677,Rohan Joshi,Female,40,IT,Analyst,B.Tech,12,96708,Noida,2020-11-29,No,1,Yes
8678,Amit Yadav,Male,32,HR,HR Executive,Graduate,7,61200,Chennai,2020-06-02,No,5,No
8679,Mohit Yadav,Female,39,IT,Analyst,B.Tech,19,109990,Chennai,2017-01-07,Yes,3,No
8680,Anjali Patel,Female,46,Operations,Operations Executive,B.Tech,18,83734,Delhi,2016-02-07,No,3,No
8681,Mohit Verma,Female,31,IT,Developer,MBA,2,73067,Bengaluru,2017-06-21,No,1,Yes
8682,Priya Mehta,Male,36,Marketing,SEO Specialist,M.Com,13,79842,Bengaluru,2016-10-28,No,1,Yes
8683,Sonia Roy,Male,47,HR,HR Executive,MBA,20,86866,Kolkata,2021-12-07,Yes,3,No
8684,Nisha Patel,Male,36,Sales,Sales Manager,MBA,10,73538,Kolkata,2019-10-28,Yes,3,No
8685,Deepak Mehta,Male,42,Marketing,SEO Specialist,B.Com,19,94301,Noida,2021-05-02,Yes,1,No
8686,Amit Sharma,Female,36,IT,QA Engineer,M.Com,6,83366,Delhi,2020-03-07,No,4,No
8687,Rahul Yadav,Male,43,Operations,Operations Executive,Graduate,15,75041,Mumbai,2017-06-14,No,3,No
8688,Deepak Roy,Female,40,Operations,Operations Executive,MBA,10,63691,Chennai,2017-04-29,No,4,No
8689,Sonia Mehta,Male,45,HR,HR Executive,M.Com,17,83404,Pune,2016-05-06,Yes,1,No
8690,Sneha Roy,Female,35,HR,HR Executive,MBA,11,64944,Bengaluru,2015-07-29,No,1,No
8691,Rohan Mehta,Female,33,Sales,Sales Executive,B.Tech,11,68421,Delhi,2016-04-24,Yes,5,No
8692,Sneha Patel,Male,47,HR,HR Executive,Graduate,19,88009,Ahmedabad,2016-07-21,Yes,1,No
8693,Rohan Yadav,Female,36,IT,Analyst,B.Tech,14,95872,Bengaluru,2018-12-28,Yes,5,No
8694,Mohit Sharma,Female,27,Marketing,Marketing Executive,MBA,1,48746,Bengaluru,2023-05-01,No,3,No
8695,Sonia Yadav,Male,35,HR,HR Executive,Graduate,15,75457,Kolkata,2019-11-30,No,4,No
8696,Deepak Joshi,Male,23,Marketing,SEO Specialist,Graduate,0,51579,Ahmedabad,2021-12-12,No,1,Yes
8697,Neha Singh,Female,38,Operations,Operations Executive,M.Com,16,81785,Bengaluru,2018-04-14,Yes,5,No
8698,Arjun Sharma,Female,37,Marketing,SEO Specialist,B.Tech,13,85200,Chennai,2024-08-03,No,3,No
8699,Anjali Verma,Male,34,Finance,Financial Analyst,Graduate,10,81117,Noida,2022-04-19,No,5,Yes
8700,Rohan Mehta,Male,43,Sales,Sales Manager,B.Com,20,94535,Pune,2022-08-26,No,5,No
8701,Amit Kumar,Female,29,Marketing,Marketing Executive,MBA,0,43049,Kolkata,2016-04-12,No,5,Yes
8702,Neha Joshi,Male,26,HR,HR Executive,B.Tech,3,46485,Kolkata,2015-03-03,No,2,Yes
8703,Neha Joshi,Female,33,Marketing,SEO Specialist,B.Com,6,66000,Lucknow,2022-11-01,No,2,No
8704,Nisha Sharma,Female,41,Sales,Sales Executive,B.Com,13,75499,Ahmedabad,2021-01-03,No,1,Yes
8705,Rohan Yadav,Female,36,Sales,Sales Manager,B.Com,6,60945,Lucknow,2022-08-13,Yes,5,No
8706,Rohan Sharma,Female,40,IT,Analyst,M.Com,17,109724,Chennai,2018-09-25,No,4,No
8707,Amit Kumar,Male,40,IT,Analyst,M.Com,14,95084,Noida,2021-08-10,No,2,No
8708,Deepak Mehta,Female,24,Sales,Sales Manager,B.Com,2,47094,Lucknow,2015-02-01,No,3,No
8709,Kiran Kumar,Female,24,Operations,Supervisor,B.Com,3,44548,Bengaluru,2019-06-04,No,3,No
8710,Kiran Verma,Female,41,HR,HR Executive,Graduate,16,81370,Jaipur,2020-10-07,No,4,No
8711,Sonia Patel,Male,35,IT,Analyst,B.Tech,6,77232,Pune,2023-09-24,No,4,No
8712,Pooja Gupta,Female,28,Marketing,Marketing Executive,B.Tech,1,52792,Ahmedabad,2015-12-09,No,3,No
8713,Kiran Roy,Male,35,Marketing,SEO Specialist,B.Com,8,69701,Lucknow,2024-04-16,Yes,3,No
8714,Kiran Singh,Female,30,IT,Analyst,B.Com,4,76328,Bengaluru,2016-12-08,No,2,Yes
8715,Sneha Roy,Male,30,Sales,Sales Manager,M.Com,8,64220,Noida,2019-09-03,No,5,No
8716,Nisha Kumar,Male,34,HR,HR Executive,MBA,6,54259,Delhi,2017-02-13,No,3,No
8717,Deepak Gupta,Male,37,IT,Analyst,B.Tech,15,97929,Mumbai,2018-11-24,No,5,No
8718,Vikas Yadav,Male,37,HR,Recruiter,M.Com,8,62846,Ahmedabad,2015-09-15,No,3,No
8719,Kiran Joshi,Female,34,Finance,Financial Analyst,MBA,7,73983,Delhi,2015-03-09,No,1,No
8720,Rahul Verma,Female,26,Operations,Supervisor,Graduate,4,50006,Jaipur,2020-11-23,No,3,No
8721,Amit Singh,Female,38,Operations,Operations Executive,M.Com,9,66847,Jaipur,2022-02-11,Yes,5,No
8722,Sneha Yadav,Male,26,Marketing,Marketing Executive,B.Tech,3,50819,Chennai,2015-01-18,No,1,No
8723,Nisha Yadav,Male,50,Operations,Supervisor,M.Com,20,91149,Bengaluru,2016-04-26,No,5,No
8724,Sonia Sharma,Female,37,Finance,Accountant,M.Com,14,86153,Mumbai,2016-02-28,No,2,No
8725,Mohit Roy,Female,32,Marketing,Marketing Executive,M.Com,7,66238,Ahmedabad,2022-09-16,Yes,5,No
8726,Rahul Sharma,Male,23,Sales,Sales Manager,Graduate,1,46890,Lucknow,2021-08-09,No,5,No
8727,Deepak Gupta,Female,47,Sales,Sales Executive,MBA,19,97068,Pune,2023-11-09,No,2,No
8728,Arjun Gupta,Female,37,Sales,Sales Manager,Graduate,12,75687,Delhi,2016-08-04,Yes,1,No
8729,Rohan Yadav,Male,40,Finance,Accountant,B.Tech,15,95922,Kolkata,2023-07-21,No,3,No
8730,Rahul Mehta,Male,30,HR,HR Executive,MBA,9,67061,Lucknow,2020-08-27,No,1,Yes
8731,Rahul Yadav,Female,35,Marketing,Marketing Executive,Graduate,11,73295,Bengaluru,2018-05-15,No,3,Yes
8732,Rohan Joshi,Male,26,Finance,Financial Analyst,M.Com,2,63814,Chennai,2020-09-11,No,5,No
8733,Rohan Gupta,Male,30,Sales,Sales Executive,MBA,6,58838,Jaipur,2019-07-16,Yes,2,Yes
8734,Amit Kumar,Female,40,Operations,Supervisor,B.Com,18,85578,Delhi,2024-08-19,Yes,5,No
8735,Sonia Gupta,Male,46,IT,Developer,M.Com,17,106795,Kolkata,2017-03-08,No,4,No
8736,Pooja Mehta,Male,29,Marketing,SEO Specialist,B.Tech,9,75140,Kolkata,2020-08-29,Yes,5,No
8737,Nisha Verma,Male,38,Finance,Financial Analyst,M.Com,8,77077,Noida,2019-01-30,No,4,No
8738,Pooja Kumar,Male,33,IT,QA Engineer,MBA,3,70047,Lucknow,2016-04-26,No,2,No
8739,Neha Joshi,Male,34,Finance,Accountant,MBA,7,70952,Ahmedabad,2023-07-24,Yes,5,No
8740,Priya Singh,Male,32,Operations,Operations Executive,B.Tech,3,51526,Pune,2022-04-01,No,4,No
8741,Arjun Verma,Male,36,Operations,Supervisor,M.Com,15,83169,Lucknow,2018-07-10,Yes,1,No
8742,Priya Verma,Female,24,IT,Developer,B.Tech,2,73652,Mumbai,2023-04-02,No,3,No
8743,Arjun Roy,Male,38,HR,Recruiter,MBA,12,69215,Noida,2023-04-06,No,3,No
8744,Rahul Gupta,Female,43,Finance,Financial Analyst,B.Tech,16,98499,Kolkata,2020-04-15,Yes,2,Yes
8745,Amit Yadav,Male,36,IT,QA Engineer,MBA,12,99917,Delhi,2019-07-08,Yes,2,No
8746,Kiran Gupta,Male,45,HR,HR Executive,B.Com,15,75190,Mumbai,2018-11-10,Yes,1,No
8747,Rahul Joshi,Female,37,HR,Recruiter,MBA,16,75462,Mumbai,2023-07-07,No,5,No
8748,Neha Sharma,Female,35,HR,Recruiter,B.Tech,8,59781,Kolkata,2017-11-07,No,5,No
8749,Mohit Roy,Male,45,Finance,Accountant,B.Com,15,94624,Chennai,2019-06-10,No,5,No
8750,Neha Roy,Male,31,Marketing,SEO Specialist,Graduate,6,62397,Ahmedabad,2016-06-03,Yes,2,Yes
8751,Vikas Joshi,Female,27,Finance,Financial Analyst,Graduate,4,60570,Jaipur,2023-12-25,No,5,No
8752,Deepak Roy,Female,24,IT,Developer,Graduate,1,64339,Bengaluru,2016-05-22,No,3,No
8753,Amit Gupta,Female,25,IT,QA Engineer,Graduate,0,69939,Pune,2015-03-19,No,4,No
8754,Arjun Sharma,Female,30,Sales,Sales Executive,B.Com,2,48328,Noida,2015-06-20,No,5,No
8755,Amit Yadav,Male,39,Marketing,SEO Specialist,B.Tech,17,88192,Jaipur,2021-03-23,No,2,No
8756,Deepak Verma,Male,29,Sales,Sales Manager,Graduate,5,57718,Mumbai,2020-01-30,No,5,Yes
8757,Priya Verma,Female,35,Sales,Sales Manager,M.Com,5,54611,Delhi,2019-06-26,No,2,Yes
8758,Arjun Gupta,Male,34,Sales,Sales Manager,Graduate,6,64584,Pune,2018-04-21,Yes,3,No
8759,Priya Joshi,Female,33,IT,QA Engineer,B.Tech,6,76497,Lucknow,2020-03-15,No,3,No
8760,Sonia Gupta,Male,40,Operations,Supervisor,M.Com,11,66569,Pune,2022-10-21,No,5,No
8761,Arjun Sharma,Male,34,Finance,Accountant,B.Tech,11,78947,Bengaluru,2018-10-22,Yes,5,No
8762,Pooja Singh,Male,24,Finance,Accountant,MBA,2,63434,Mumbai,2018-06-05,No,1,Yes
8763,Rohan Roy,Female,45,Sales,Sales Executive,M.Com,20,96940,Bengaluru,2022-08-27,Yes,1,No
8764,Nisha Singh,Female,38,IT,QA Engineer,B.Com,14,103331,Chennai,2023-12-14,Yes,2,No
8765,Sonia Patel,Male,42,HR,Recruiter,Graduate,16,78234,Bengaluru,2015-10-28,No,3,No
8766,Rohan Sharma,Male,27,Operations,Operations Executive,B.Tech,6,54381,Chennai,2022-02-25,Yes,3,No
8767,Pooja Singh,Male,25,Operations,Supervisor,B.Tech,4,51326,Delhi,2022-12-12,No,1,No
8768,Rohan Mehta,Male,28,IT,QA Engineer,M.Com,4,78913,Pune,2016-12-12,No,1,Yes
8769,Deepak Sharma,Female,25,IT,Developer,M.Com,5,73518,Pune,2017-06-11,No,2,Yes
8770,Neha Singh,Female,43,Sales,Sales Manager,Graduate,18,88142,Jaipur,2017-09-24,Yes,5,No
8771,Neha Sharma,Male,39,Sales,Sales Manager,M.Com,14,81229,Bengaluru,2019-09-02,No,4,No
8772,Amit Yadav,Female,31,Finance,Accountant,B.Tech,7,68027,Kolkata,2022-08-03,No,2,Yes
8773,Vikas Gupta,Female,34,Operations,Operations Executive,MBA,10,69121,Mumbai,2015-10-08,No,1,No
8774,Pooja Verma,Female,41,HR,HR Executive,Graduate,14,72937,Bengaluru,2019-11-03,Yes,4,No
8775,Rohan Mehta,Male,40,Finance,Financial Analyst,MBA,12,84589,Delhi,2021-02-03,No,4,No
8776,Kiran Kumar,Male,44,HR,Recruiter,MBA,16,79853,Kolkata,2022-08-20,No,3,No
8777,Priya Gupta,Male,28,Sales,Sales Executive,B.Com,7,59989,Bengaluru,2017-07-18,Yes,5,No
8778,Anjali Kumar,Female,35,Finance,Accountant,B.Tech,5,65757,Mumbai,2023-06-14,No,5,Yes
8779,Anjali Roy,Male,30,Sales,Sales Executive,B.Tech,8,63379,Mumbai,2017-04-30,No,2,No
8780,Sneha Kumar,Female,40,HR,HR Executive,Graduate,14,79473,Lucknow,2015-07-29,No,4,No
8781,Sneha Patel,Female,44,Marketing,Marketing Executive,M.Com,15,89146,Pune,2024-06-14,No,5,No
8782,Mohit Singh,Male,39,HR,HR Executive,MBA,11,64306,Kolkata,2024-04-26,No,4,No
8783,Sonia Joshi,Female,40,HR,Recruiter,M.Com,11,67830,Delhi,2019-10-23,Yes,4,No
8784,Rohan Yadav,Male,40,Sales,Sales Executive,B.Tech,19,89715,Kolkata,2016-07-18,No,4,No
8785,Vikas Gupta,Female,40,Operations,Supervisor,M.Com,11,68080,Kolkata,2018-09-18,No,2,Yes
8786,Mohit Mehta,Female,30,HR,Recruiter,Graduate,3,51227,Lucknow,2016-12-03,No,2,No
8787,Vikas Joshi,Male,41,Sales,Sales Executive,M.Com,20,99624,Mumbai,2023-07-06,Yes,4,No
8788,Rohan Mehta,Female,27,IT,Developer,MBA,3,67918,Ahmedabad,2017-10-06,No,3,No
8789,Deepak Sharma,Male,31,HR,Recruiter,B.Com,5,55922,Mumbai,2017-01-02,No,5,No
8790,Rohan Yadav,Male,42,HR,Recruiter,Graduate,19,88149,Ahmedabad,2015-09-25,No,4,No
8791,Vikas Gupta,Female,26,Operations,Supervisor,MBA,2,43155,Noida,2015-08-12,No,3,No
8792,Pooja Roy,Female,44,HR,HR Executive,MBA,17,79929,Lucknow,2017-04-18,No,5,No
8793,Anjali Roy,Male,32,Finance,Financial Analyst,Graduate,11,78647,Pune,2019-09-26,No,4,No
8794,Nisha Gupta,Male,25,HR,HR Executive,B.Com,0,44900,Lucknow,2017-09-24,No,3,No
8795,Pooja Yadav,Female,24,Marketing,SEO Specialist,B.Com,0,45294,Mumbai,2016-07-31,No,4,No
8796,Vikas Joshi,Female,38,Operations,Operations Executive,B.Tech,9,64013,Jaipur,2018-08-30,No,4,No
8797,Neha Kumar,Male,38,Operations,Operations Executive,B.Tech,10,66494,Delhi,2019-08-02,Yes,1,Yes
8798,Neha Gupta,Male,41,Finance,Accountant,B.Com,17,96869,Noida,2024-06-23,Yes,2,Yes
8799,Vikas Verma,Female,25,IT,Developer,B.Tech,1,63049,Kolkata,2017-03-29,No,5,Yes
8800,Nisha Singh,Male,39,Finance,Accountant,M.Com,19,102511,Noida,2017-05-17,Yes,3,No
8801,Anjali Sharma,Male,31,Marketing,Marketing Executive,MBA,7,69540,Jaipur,2023-04-30,No,2,Yes
8802,Nisha Mehta,Male,47,Finance,Accountant,B.Tech,20,100301,Kolkata,2023-08-31,Yes,4,No
8803,Rohan Sharma,Male,28,Marketing,Marketing Executive,B.Com,7,65553,Delhi,2022-09-14,No,3,No
8804,Sneha Joshi,Female,44,Operations,Supervisor,MBA,15,79087,Bengaluru,2015-02-28,No,5,No
8805,Amit Singh,Female,43,Finance,Accountant,Graduate,18,102916,Pune,2017-05-30,Yes,4,No
8806,Anjali Kumar,Female,22,IT,Analyst,Graduate,2,72964,Mumbai,2016-11-29,No,1,No
8807,Neha Mehta,Female,28,Operations,Supervisor,B.Com,4,53591,Kolkata,2018-06-24,No,2,No
8808,Amit Singh,Female,42,Finance,Financial Analyst,M.Com,19,102654,Kolkata,2022-08-06,No,1,Yes
8809,Arjun Yadav,Female,41,Marketing,SEO Specialist,B.Com,14,81554,Jaipur,2023-06-21,Yes,3,No
8810,Kiran Joshi,Female,44,HR,HR Executive,Graduate,14,70650,Delhi,2024-12-21,No,2,No
8811,Anjali Sharma,Female,29,Finance,Accountant,Graduate,5,71113,Pune,2023-06-03,No,2,Yes
8812,Pooja Patel,Female,42,Operations,Supervisor,M.Com,15,79945,Pune,2022-06-28,No,4,No
8813,Sonia Gupta,Female,50,Marketing,Marketing Executive,M.Com,20,98586,Noida,2019-06-29,No,2,No
8814,Nisha Kumar,Male,27,Marketing,SEO Specialist,M.Com,1,50091,Mumbai,2015-08-09,No,3,No
8815,Deepak Joshi,Male,41,Marketing,SEO Specialist,M.Com,11,76754,Mumbai,2015-10-24,Yes,4,No
8816,Vikas Mehta,Male,42,Sales,Sales Manager,MBA,18,93440,Noida,2016-05-02,No,4,No
8817,Anjali Verma,Female,21,Sales,Sales Manager,Graduate,0,40519,Lucknow,2020-04-17,No,2,Yes
8818,Priya Yadav,Male,35,HR,Recruiter,B.Com,14,73836,Chennai,2023-05-16,Yes,4,No
8819,Kiran Gupta,Male,46,Finance,Financial Analyst,B.Com,18,100901,Lucknow,2022-12-31,Yes,1,Yes
8820,Nisha Patel,Male,42,Operations,Operations Executive,B.Tech,13,72543,Jaipur,2024-05-04,No,2,Yes
8821,Pooja Singh,Male,31,HR,Recruiter,B.Com,6,51591,Jaipur,2017-04-14,No,5,No
8822,Rohan Verma,Female,34,HR,HR Executive,Graduate,13,72880,Mumbai,2020-10-02,Yes,1,Yes
8823,Rohan Yadav,Female,29,Operations,Supervisor,B.Tech,1,49406,Mumbai,2023-03-25,No,1,Yes
8824,Kiran Verma,Female,42,Sales,Sales Executive,M.Com,18,86168,Noida,2018-08-16,No,5,No
8825,Rohan Joshi,Female,41,Sales,Sales Manager,B.Tech,20,97334,Ahmedabad,2019-02-06,Yes,3,No
8826,Nisha Kumar,Male,32,IT,Analyst,B.Com,6,81421,Bengaluru,2020-07-15,Yes,1,No
8827,Neha Singh,Male,25,Operations,Supervisor,MBA,1,49142,Bengaluru,2019-05-09,No,5,No
8828,Nisha Yadav,Female,46,Finance,Accountant,B.Com,17,94485,Mumbai,2023-04-08,Yes,3,No
8829,Sneha Patel,Female,21,Sales,Sales Executive,M.Com,1,43996,Mumbai,2021-06-27,No,2,Yes
8830,Neha Singh,Male,38,Finance,Financial Analyst,B.Tech,15,88656,Lucknow,2020-02-08,Yes,2,No
8831,Vikas Kumar,Male,46,Operations,Operations Executive,B.Com,20,87985,Jaipur,2018-06-25,No,2,No
8832,Neha Patel,Female,27,Operations,Operations Executive,B.Com,6,59238,Jaipur,2024-09-05,No,5,No
8833,Arjun Sharma,Male,50,Finance,Accountant,Graduate,20,100637,Pune,2021-01-07,Yes,1,No
8834,Sneha Singh,Female,24,IT,Developer,B.Com,1,67252,Noida,2019-01-04,No,5,Yes
8835,Sonia Yadav,Female,43,Marketing,Marketing Executive,M.Com,20,102960,Chennai,2015-04-05,Yes,1,No
8836,Rohan Roy,Female,39,Operations,Supervisor,B.Com,10,68122,Delhi,2021-01-26,No,1,No
8837,Deepak Joshi,Female,29,Marketing,Marketing Executive,MBA,8,68521,Lucknow,2021-06-22,Yes,5,No
8838,Pooja Patel,Male,38,Finance,Accountant,B.Com,18,101663,Ahmedabad,2017-09-02,No,2,No
8839,Deepak Sharma,Male,41,IT,Developer,M.Com,15,102767,Pune,2015-05-23,No,1,No
8840,Vikas Verma,Female,40,HR,HR Executive,M.Com,20,91271,Noida,2019-07-14,No,3,No
8841,Rahul Mehta,Female,39,HR,Recruiter,B.Tech,9,61539,Ahmedabad,2022-12-14,Yes,3,No
8842,Neha Singh,Female,41,Operations,Supervisor,M.Com,19,87784,Kolkata,2022-12-28,No,1,Yes
8843,Rohan Kumar,Female,28,Marketing,SEO Specialist,B.Tech,4,57215,Pune,2018-08-31,No,5,No
8844,Vikas Singh,Male,42,Marketing,Marketing Executive,Graduate,13,79945,Bengaluru,2022-07-02,Yes,3,No
8845,Vikas Kumar,Female,45,Operations,Operations Executive,Graduate,16,84206,Noida,2016-04-02,Yes,1,No
8846,Rahul Roy,Male,43,Operations,Supervisor,M.Com,20,95077,Lucknow,2024-01-01,No,1,No
8847,Amit Singh,Female,41,IT,QA Engineer,B.Tech,13,98388,Pune,2018-04-25,No,2,Yes
8848,Rohan Yadav,Male,43,Finance,Financial Analyst,M.Com,13,86658,Bengaluru,2015-02-19,Yes,3,No
8849,Priya Singh,Male,31,Operations,Supervisor,M.Com,11,66563,Mumbai,2020-09-04,Yes,5,No
8850,Pooja Yadav,Male,32,IT,Developer,Graduate,10,89208,Bengaluru,2022-03-21,Yes,5,No
8851,Nisha Kumar,Male,39,IT,Analyst,MBA,18,113683,Chennai,2016-09-26,No,3,Yes
8852,Rohan Mehta,Male,48,HR,HR Executive,Graduate,20,86899,Chennai,2017-02-07,No,3,No
8853,Rahul Joshi,Female,39,HR,Recruiter,MBA,10,64241,Jaipur,2019-01-03,No,2,No
8854,Deepak Gupta,Female,36,HR,HR Executive,B.Com,15,80984,Lucknow,2021-09-07,Yes,4,No
8855,Neha Verma,Female,28,HR,Recruiter,MBA,6,50286,Kolkata,2024-06-02,No,5,No
8856,Priya Gupta,Female,37,Marketing,SEO Specialist,B.Com,8,68216,Ahmedabad,2024-01-03,No,5,No
8857,Deepak Sharma,Female,32,Operations,Supervisor,B.Com,5,57131,Pune,2018-07-03,No,5,No
8858,Sonia Joshi,Female,33,IT,Analyst,M.Com,12,96466,Kolkata,2020-12-30,Yes,4,No
8859,Amit Gupta,Female,40,Sales,Sales Executive,B.Com,14,82616,Delhi,2017-10-01,No,5,No
8860,Rahul Roy,Male,47,Marketing,Marketing Executive,B.Tech,20,93800,Chennai,2017-05-03,No,3,No
8861,Arjun Sharma,Female,36,Sales,Sales Executive,Graduate,15,82530,Chennai,2022-02-19,No,3,No
8862,Pooja Joshi,Female,47,Marketing,Marketing Executive,M.Com,17,91957,Pune,2017-11-27,No,4,No
8863,Arjun Sharma,Female,27,Finance,Accountant,MBA,0,54451,Chennai,2019-12-20,No,2,Yes
8864,Rohan Kumar,Male,30,Marketing,Marketing Executive,M.Com,1,52245,Kolkata,2021-05-17,No,3,No
8865,Mohit Joshi,Male,28,Sales,Sales Manager,B.Com,2,48228,Noida,2016-09-28,No,3,No
8866,Pooja Verma,Female,44,Operations,Operations Executive,Graduate,16,80977,Jaipur,2022-07-10,Yes,4,Yes
8867,Rohan Kumar,Male,32,HR,Recruiter,B.Com,3,51954,Noida,2020-10-20,No,3,No
8868,Deepak Gupta,Female,29,Operations,Operations Executive,M.Com,1,43535,Noida,2015-05-03,No,1,Yes
8869,Vikas Kumar,Male,27,Sales,Sales Manager,B.Tech,5,60235,Bengaluru,2015-07-08,No,4,No
8870,Rohan Joshi,Female,29,IT,Developer,M.Com,7,84966,Mumbai,2019-01-02,No,5,No
8871,Vikas Gupta,Male,41,Finance,Accountant,B.Com,14,88376,Ahmedabad,2017-09-10,Yes,1,No
8872,Deepak Singh,Female,32,Sales,Sales Manager,M.Com,11,75643,Noida,2015-05-28,Yes,2,No
8873,Priya Singh,Male,45,Marketing,Marketing Executive,Graduate,17,92981,Bengaluru,2023-01-11,Yes,3,No
8874,Sneha Yadav,Female,50,HR,HR Executive,MBA,20,92934,Jaipur,2022-11-21,No,2,Yes
8875,Deepak Yadav,Female,24,Finance,Accountant,B.Tech,0,55646,Kolkata,2021-04-14,No,4,No
8876,Sonia Mehta,Male,34,Finance,Financial Analyst,B.Com,10,82583,Pune,2017-02-26,No,2,Yes
8877,Rahul Sharma,Male,44,Marketing,Marketing Executive,B.Tech,17,86096,Ahmedabad,2020-10-07,No,3,No
8878,Mohit Singh,Male,28,Operations,Operations Executive,B.Com,5,53500,Kolkata,2019-12-02,No,1,Yes
8879,Nisha Roy,Female,34,Marketing,Marketing Executive,B.Com,14,81275,Pune,2015-06-11,No,3,No
8880,Kiran Yadav,Female,34,Sales,Sales Executive,B.Com,11,73917,Chennai,2019-07-17,Yes,3,No
8881,Vikas Gupta,Female,31,HR,Recruiter,B.Tech,11,67734,Delhi,2023-11-15,Yes,2,No
8882,Nisha Sharma,Female,21,Finance,Accountant,M.Com,0,59288,Pune,2020-03-31,No,2,Yes
8883,Amit Verma,Female,28,Marketing,Marketing Executive,MBA,4,62825,Pune,2021-03-04,No,3,No
8884,Sonia Mehta,Male,33,Marketing,SEO Specialist,Graduate,6,65660,Ahmedabad,2018-01-01,No,3,No
8885,Vikas Joshi,Female,40,Operations,Operations Executive,B.Com,15,81520,Noida,2020-10-19,Yes,3,No
8886,Rohan Gupta,Male,34,Finance,Financial Analyst,B.Com,10,82111,Lucknow,2019-01-01,No,2,Yes
8887,Vikas Singh,Female,34,HR,Recruiter,B.Tech,14,76155,Lucknow,2022-04-19,Yes,3,No
8888,Neha Joshi,Female,26,IT,QA Engineer,M.Com,4,76619,Jaipur,2019-10-10,No,4,No
8889,Sneha Roy,Male,25,IT,Developer,B.Tech,3,73945,Chennai,2018-07-08,No,4,No
8890,Priya Kumar,Male,43,HR,HR Executive,B.Com,15,80492,Pune,2017-01-10,Yes,4,No
8891,Deepak Sharma,Male,35,Sales,Sales Manager,Graduate,13,80476,Bengaluru,2015-12-05,Yes,2,Yes
8892,Arjun Sharma,Male,29,Sales,Sales Executive,Graduate,9,72394,Pune,2016-12-21,No,4,No
8893,Mohit Verma,Female,39,Sales,Sales Manager,B.Com,17,89406,Noida,2021-01-04,Yes,3,No
8894,Amit Joshi,Female,43,Operations,Operations Executive,MBA,18,89817,Lucknow,2017-08-17,No,1,Yes
8895,Neha Roy,Male,33,Operations,Supervisor,MBA,11,73816,Ahmedabad,2018-09-15,No,4,No
8896,Neha Verma,Male,34,IT,Developer,B.Com,6,78349,Kolkata,2021-12-22,Yes,2,No
8897,Deepak Roy,Male,33,IT,QA Engineer,MBA,7,83252,Kolkata,2023-08-27,Yes,5,No
8898,Mohit Sharma,Male,37,HR,HR Executive,MBA,13,73329,Ahmedabad,2017-11-14,Yes,2,Yes
8899,Neha Patel,Female,30,Sales,Sales Executive,MBA,5,61271,Ahmedabad,2019-08-17,No,4,Yes
8900,Mohit Gupta,Female,30,Sales,Sales Manager,MBA,9,63319,Delhi,2018-07-07,No,5,No
8901,Mohit Gupta,Female,39,Finance,Financial Analyst,MBA,12,81775,Delhi,2017-08-17,Yes,2,Yes
8902,Mohit Joshi,Male,46,Operations,Operations Executive,B.Com,18,88974,Mumbai,2022-08-08,Yes,1,No
8903,Rahul Joshi,Female,31,Operations,Operations Executive,B.Com,9,67943,Mumbai,2022-01-14,No,1,Yes
8904,Neha Verma,Male,43,Marketing,SEO Specialist,Graduate,16,90323,Pune,2020-07-25,No,4,No
8905,Deepak Joshi,Male,39,Sales,Sales Manager,B.Com,15,81556,Kolkata,2015-04-20,No,2,No
8906,Vikas Verma,Female,27,Finance,Accountant,B.Com,7,71789,Pune,2020-08-24,Yes,1,Yes
8907,Rohan Joshi,Male,39,Finance,Financial Analyst,M.Com,15,94220,Ahmedabad,2015-08-01,No,2,Yes
8908,Anjali Sharma,Female,34,HR,Recruiter,B.Com,4,53000,Delhi,2022-03-03,No,4,No
8909,Sneha Gupta,Male,40,IT,Analyst,B.Tech,17,107276,Noida,2015-05-05,No,2,Yes
8910,Neha Mehta,Male,36,Finance,Accountant,MBA,14,85840,Mumbai,2016-08-28,No,5,Yes
8911,Mohit Yadav,Male,27,Finance,Accountant,B.Com,6,65238,Jaipur,2020-09-16,No,1,No
8912,Rahul Yadav,Male,35,Operations,Supervisor,M.Com,13,79436,Lucknow,2022-03-02,No,2,Yes
8913,Pooja Joshi,Female,34,Sales,Sales Manager,MBA,11,76368,Bengaluru,2018-08-09,Yes,2,Yes
8914,Neha Patel,Male,46,Finance,Financial Analyst,B.Com,17,96414,Lucknow,2018-10-31,No,5,No
8915,Sonia Verma,Male,41,Marketing,SEO Specialist,B.Tech,18,96963,Ahmedabad,2024-06-02,No,4,No
8916,Neha Singh,Male,32,Operations,Supervisor,B.Tech,4,56413,Kolkata,2017-10-28,No,3,No
8917,Nisha Mehta,Female,33,Sales,Sales Executive,B.Com,12,79238,Chennai,2024-03-08,No,4,No
8918,Mohit Singh,Male,22,Operations,Supervisor,Graduate,0,46666,Ahmedabad,2023-06-09,No,1,Yes
8919,Neha Mehta,Male,33,Operations,Operations Executive,Graduate,4,51399,Delhi,2024-12-01,No,5,No
8920,Pooja Mehta,Male,25,Finance,Financial Analyst,Graduate,0,58017,Bengaluru,2017-10-18,No,2,Yes
8921,Rahul Sharma,Male,48,HR,HR Executive,MBA,18,86465,Lucknow,2023-10-03,No,1,No
8922,Kiran Roy,Female,29,Sales,Sales Manager,MBA,9,71389,Noida,2022-12-15,No,1,Yes
8923,Amit Yadav,Male,31,HR,Recruiter,B.Com,10,64074,Noida,2023-10-11,Yes,4,No
8924,Anjali Yadav,Female,35,IT,Developer,MBA,7,81711,Bengaluru,2015-10-18,Yes,2,No
8925,Arjun Patel,Female,42,HR,HR Executive,B.Tech,12,67404,Ahmedabad,2021-07-30,Yes,5,No
8926,Mohit Patel,Male,42,Operations,Operations Executive,B.Com,15,84108,Kolkata,2020-08-30,No,2,No
8927,Priya Yadav,Male,34,Marketing,SEO Specialist,B.Tech,8,72491,Pune,2020-07-13,No,3,No
8928,Nisha Sharma,Male,38,Finance,Financial Analyst,MBA,17,94912,Noida,2017-06-08,Yes,5,Yes
8929,Sonia Patel,Male,35,Sales,Sales Executive,B.Com,13,80662,Chennai,2016-05-29,Yes,5,No
8930,Priya Sharma,Male,36,IT,Developer,B.Com,12,97844,Lucknow,2024-03-08,Yes,4,No
8931,Anjali Singh,Female,44,HR,Recruiter,MBA,14,77958,Jaipur,2022-06-28,Yes,2,Yes
8932,Amit Patel,Male,30,Marketing,SEO Specialist,B.Tech,3,51598,Bengaluru,2015-12-17,No,3,No
8933,Nisha Patel,Female,34,Sales,Sales Manager,M.Com,12,77697,Chennai,2021-10-19,No,3,Yes
8934,Sneha Kumar,Female,31,Marketing,Marketing Executive,M.Com,7,67602,Mumbai,2022-09-17,No,3,No
8935,Priya Verma,Female,47,Sales,Sales Executive,MBA,17,89307,Mumbai,2017-09-04,No,2,Yes
8936,Vikas Patel,Male,41,HR,HR Executive,MBA,20,92049,Jaipur,2018-10-22,Yes,1,Yes
8937,Rahul Verma,Female,29,Marketing,Marketing Executive,MBA,9,72131,Noida,2022-08-11,Yes,5,No
8938,Neha Yadav,Female,36,HR,HR Executive,B.Com,14,76192,Jaipur,2017-02-02,No,3,No
8939,Sonia Patel,Male,41,Sales,Sales Manager,B.Com,14,76379,Chennai,2018-02-08,Yes,4,No
8940,Nisha Mehta,Male,37,Operations,Supervisor,B.Com,9,59753,Noida,2020-10-08,Yes,3,No
8941,Priya Roy,Male,34,Finance,Accountant,MBA,14,94905,Pune,2023-02-07,Yes,4,No
8942,Rohan Verma,Female,27,Sales,Sales Executive,B.Tech,3,50052,Delhi,2023-11-11,No,2,No
8943,Arjun Yadav,Male,35,Marketing,Marketing Executive,M.Com,12,75246,Delhi,2023-06-04,Yes,5,No
8944,Mohit Sharma,Male,43,Marketing,SEO Specialist,Graduate,13,81490,Kolkata,2019-09-25,No,1,Yes
8945,Rohan Mehta,Female,41,IT,QA Engineer,B.Com,20,117788,Kolkata,2020-06-08,Yes,3,No
8946,Rahul Yadav,Female,29,Marketing,Marketing Executive,B.Tech,3,59662,Delhi,2018-06-03,No,5,No
8947,Vikas Gupta,Female,23,Sales,Sales Manager,M.Com,2,54181,Noida,2024-09-01,No,3,No
8948,Vikas Joshi,Male,39,HR,Recruiter,B.Tech,17,86029,Bengaluru,2015-07-25,Yes,5,No
8949,Sneha Joshi,Male,35,Sales,Sales Executive,M.Com,12,73178,Kolkata,2019-09-20,No,3,No
8950,Mohit Sharma,Female,26,HR,HR Executive,M.Com,1,44481,Delhi,2019-10-21,No,2,Yes
8951,Arjun Kumar,Male,38,IT,Developer,B.Tech,13,94539,Mumbai,2020-05-16,No,4,No
8952,Pooja Patel,Female,21,Marketing,SEO Specialist,B.Com,1,45541,Mumbai,2023-06-04,No,3,No
8953,Pooja Gupta,Male,36,Finance,Accountant,MBA,16,98902,Pune,2015-06-18,No,4,No
8954,Rahul Kumar,Female,27,Finance,Financial Analyst,B.Tech,6,69175,Lucknow,2015-12-16,Yes,3,No
8955,Rohan Mehta,Female,48,HR,HR Executive,B.Tech,18,86420,Mumbai,2015-11-30,No,4,No
8956,Priya Gupta,Male,23,Operations,Supervisor,MBA,3,44804,Jaipur,2016-05-21,No,1,No
8957,Rohan Patel,Male,44,IT,QA Engineer,B.Tech,17,111552,Mumbai,2022-11-28,No,5,No
8958,Nisha Yadav,Male,38,Finance,Accountant,B.Tech,12,84530,Kolkata,2024-07-12,No,3,No
8959,Priya Verma,Female,24,Operations,Supervisor,B.Tech,0,37714,Delhi,2016-09-14,No,3,No
8960,Deepak Roy,Female,37,Operations,Supervisor,MBA,11,67585,Pune,2020-12-11,No,3,No
8961,Arjun Sharma,Female,26,Finance,Financial Analyst,Graduate,4,68536,Pune,2022-09-06,No,5,No
8962,Sneha Yadav,Male,44,Sales,Sales Manager,Graduate,15,83767,Pune,2018-04-30,No,4,No
8963,Anjali Mehta,Female,36,Marketing,SEO Specialist,MBA,9,70764,Ahmedabad,2019-05-03,Yes,5,No
8964,Sonia Yadav,Male,33,HR,HR Executive,M.Com,11,70688,Ahmedabad,2023-04-23,Yes,2,Yes
8965,Deepak Roy,Female,47,IT,QA Engineer,Graduate,20,111439,Mumbai,2023-11-22,Yes,1,No
8966,Neha Patel,Male,38,Finance,Accountant,M.Com,15,94403,Bengaluru,2024-11-19,No,3,Yes
8967,Rahul Sharma,Female,21,Marketing,Marketing Executive,Graduate,0,49982,Mumbai,2016-10-27,No,5,No
8968,Mohit Mehta,Male,29,IT,Analyst,B.Com,0,60203,Pune,2016-10-10,No,5,No
8969,Mohit Gupta,Female,37,HR,HR Executive,Graduate,12,71452,Mumbai,2017-04-03,No,2,Yes
8970,Rohan Sharma,Female,29,Operations,Operations Executive,Graduate,8,65826,Jaipur,2017-06-15,No,4,No
8971,Sneha Patel,Female,30,Finance,Accountant,B.Tech,10,84814,Ahmedabad,2018-09-21,No,1,No
8972,Rahul Joshi,Female,46,Finance,Financial Analyst,MBA,20,103585,Jaipur,2019-11-17,Yes,5,Yes
8973,Sneha Roy,Female,40,IT,Analyst,M.Com,11,88345,Jaipur,2015-04-29,Yes,3,No
8974,Anjali Roy,Female,27,HR,HR Executive,Graduate,7,56188,Kolkata,2018-07-27,Yes,1,No
8975,Pooja Kumar,Female,30,Marketing,Marketing Executive,B.Tech,8,65343,Lucknow,2015-09-12,No,3,No
8976,Priya Mehta,Female,34,Sales,Sales Executive,Graduate,6,56159,Mumbai,2021-08-24,No,2,No
8977,Sneha Mehta,Male,25,Sales,Sales Manager,B.Com,3,54131,Lucknow,2018-06-16,No,1,Yes
8978,Priya Joshi,Female,22,Marketing,SEO Specialist,M.Com,1,48590,Delhi,2018-05-07,No,2,Yes
8979,Priya Singh,Female,45,Marketing,Marketing Executive,B.Com,15,85175,Lucknow,2022-01-23,No,5,No
8980,Rahul Gupta,Female,32,Sales,Sales Manager,B.Com,5,62327,Delhi,2019-04-15,No,5,No
8981,Amit Patel,Female,40,HR,HR Executive,B.Com,20,88726,Ahmedabad,2020-08-21,No,1,No
8982,Sneha Joshi,Female,42,Operations,Supervisor,MBA,14,78245,Pune,2015-04-21,Yes,2,No
8983,Priya Verma,Female,37,Operations,Supervisor,Graduate,16,81935,Noida,2023-02-21,No,2,Yes
8984,Arjun Gupta,Male,33,Sales,Sales Manager,MBA,11,71660,Delhi,2021-09-11,No,1,Yes
8985,Kiran Verma,Male,26,Marketing,Marketing Executive,B.Tech,4,60144,Bengaluru,2022-03-10,No,4,No
8986,Mohit Sharma,Male,28,Marketing,SEO Specialist,MBA,6,67058,Pune,2021-10-03,Yes,5,No
8987,Sonia Gupta,Male,42,Finance,Financial Analyst,B.Tech,17,94380,Jaipur,2019-02-05,No,2,Yes
8988,Sonia Patel,Male,25,HR,Recruiter,B.Com,0,42094,Chennai,2024-11-23,No,1,No
8989,Rahul Mehta,Female,37,Finance,Financial Analyst,MBA,10,76051,Delhi,2023-01-24,No,3,No
8990,Arjun Joshi,Male,25,Marketing,SEO Specialist,Graduate,3,51840,Mumbai,2022-02-07,No,5,No
8991,Rohan Sharma,Male,35,Operations,Supervisor,Graduate,12,74869,Ahmedabad,2024-02-09,Yes,4,No
8992,Arjun Yadav,Male,41,HR,HR Executive,Graduate,16,76355,Mumbai,2022-11-05,Yes,4,No
8993,Arjun Joshi,Male,47,Finance,Financial Analyst,Graduate,20,109485,Chennai,2017-09-17,No,5,No
8994,Vikas Roy,Male,37,IT,QA Engineer,M.Com,16,100713,Noida,2020-09-29,Yes,4,No
8995,Pooja Verma,Male,30,IT,Developer,Graduate,0,68051,Bengaluru,2020-07-05,No,5,No
8996,Neha Roy,Male,38,HR,Recruiter,Graduate,17,86375,Pune,2020-04-10,No,3,No
8997,Rohan Verma,Female,36,Marketing,Marketing Executive,Graduate,14,81047,Ahmedabad,2016-01-10,No,2,Yes
8998,Rohan Yadav,Male,40,IT,QA Engineer,B.Tech,18,108432,Jaipur,2023-09-03,No,4,No
8999,Anjali Kumar,Male,37,Operations,Supervisor,B.Tech,8,60029,Delhi,2016-12-14,Yes,2,Yes
9000,Sneha Verma,Male,36,HR,Recruiter,MBA,8,62097,Jaipur,2023-04-06,No,1,No
9001,Pooja Yadav,Male,41,HR,Recruiter,B.Com,14,71349,Bengaluru,2021-07-13,No,2,No
9002,Nisha Roy,Male,41,Operations,Operations Executive,M.Com,12,73387,Lucknow,2021-04-07,Yes,2,No
9003,Kiran Roy,Male,23,Finance,Financial Analyst,B.Com,2,63418,Chennai,2017-11-24,No,4,No
9004,Sneha Joshi,Male,23,Operations,Supervisor,MBA,2,47923,Jaipur,2015-04-28,No,3,No
9005,Sonia Joshi,Male,32,Sales,Sales Manager,Graduate,7,57957,Lucknow,2024-01-25,Yes,4,Yes
9006,Sneha Sharma,Female,42,HR,Recruiter,B.Com,16,81390,Pune,2023-03-22,No,1,Yes
9007,Neha Kumar,Female,36,Marketing,Marketing Executive,MBA,16,88691,Jaipur,2015-12-24,Yes,1,Yes
9008,Pooja Patel,Female,38,IT,QA Engineer,MBA,13,96098,Delhi,2017-09-22,Yes,2,Yes
9009,Kiran Kumar,Male,35,Finance,Financial Analyst,Graduate,11,79867,Lucknow,2023-02-26,Yes,3,No
9010,Vikas Sharma,Female,40,Operations,Operations Executive,M.Com,12,76036,Pune,2021-03-11,No,1,No
9011,Neha Sharma,Female,46,Marketing,SEO Specialist,Graduate,17,90800,Noida,2015-01-25,No,1,No
9012,Mohit Kumar,Female,27,Marketing,Marketing Executive,B.Com,6,62658,Mumbai,2022-01-21,Yes,3,Yes
9013,Anjali Singh,Male,41,Sales,Sales Manager,M.Com,16,87638,Delhi,2021-03-31,Yes,4,No
9014,Kiran Verma,Male,32,Sales,Sales Manager,M.Com,4,55912,Jaipur,2018-08-27,No,4,No
9015,Deepak Joshi,Female,45,HR,Recruiter,B.Tech,17,78043,Mumbai,2018-01-31,No,1,No
9016,Neha Patel,Male,26,HR,Recruiter,Graduate,4,46712,Bengaluru,2022-08-25,No,3,No
9017,Rahul Yadav,Female,41,Sales,Sales Executive,B.Tech,13,76799,Mumbai,2024-05-01,No,4,No
9018,Sonia Joshi,Female,35,Operations,Supervisor,M.Com,5,59032,Ahmedabad,2015-01-18,No,2,Yes
9019,Priya Patel,Male,40,Sales,Sales Executive,MBA,10,73491,Pune,2016-03-05,No,2,Yes
9020,Anjali Yadav,Male,39,Finance,Accountant,B.Com,9,77978,Delhi,2018-08-26,No,1,No
9021,Priya Sharma,Male,43,Finance,Accountant,B.Tech,19,104116,Jaipur,2017-07-13,No,4,No
9022,Arjun Sharma,Male,42,IT,QA Engineer,B.Com,20,111406,Lucknow,2020-04-11,Yes,2,Yes
9023,Priya Verma,Male,41,Marketing,Marketing Executive,B.Tech,15,80697,Ahmedabad,2023-04-18,No,1,No
9024,Priya Roy,Male,27,Operations,Operations Executive,B.Tech,2,43745,Noida,2021-11-04,No,5,No
9025,Kiran Verma,Male,35,IT,QA Engineer,B.Tech,7,84602,Ahmedabad,2021-02-16,Yes,2,No
9026,Amit Gupta,Female,25,IT,Developer,MBA,3,73544,Chennai,2024-10-24,No,4,No
9027,Amit Joshi,Female,40,Marketing,Marketing Executive,M.Com,20,95799,Pune,2019-07-04,Yes,4,No
9028,Rahul Kumar,Female,22,HR,HR Executive,Graduate,1,44262,Delhi,2020-04-26,No,2,No
9029,Pooja Roy,Male,28,Operations,Supervisor,M.Com,6,60446,Mumbai,2015-01-23,Yes,2,Yes
9030,Anjali Singh,Female,44,Operations,Operations Executive,Graduate,19,91631,Ahmedabad,2022-02-16,No,3,No
9031,Rohan Joshi,Male,26,IT,Analyst,Graduate,0,61740,Jaipur,2023-11-29,No,1,Yes
9032,Amit Yadav,Male,29,Operations,Operations Executive,MBA,3,49032,Lucknow,2017-02-01,No,5,No
9033,Sneha Kumar,Male,43,Operations,Supervisor,Graduate,16,85639,Jaipur,2023-12-08,No,1,No
9034,Kiran Singh,Female,25,Operations,Supervisor,MBA,3,46803,Bengaluru,2022-08-13,No,4,No
9035,Priya Singh,Male,43,Sales,Sales Executive,B.Com,17,86962,Bengaluru,2020-09-25,No,1,Yes
9036,Deepak Gupta,Female,44,IT,Developer,B.Tech,17,105754,Ahmedabad,2017-04-12,Yes,2,Yes
9037,Deepak Gupta,Female,38,Sales,Sales Manager,Graduate,14,81215,Mumbai,2015-03-03,Yes,3,Yes
9038,Vikas Singh,Female,29,HR,HR Executive,M.Com,5,49880,Delhi,2018-09-26,No,5,No
9039,Pooja Singh,Female,27,Operations,Operations Executive,MBA,3,45311,Lucknow,2020-07-23,No,2,Yes
9040,Nisha Roy,Female,43,Operations,Supervisor,B.Com,14,73724,Delhi,2016-02-03,Yes,1,Yes
9041,Anjali Joshi,Female,25,Finance,Financial Analyst,Graduate,5,70547,Bengaluru,2020-11-19,No,1,No
9042,Deepak Roy,Female,28,IT,Analyst,B.Tech,2,71118,Bengaluru,2023-04-05,No,5,No
9043,Kiran Singh,Male,33,Marketing,SEO Specialist,M.Com,3,56673,Jaipur,2020-07-04,No,1,No
9044,Amit Patel,Male,44,IT,Developer,M.Com,18,107935,Bengaluru,2022-05-10,Yes,4,No
9045,Arjun Joshi,Male,35,Marketing,SEO Specialist,B.Tech,14,78181,Noida,2021-11-14,Yes,2,Yes
9046,Vikas Singh,Male,42,HR,Recruiter,Graduate,15,76730,Ahmedabad,2024-02-26,Yes,3,No
9047,Neha Kumar,Male,47,Sales,Sales Executive,M.Com,18,86916,Delhi,2022-11-25,Yes,1,Yes
9048,Sonia Gupta,Male,37,IT,Analyst,MBA,11,90367,Delhi,2024-02-17,No,1,Yes
9049,Neha Yadav,Male,35,Sales,Sales Manager,B.Com,7,67034,Ahmedabad,2015-10-08,Yes,3,Yes
9050,Nisha Kumar,Male,24,HR,Recruiter,Graduate,4,50796,Pune,2016-08-24,No,1,Yes
9051,Rahul Joshi,Male,29,IT,Analyst,MBA,0,61001,Noida,2019-04-27,No,3,No
9052,Vikas Kumar,Male,37,HR,Recruiter,M.Com,11,71927,Kolkata,2020-04-13,No,4,No
9053,Deepak Gupta,Female,26,IT,Developer,MBA,2,70808,Jaipur,2018-02-26,No,4,No
9054,Nisha Roy,Female,39,HR,HR Executive,M.Com,11,69334,Jaipur,2017-09-03,No,1,No
9055,Deepak Roy,Female,32,Operations,Supervisor,B.Tech,2,45192,Chennai,2021-02-20,No,4,No
9056,Kiran Joshi,Female,46,Sales,Sales Executive,Graduate,19,91065,Ahmedabad,2019-07-19,No,4,No
9057,Kiran Mehta,Male,45,Marketing,Marketing Executive,B.Tech,19,93695,Delhi,2016-12-07,No,5,No
9058,Mohit Sharma,Male,35,Operations,Supervisor,B.Com,5,55597,Mumbai,2019-08-02,No,5,No
9059,Rahul Patel,Female,29,Finance,Financial Analyst,MBA,7,69367,Lucknow,2020-01-21,Yes,1,No
9060,Anjali Joshi,Male,37,Finance,Accountant,Graduate,9,72536,Lucknow,2019-06-02,Yes,4,No
9061,Rahul Kumar,Female,45,Finance,Financial Analyst,M.Com,19,102568,Bengaluru,2018-03-12,Yes,2,No
9062,Nisha Verma,Male,32,Sales,Sales Executive,B.Tech,4,57453,Delhi,2017-06-28,No,2,Yes
9063,Sneha Sharma,Male,45,HR,Recruiter,B.Com,20,86062,Lucknow,2021-11-25,No,2,No
9064,Priya Kumar,Male,43,IT,Developer,MBA,13,97180,Jaipur,2019-12-04,Yes,1,Yes
9065,Sonia Mehta,Male,25,Operations,Supervisor,MBA,2,48243,Bengaluru,2021-06-14,No,2,Yes
9066,Sneha Kumar,Male,24,Marketing,SEO Specialist,MBA,2,48985,Mumbai,2015-12-27,No,1,No
9067,Kiran Joshi,Male,46,Marketing,SEO Specialist,M.Com,18,89512,Lucknow,2015-05-11,No,1,Yes
9068,Sonia Singh,Male,43,Finance,Accountant,M.Com,19,99424,Delhi,2020-07-14,Yes,1,Yes
9069,Vikas Mehta,Female,43,Marketing,SEO Specialist,M.Com,15,82816,Jaipur,2024-05-16,Yes,2,No
9070,Rohan Patel,Female,30,Finance,Accountant,M.Com,10,81360,Bengaluru,2021-07-20,No,2,Yes
9071,Pooja Kumar,Male,41,HR,HR Executive,B.Com,15,79408,Bengaluru,2019-03-26,Yes,3,No
9072,Arjun Yadav,Female,26,HR,Recruiter,MBA,4,47423,Kolkata,2021-01-23,No,1,No
9073,Priya Joshi,Male,31,Operations,Operations Executive,B.Com,9,69076,Mumbai,2016-08-06,No,1,No
9074,Priya Patel,Female,41,Sales,Sales Executive,MBA,11,69085,Chennai,2019-08-12,No,3,No
9075,Amit Patel,Female,38,IT,Developer,M.Com,12,98129,Bengaluru,2024-03-09,No,2,Yes
9076,Nisha Kumar,Female,28,Sales,Sales Executive,Graduate,7,67299,Kolkata,2017-07-07,Yes,4,No
9077,Neha Gupta,Male,25,Finance,Financial Analyst,Graduate,0,52818,Ahmedabad,2017-08-16,No,5,No
9078,Pooja Mehta,Male,32,Marketing,Marketing Executive,B.Com,2,52298,Kolkata,2022-10-14,No,5,No
9079,Nisha Joshi,Female,40,HR,HR Executive,B.Com,20,93434,Lucknow,2016-02-12,Yes,4,Yes
9080,Rohan Gupta,Female,46,HR,HR Executive,MBA,18,81158,Ahmedabad,2022-10-20,No,5,Yes
9081,Priya Patel,Female,39,HR,HR Executive,Graduate,10,67696,Kolkata,2017-02-18,Yes,3,No
9082,Amit Kumar,Female,45,IT,Developer,B.Com,20,111680,Bengaluru,2022-09-24,Yes,3,No
9083,Rahul Mehta,Female,39,Operations,Supervisor,B.Tech,16,77969,Pune,2020-10-24,No,2,No
9084,Priya Singh,Male,43,Operations,Supervisor,Graduate,19,87611,Kolkata,2016-07-06,Yes,3,No
9085,Pooja Mehta,Female,36,HR,Recruiter,B.Tech,15,79792,Noida,2019-05-29,No,5,Yes
9086,Neha Roy,Female,28,Finance,Financial Analyst,B.Tech,6,68175,Jaipur,2017-03-20,Yes,3,No
9087,Rahul Sharma,Female,29,Sales,Sales Manager,Graduate,2,48345,Chennai,2016-11-22,No,5,No
9088,Anjali Sharma,Female,31,Sales,Sales Manager,B.Tech,7,65994,Noida,2020-11-15,No,3,No
9089,Amit Sharma,Male,28,Operations,Supervisor,Graduate,4,51465,Ahmedabad,2018-03-29,No,4,No
9090,Pooja Gupta,Male,31,Operations,Supervisor,B.Com,6,55147,Ahmedabad,2017-10-28,Yes,3,No
9091,Kiran Kumar,Male,42,Marketing,Marketing Executive,B.Tech,12,74863,Jaipur,2017-11-09,Yes,2,No
9092,Priya Sharma,Female,34,IT,Developer,Graduate,8,88110,Ahmedabad,2023-01-18,Yes,4,No
9093,Rahul Singh,Female,25,Operations,Supervisor,B.Com,4,48650,Jaipur,2018-05-27,No,4,No
9094,Sonia Joshi,Male,40,HR,HR Executive,M.Com,14,70658,Jaipur,2022-11-10,Yes,1,Yes
9095,Kiran Gupta,Female,39,Operations,Operations Executive,M.Com,13,75986,Noida,2021-11-20,Yes,2,Yes
9096,Arjun Joshi,Female,31,HR,Recruiter,MBA,6,55383,Bengaluru,2020-08-08,Yes,5,No
9097,Pooja Singh,Male,38,HR,HR Executive,Graduate,14,70163,Pune,2021-09-02,No,3,No
9098,Rahul Sharma,Male,39,Operations,Operations Executive,B.Tech,11,73264,Jaipur,2017-11-02,Yes,4,No
9099,Sneha Yadav,Female,47,Marketing,SEO Specialist,MBA,18,89019,Pune,2020-12-26,No,1,No
9100,Neha Roy,Female,38,Operations,Supervisor,MBA,8,63077,Bengaluru,2023-05-11,Yes,5,No
9101,Deepak Gupta,Male,42,Finance,Accountant,B.Com,13,86322,Lucknow,2015-01-30,Yes,5,No
9102,Neha Verma,Female,30,Finance,Financial Analyst,M.Com,8,76414,Jaipur,2021-02-15,No,2,Yes
9103,Neha Patel,Male,34,HR,HR Executive,B.Tech,10,60110,Noida,2023-09-27,Yes,1,Yes
9104,Deepak Roy,Female,29,Marketing,Marketing Executive,MBA,5,61366,Bengaluru,2019-07-12,No,2,No
9105,Rahul Verma,Male,36,IT,Developer,Graduate,7,77700,Noida,2018-06-02,No,4,No
9106,Pooja Sharma,Female,31,IT,Developer,MBA,10,87054,Delhi,2015-03-13,No,5,No
9107,Vikas Yadav,Male,29,IT,Developer,MBA,5,75213,Bengaluru,2017-05-23,No,4,No
9108,Nisha Singh,Female,36,HR,Recruiter,MBA,16,83422,Pune,2023-09-16,No,1,No
9109,Neha Kumar,Male,44,Sales,Sales Manager,MBA,16,82532,Kolkata,2024-05-26,No,5,Yes
9110,Amit Kumar,Female,22,Finance,Financial Analyst,B.Com,1,59808,Bengaluru,2016-03-25,No,4,No
9111,Sonia Joshi,Male,31,Marketing,SEO Specialist,B.Tech,2,50402,Lucknow,2020-05-31,No,5,No
9112,Rahul Joshi,Female,42,Operations,Supervisor,MBA,19,90226,Delhi,2023-11-18,No,3,Yes
9113,Rahul Sharma,Male,47,Sales,Sales Manager,Graduate,20,96751,Bengaluru,2016-01-01,No,2,Yes
9114,Anjali Singh,Female,49,Sales,Sales Executive,Graduate,20,98514,Mumbai,2021-03-02,No,3,No
9115,Vikas Roy,Male,35,Finance,Financial Analyst,Graduate,6,72869,Lucknow,2024-05-18,Yes,5,No
9116,Priya Singh,Male,31,Operations,Supervisor,Graduate,3,44502,Kolkata,2015-07-17,No,5,No
9117,Rohan Singh,Female,27,Operations,Operations Executive,M.Com,1,42154,Kolkata,2021-06-08,No,4,No
9118,Rahul Verma,Male,27,IT,Developer,B.Com,5,75661,Ahmedabad,2017-07-29,No,3,No
9119,Sonia Singh,Male,22,Operations,Operations Executive,MBA,1,42486,Bengaluru,2024-01-05,No,4,No
9120,Priya Joshi,Male,33,IT,QA Engineer,MBA,6,79137,Ahmedabad,2024-04-08,No,2,No
9121,Arjun Kumar,Female,26,HR,Recruiter,MBA,0,41969,Mumbai,2021-06-01,No,2,No
9122,Sonia Kumar,Female,41,Finance,Accountant,M.Com,18,99838,Ahmedabad,2020-04-28,No,4,No
9123,Priya Joshi,Female,44,Sales,Sales Executive,B.Tech,16,88688,Ahmedabad,2019-06-18,Yes,4,No
9124,Vikas Gupta,Female,35,Marketing,SEO Specialist,B.Tech,15,83790,Chennai,2023-07-24,Yes,2,No
9125,Mohit Joshi,Male,37,Operations,Supervisor,B.Tech,9,63461,Jaipur,2016-06-20,No,4,No
9126,Arjun Mehta,Male,25,HR,HR Executive,M.Com,4,45353,Jaipur,2020-05-16,No,4,No
9127,Priya Sharma,Female,30,Operations,Operations Executive,B.Tech,3,45517,Jaipur,2017-08-19,No,1,No
9128,Anjali Gupta,Male,27,Sales,Sales Executive,B.Tech,5,62447,Chennai,2021-04-04,No,4,No
9129,Neha Verma,Male,38,Sales,Sales Executive,B.Com,16,88177,Lucknow,2021-03-22,No,1,No
9130,Rohan Gupta,Male,38,HR,Recruiter,Graduate,12,68243,Kolkata,2016-05-14,Yes,1,No
9131,Nisha Joshi,Female,42,HR,Recruiter,B.Tech,15,77678,Lucknow,2018-03-07,Yes,2,Yes
9132,Mohit Sharma,Male,29,IT,Developer,B.Tech,0,66058,Jaipur,2022-09-06,No,2,No
9133,Sneha Joshi,Male,35,IT,QA Engineer,M.Com,8,84512,Kolkata,2020-08-12,No,2,No
9134,Sonia Gupta,Male,34,Sales,Sales Manager,B.Com,9,68179,Delhi,2024-05-24,Yes,3,Yes
9135,Nisha Patel,Male,36,Sales,Sales Manager,B.Com,16,86232,Pune,2021-09-05,No,1,No
9136,Rohan Yadav,Male,27,Marketing,SEO Specialist,Graduate,4,54424,Kolkata,2018-09-11,No,5,No
9137,Anjali Patel,Female,42,Operations,Supervisor,B.Com,18,82033,Ahmedabad,2024-09-17,No,5,No
9138,Nisha Mehta,Female,43,Marketing,Marketing Executive,Graduate,15,82966,Bengaluru,2018-04-26,Yes,4,No
9139,Sonia Joshi,Male,39,HR,HR Executive,B.Com,18,87244,Lucknow,2015-05-22,Yes,1,Yes
9140,Pooja Yadav,Male,49,Sales,Sales Manager,M.Com,20,99113,Lucknow,2016-07-28,Yes,2,Yes
9141,Sneha Patel,Female,36,HR,HR Executive,B.Tech,13,75352,Noida,2022-12-14,No,5,No
9142,Pooja Singh,Male,41,Operations,Operations Executive,B.Com,17,85397,Jaipur,2016-10-16,No,5,No
9143,Vikas Roy,Female,38,Finance,Accountant,M.Com,14,88976,Delhi,2024-03-10,No,3,No
9144,Neha Verma,Male,37,HR,HR Executive,B.Tech,13,72795,Pune,2016-08-04,Yes,2,No
9145,Amit Sharma,Female,41,Operations,Supervisor,Graduate,12,71881,Noida,2017-11-19,No,4,No
9146,Pooja Joshi,Female,40,Finance,Financial Analyst,Graduate,14,92515,Noida,2017-08-14,Yes,3,No
9147,Mohit Patel,Male,33,Sales,Sales Executive,Graduate,4,59372,Kolkata,2018-06-10,No,2,Yes
9148,Vikas Gupta,Female,37,Finance,Financial Analyst,B.Com,15,92200,Ahmedabad,2022-04-16,No,1,Yes
9149,Pooja Mehta,Male,47,Sales,Sales Manager,MBA,20,97074,Mumbai,2017-09-14,Yes,5,No
9150,Mohit Sharma,Male,27,Finance,Financial Analyst,Graduate,6,66827,Jaipur,2021-03-02,No,2,No
9151,Priya Kumar,Female,42,Marketing,SEO Specialist,M.Com,19,97987,Ahmedabad,2020-08-31,Yes,4,No
9152,Priya Yadav,Female,41,Sales,Sales Executive,M.Com,17,92035,Noida,2022-11-27,No,2,Yes
9153,Amit Patel,Male,33,Sales,Sales Manager,M.Com,3,55541,Kolkata,2016-09-04,No,2,Yes
9154,Sonia Patel,Male,44,IT,QA Engineer,M.Com,16,105488,Mumbai,2017-10-12,No,2,Yes
9155,Arjun Roy,Female,44,IT,Developer,B.Com,20,110155,Pune,2019-09-08,Yes,2,Yes
9156,Pooja Kumar,Male,33,Sales,Sales Executive,B.Com,4,58718,Bengaluru,2020-12-20,No,4,No
9157,Nisha Gupta,Male,26,IT,QA Engineer,M.Com,4,77560,Kolkata,2016-06-10,No,1,Yes
9158,Sonia Sharma,Female,37,HR,Recruiter,B.Com,9,59355,Mumbai,2019-02-16,No,5,Yes
9159,Kiran Joshi,Female,48,Finance,Accountant,B.Tech,19,98591,Jaipur,2023-03-22,No,3,Yes
9160,Nisha Kumar,Female,36,IT,Analyst,B.Tech,16,104856,Bengaluru,2017-01-12,Yes,1,Yes
9161,Priya Patel,Male,27,Finance,Financial Analyst,B.Com,1,60522,Delhi,2020-08-22,No,5,No
9162,Sneha Gupta,Female,42,Marketing,Marketing Executive,MBA,13,82230,Ahmedabad,2019-06-30,Yes,2,Yes
9163,Amit Roy,Male,36,Finance,Financial Analyst,M.Com,9,80914,Mumbai,2017-08-11,Yes,5,No
9164,Nisha Mehta,Female,41,Marketing,Marketing Executive,B.Tech,12,74722,Kolkata,2015-01-18,Yes,1,Yes
9165,Arjun Joshi,Male,42,Operations,Supervisor,B.Tech,15,80801,Delhi,2019-11-23,Yes,4,No
9166,Neha Sharma,Female,34,Sales,Sales Manager,Graduate,7,64405,Mumbai,2015-12-05,No,4,No
9167,Rohan Singh,Male,32,Operations,Operations Executive,Graduate,10,63013,Bengaluru,2021-09-07,Yes,4,No
9168,Vikas Sharma,Female,42,Marketing,SEO Specialist,M.Com,17,86932,Delhi,2021-05-20,No,3,No
9169,Nisha Kumar,Female,34,Finance,Accountant,B.Tech,7,74698,Noida,2022-04-01,No,1,No
9170,Arjun Singh,Female,34,IT,Analyst,MBA,11,90159,Ahmedabad,2021-06-22,No,2,Yes
9171,Amit Joshi,Male,27,Operations,Operations Executive,Graduate,3,48690,Delhi,2015-04-03,No,2,No
9172,Arjun Gupta,Male,34,Operations,Supervisor,M.Com,4,55213,Ahmedabad,2019-09-19,No,2,No
9173,Nisha Patel,Female,34,Operations,Operations Executive,MBA,10,65085,Lucknow,2021-09-07,Yes,4,No
9174,Pooja Roy,Female,26,Operations,Operations Executive,M.Com,5,50816,Jaipur,2022-10-18,No,1,No
9175,Sonia Gupta,Female,28,Sales,Sales Executive,M.Com,8,68604,Kolkata,2017-03-18,No,1,Yes
9176,Deepak Sharma,Male,30,Sales,Sales Executive,B.Tech,2,52040,Kolkata,2021-12-01,No,1,Yes
9177,Vikas Gupta,Female,37,Sales,Sales Manager,B.Tech,16,84001,Jaipur,2024-08-14,No,4,No
9178,Priya Roy,Female,35,Finance,Accountant,Graduate,12,83248,Jaipur,2018-09-21,Yes,1,No
9179,Kiran Yadav,Female,42,Finance,Financial Analyst,M.Com,13,90711,Delhi,2022-08-06,Yes,4,No
9180,Neha Roy,Male,34,Operations,Supervisor,B.Tech,12,72165,Bengaluru,2016-12-17,No,1,Yes
9181,Priya Sharma,Female,45,Finance,Accountant,MBA,19,104106,Pune,2021-05-29,No,2,Yes
9182,Pooja Roy,Female,49,HR,Recruiter,B.Tech,19,91793,Pune,2016-10-23,Yes,3,No
9183,Vikas Gupta,Female,32,Operations,Supervisor,Graduate,12,73711,Kolkata,2016-05-05,No,3,No
9184,Anjali Kumar,Female,30,HR,Recruiter,Graduate,5,49483,Chennai,2020-10-31,No,1,No
9185,Deepak Gupta,Male,28,Sales,Sales Manager,MBA,2,54084,Jaipur,2019-06-19,No,3,Yes
9186,Sonia Yadav,Male,37,IT,Developer,Graduate,11,88790,Jaipur,2016-08-09,Yes,5,No
9187,Neha Patel,Male,24,Sales,Sales Executive,MBA,3,54511,Ahmedabad,2023-02-02,No,5,No
9188,Rohan Sharma,Female,49,Sales,Sales Manager,Graduate,20,92412,Ahmedabad,2016-09-27,No,4,No
9189,Vikas Roy,Male,39,Marketing,Marketing Executive,M.Com,17,85909,Bengaluru,2018-09-07,Yes,4,No
9190,Deepak Mehta,Male,30,IT,Analyst,Graduate,0,67338,Mumbai,2016-02-09,No,1,Yes
9191,Kiran Gupta,Male,28,Finance,Accountant,B.Tech,0,53826,Kolkata,2023-01-28,No,5,No
9192,Nisha Gupta,Female,26,Finance,Financial Analyst,Graduate,3,62548,Pune,2021-05-13,No,1,No
9193,Vikas Gupta,Female,38,Operations,Operations Executive,Graduate,9,65628,Ahmedabad,2019-03-04,No,3,No
9194,Anjali Singh,Female,37,Sales,Sales Executive,B.Tech,8,61600,Ahmedabad,2022-01-14,Yes,3,No
9195,Amit Joshi,Female,30,Sales,Sales Manager,B.Tech,3,50906,Noida,2018-03-19,No,2,No
9196,Nisha Gupta,Male,30,Marketing,Marketing Executive,M.Com,4,54872,Chennai,2021-09-10,No,5,No
9197,Pooja Gupta,Female,27,Marketing,SEO Specialist,MBA,3,59489,Lucknow,2015-02-15,No,5,No
9198,Priya Singh,Female,35,HR,Recruiter,M.Com,9,63195,Ahmedabad,2019-05-31,Yes,5,No
9199,Rahul Singh,Male,31,Operations,Operations Executive,M.Com,3,45918,Kolkata,2019-03-21,No,2,Yes
9200,Amit Gupta,Male,30,IT,QA Engineer,B.Com,8,83526,Ahmedabad,2022-08-14,Yes,1,No
9201,Amit Kumar,Male,38,Operations,Operations Executive,MBA,9,69378,Jaipur,2016-02-07,No,3,No
9202,Mohit Roy,Male,40,Finance,Financial Analyst,MBA,16,90097,Noida,2023-04-21,No,4,No
9203,Rahul Roy,Male,44,Marketing,SEO Specialist,B.Com,15,89410,Mumbai,2016-03-06,Yes,4,No
9204,Vikas Kumar,Male,27,HR,Recruiter,Graduate,1,40114,Kolkata,2024-08-23,No,4,No
9205,Arjun Kumar,Female,41,Operations,Supervisor,B.Com,19,90715,Kolkata,2022-07-24,No,1,Yes
9206,Pooja Gupta,Female,28,Finance,Accountant,Graduate,4,69651,Mumbai,2015-08-16,No,3,No
9207,Mohit Gupta,Male,43,HR,HR Executive,MBA,20,88412,Ahmedabad,2024-01-19,Yes,1,No
9208,Nisha Roy,Female,35,Marketing,SEO Specialist,Graduate,15,83623,Bengaluru,2016-03-11,No,3,No
9209,Anjali Yadav,Male,24,Operations,Operations Executive,Graduate,0,41162,Jaipur,2022-02-23,No,3,No
9210,Nisha Kumar,Female,37,Finance,Accountant,MBA,14,88495,Jaipur,2018-11-10,Yes,1,Yes
9211,Mohit Roy,Female,33,HR,HR Executive,B.Tech,6,51368,Ahmedabad,2024-12-08,Yes,4,No
9212,Kiran Joshi,Female,21,HR,HR Executive,M.Com,1,45113,Bengaluru,2024-09-08,No,1,Yes
9213,Mohit Roy,Female,44,HR,HR Executive,Graduate,17,85849,Bengaluru,2022-03-15,Yes,4,No
9214,Priya Singh,Female,33,Operations,Supervisor,MBA,13,71430,Delhi,2024-03-25,Yes,1,Yes
9215,Mohit Gupta,Male,29,Operations,Operations Executive,M.Com,2,43045,Ahmedabad,2018-09-23,No,1,Yes
9216,Mohit Gupta,Female,32,Operations,Supervisor,Graduate,4,50014,Mumbai,2023-11-03,No,5,No
9217,Amit Joshi,Female,29,Operations,Operations Executive,B.Tech,5,54130,Jaipur,2020-11-12,No,5,No
9218,Pooja Verma,Male,39,Finance,Financial Analyst,MBA,9,76913,Jaipur,2021-09-02,No,5,No
9219,Rahul Roy,Female,25,Finance,Financial Analyst,M.Com,5,68461,Noida,2015-03-12,No,4,No
9220,Nisha Singh,Male,24,Operations,Supervisor,B.Com,2,49573,Kolkata,2016-04-23,No,5,Yes
9221,Mohit Gupta,Female,38,Operations,Supervisor,M.Com,17,83019,Jaipur,2016-04-16,Yes,5,No
9222,Sonia Sharma,Male,36,Sales,Sales Executive,MBA,14,75598,Pune,2024-04-12,Yes,1,Yes
9223,Amit Singh,Female,29,Operations,Operations Executive,MBA,5,51367,Bengaluru,2021-05-07,No,2,Yes
9224,Pooja Mehta,Male,41,Marketing,SEO Specialist,M.Com,11,73609,Jaipur,2024-02-02,No,4,No
9225,Sonia Roy,Female,38,Finance,Accountant,MBA,9,79267,Lucknow,2022-11-16,No,4,No
9226,Priya Roy,Female,41,HR,Recruiter,B.Tech,18,87737,Bengaluru,2019-07-27,Yes,1,No
9227,Kiran Kumar,Male,33,Finance,Accountant,B.Com,5,67431,Jaipur,2019-04-29,No,1,Yes
9228,Anjali Singh,Male,39,Finance,Financial Analyst,B.Com,14,93138,Chennai,2017-11-07,Yes,2,No
9229,Nisha Kumar,Female,30,Operations,Operations Executive,B.Com,2,51938,Mumbai,2016-01-18,No,1,Yes
9230,Neha Gupta,Female,27,IT,Analyst,Graduate,3,68550,Mumbai,2019-05-14,No,1,Yes
9231,Arjun Gupta,Female,26,IT,Analyst,B.Tech,0,67033,Delhi,2018-08-07,No,4,Yes
9232,Amit Gupta,Female,39,Sales,Sales Manager,MBA,12,76287,Pune,2024-06-15,Yes,3,No
9233,Anjali Yadav,Male,44,Finance,Financial Analyst,Graduate,20,107834,Bengaluru,2016-06-03,Yes,3,No
9234,Arjun Kumar,Male,35,Operations,Operations Executive,B.Tech,13,72771,Kolkata,2023-10-03,No,3,No
9235,Anjali Singh,Female,34,Marketing,Marketing Executive,MBA,9,74257,Noida,2017-01-08,No,1,No
9236,Priya Gupta,Male,30,Sales,Sales Manager,Graduate,3,54611,Pune,2021-02-18,No,4,No
9237,Amit Verma,Female,28,Sales,Sales Executive,B.Com,6,62517,Ahmedabad,2015-11-22,Yes,3,No
9238,Rahul Mehta,Female,42,Marketing,Marketing Executive,B.Com,14,83139,Jaipur,2020-08-14,Yes,1,No
9239,Pooja Patel,Female,38,Finance,Accountant,MBA,8,77575,Chennai,2019-09-23,Yes,1,No
9240,Rohan Joshi,Female,49,Sales,Sales Executive,B.Com,20,95608,Noida,2015-11-01,Yes,4,No
9241,Rahul Roy,Female,27,Finance,Accountant,B.Com,5,68432,Jaipur,2017-02-15,No,5,Yes
9242,Anjali Gupta,Male,36,IT,Analyst,B.Com,6,81693,Bengaluru,2024-09-24,Yes,3,No
9243,Amit Yadav,Male,22,Operations,Operations Executive,MBA,1,42853,Jaipur,2016-07-01,No,4,No
9244,Rohan Kumar,Female,38,HR,Recruiter,MBA,12,65604,Pune,2024-05-20,No,2,No
9245,Vikas Joshi,Male,44,Operations,Supervisor,M.Com,15,83687,Kolkata,2024-11-28,Yes,1,No
9246,Arjun Joshi,Female,27,Finance,Accountant,Graduate,4,60380,Lucknow,2018-06-28,No,4,No
9247,Amit Roy,Female,26,HR,HR Executive,B.Tech,4,45473,Chennai,2020-12-26,No,4,No
9248,Sonia Roy,Female,30,IT,Analyst,MBA,2,66938,Lucknow,2024-04-30,No,4,No
9249,Nisha Mehta,Female,38,Operations,Operations Executive,B.Com,14,78521,Jaipur,2020-03-27,Yes,3,No
9250,Pooja Verma,Female,27,Finance,Financial Analyst,MBA,6,72068,Jaipur,2023-06-14,No,3,No
9251,Vikas Patel,Male,24,HR,Recruiter,B.Tech,1,46217,Jaipur,2020-01-20,No,4,No
9252,Vikas Patel,Male,39,Operations,Operations Executive,Graduate,19,86807,Ahmedabad,2017-09-28,Yes,1,Yes
9253,Arjun Singh,Female,37,Marketing,Marketing Executive,Graduate,12,81419,Ahmedabad,2019-05-24,No,5,Yes
9254,Anjali Sharma,Female,47,Sales,Sales Manager,M.Com,18,88596,Delhi,2020-08-22,No,5,No
9255,Arjun Kumar,Female,45,Finance,Financial Analyst,M.Com,18,102372,Chennai,2024-01-12,No,1,Yes
9256,Rohan Verma,Female,43,Sales,Sales Executive,MBA,18,88799,Mumbai,2020-03-28,Yes,3,No
9257,Kiran Patel,Female,38,HR,HR Executive,MBA,17,81772,Pune,2021-03-25,Yes,1,No
9258,Sonia Kumar,Female,44,Sales,Sales Manager,B.Com,18,85441,Chennai,2024-08-29,No,3,No
9259,Rahul Yadav,Male,34,Finance,Accountant,B.Tech,10,83446,Mumbai,2019-12-08,No,2,No
9260,Deepak Mehta,Male,36,Finance,Financial Analyst,M.Com,14,89382,Pune,2015-05-07,No,2,Yes
9261,Rohan Sharma,Female,30,Operations,Operations Executive,B.Tech,2,51710,Delhi,2023-09-20,No,2,No
9262,Kiran Yadav,Male,32,HR,Recruiter,M.Com,10,65370,Bengaluru,2022-07-22,No,1,Yes
9263,Kiran Gupta,Female,30,Operations,Supervisor,M.Com,3,48567,Mumbai,2015-05-11,No,1,No
9264,Kiran Singh,Female,40,Operations,Supervisor,B.Tech,12,68359,Chennai,2017-11-02,Yes,1,No
9265,Neha Patel,Male,37,HR,HR Executive,Graduate,13,74622,Chennai,2023-03-17,No,2,Yes
9266,Arjun Mehta,Male,40,HR,Recruiter,B.Tech,16,84204,Ahmedabad,2015-09-21,No,3,No
9267,Priya Kumar,Male,44,HR,Recruiter,MBA,14,79791,Pune,2017-06-24,Yes,3,No
9268,Kiran Kumar,Male,40,Finance,Financial Analyst,M.Com,19,106195,Lucknow,2024-09-09,Yes,1,No
9269,Rahul Kumar,Male,47,IT,Analyst,MBA,17,105284,Delhi,2017-10-17,No,4,No
9270,Arjun Singh,Female,37,Operations,Operations Executive,MBA,8,63259,Mumbai,2018-05-02,No,5,No
9271,Sneha Mehta,Female,28,Operations,Operations Executive,B.Com,1,40667,Bengaluru,2018-12-14,No,1,No
9272,Pooja Kumar,Male,37,Marketing,Marketing Executive,Graduate,16,88784,Bengaluru,2015-09-15,Yes,5,Yes
9273,Neha Roy,Female,36,IT,Developer,Graduate,12,98496,Bengaluru,2019-09-11,No,3,No
9274,Nisha Singh,Female,29,HR,Recruiter,B.Tech,1,46127,Mumbai,2018-06-09,No,4,No
9275,Mohit Sharma,Female,31,Sales,Sales Executive,M.Com,7,62666,Delhi,2024-04-24,Yes,2,Yes
9276,Kiran Sharma,Female,34,Marketing,SEO Specialist,MBA,6,65575,Mumbai,2023-12-11,Yes,5,No
9277,Pooja Gupta,Female,40,HR,Recruiter,M.Com,15,80078,Delhi,2022-09-07,No,3,Yes
9278,Anjali Yadav,Female,42,Finance,Accountant,Graduate,12,88720,Delhi,2018-04-08,No,2,Yes
9279,Deepak Singh,Female,30,IT,Developer,MBA,5,73888,Jaipur,2018-02-17,No,3,No
9280,Rahul Mehta,Male,44,Marketing,SEO Specialist,B.Com,14,79025,Jaipur,2024-09-01,No,4,No
9281,Neha Yadav,Male,32,Sales,Sales Executive,B.Com,5,53597,Bengaluru,2020-01-07,No,3,No
9282,Rohan Roy,Female,38,IT,Developer,Graduate,12,95200,Chennai,2016-05-28,Yes,1,Yes
9283,Nisha Verma,Female,39,Marketing,Marketing Executive,B.Com,15,80884,Lucknow,2022-08-26,Yes,4,No
9284,Sneha Kumar,Female,41,Sales,Sales Manager,Graduate,12,75474,Bengaluru,2023-08-19,No,3,No
9285,Deepak Verma,Female,25,IT,Developer,M.Com,5,79704,Mumbai,2016-12-08,No,5,No
9286,Amit Kumar,Male,28,IT,Analyst,MBA,1,62815,Bengaluru,2023-11-24,No,3,No
9287,Neha Joshi,Female,45,Operations,Supervisor,Graduate,19,85187,Mumbai,2023-11-29,No,4,Yes
9288,Neha Yadav,Male,24,HR,HR Executive,B.Tech,1,39502,Pune,2021-03-15,No,3,No
9289,Sonia Roy,Female,29,Marketing,SEO Specialist,B.Tech,1,48810,Bengaluru,2017-04-29,No,1,No
9290,Priya Roy,Male,49,IT,Developer,M.Com,19,109014,Delhi,2022-03-28,No,2,Yes
9291,Neha Joshi,Male,35,IT,Analyst,B.Tech,11,95935,Delhi,2022-01-02,No,1,Yes
9292,Mohit Gupta,Male,32,Finance,Accountant,B.Com,12,81229,Jaipur,2018-06-07,Yes,3,No
9293,Amit Patel,Female,26,Marketing,Marketing Executive,B.Com,2,49822,Noida,2024-09-13,No,2,No
9294,Amit Joshi,Male,46,Finance,Accountant,B.Com,18,98072,Ahmedabad,2016-02-28,No,1,No
9295,Priya Gupta,Female,38,Marketing,SEO Specialist,MBA,17,88463,Chennai,2018-07-12,Yes,5,No
9296,Pooja Roy,Male,24,IT,QA Engineer,B.Tech,2,68115,Jaipur,2021-08-18,No,4,No
9297,Pooja Roy,Female,44,Marketing,SEO Specialist,M.Com,16,89529,Chennai,2018-03-01,Yes,3,No
9298,Anjali Joshi,Male,28,Operations,Supervisor,MBA,5,57002,Bengaluru,2015-04-10,No,4,No
9299,Pooja Verma,Male,33,IT,Developer,MBA,6,83801,Mumbai,2020-01-07,No,1,Yes
9300,Deepak Kumar,Female,40,Marketing,SEO Specialist,M.Com,12,76485,Pune,2015-01-23,Yes,3,No
9301,Pooja Sharma,Male,32,Sales,Sales Manager,B.Com,9,63551,Pune,2022-11-24,No,2,Yes
9302,Deepak Sharma,Female,41,Marketing,Marketing Executive,M.Com,12,73483,Jaipur,2016-09-20,No,4,No
9303,Rahul Gupta,Female,39,IT,Developer,B.Com,10,91676,Bengaluru,2015-11-23,Yes,2,No
9304,Vikas Verma,Male,42,Operations,Operations Executive,MBA,16,85083,Noida,2023-02-04,Yes,3,No
9305,Vikas Sharma,Female,30,Marketing,Marketing Executive,M.Com,7,64430,Pune,2018-05-10,No,5,No
9306,Anjali Gupta,Female,39,IT,QA Engineer,MBA,17,103475,Delhi,2015-07-20,Yes,1,Yes
9307,Sneha Patel,Female,42,HR,Recruiter,B.Com,16,75637,Chennai,2023-04-06,Yes,2,No
9308,Rohan Verma,Male,41,Marketing,Marketing Executive,B.Tech,12,73548,Noida,2016-10-21,Yes,4,No
9309,Deepak Gupta,Female,26,IT,Analyst,M.Com,2,70959,Mumbai,2018-04-04,No,3,No
9310,Rohan Gupta,Male,28,HR,Recruiter,B.Tech,0,35354,Mumbai,2022-06-14,No,3,Yes
9311,Arjun Kumar,Male,32,Marketing,Marketing Executive,B.Tech,10,71493,Mumbai,2020-11-02,No,1,Yes
9312,Neha Sharma,Male,37,Marketing,SEO Specialist,B.Com,8,70219,Bengaluru,2023-08-13,Yes,2,No
9313,Nisha Roy,Female,31,Operations,Supervisor,M.Com,11,73429,Noida,2015-12-31,No,3,No
9314,Nisha Sharma,Female,37,Marketing,Marketing Executive,M.Com,10,71027,Jaipur,2024-06-28,No,1,No
9315,Deepak Mehta,Male,45,Operations,Operations Executive,B.Tech,15,81124,Pune,2018-09-03,No,3,No
9316,Anjali Yadav,Male,31,IT,QA Engineer,B.Com,8,82519,Noida,2021-03-20,No,4,No
9317,Rahul Joshi,Male,30,Sales,Sales Executive,M.Com,0,48730,Ahmedabad,2015-07-26,No,5,No
9318,Priya Gupta,Female,39,Finance,Financial Analyst,M.Com,11,79779,Bengaluru,2016-08-19,No,5,Yes
9319,Deepak Verma,Male,36,IT,Developer,B.Com,16,105562,Noida,2018-09-23,No,5,No
9320,Anjali Verma,Male,34,Operations,Supervisor,MBA,7,55854,Ahmedabad,2015-03-23,Yes,2,No
9321,Arjun Singh,Female,41,Operations,Supervisor,MBA,18,87605,Ahmedabad,2018-03-13,No,5,No
9322,Rahul Mehta,Male,39,IT,QA Engineer,MBA,10,93288,Kolkata,2016-03-23,No,3,No
9323,Amit Yadav,Female,30,Operations,Operations Executive,M.Com,10,64865,Ahmedabad,2021-09-05,No,4,No
9324,Kiran Yadav,Female,34,Marketing,SEO Specialist,Graduate,7,61222,Mumbai,2021-03-26,Yes,2,No
9325,Anjali Gupta,Male,33,IT,Developer,B.Tech,6,78705,Ahmedabad,2017-05-06,Yes,5,No
9326,Rahul Joshi,Male,30,HR,HR Executive,M.Com,4,51984,Kolkata,2024-07-12,No,1,Yes
9327,Sonia Joshi,Female,35,HR,HR Executive,Graduate,5,48808,Kolkata,2024-08-15,No,4,Yes
9328,Sneha Yadav,Male,40,Operations,Operations Executive,B.Tech,18,88853,Pune,2022-01-02,Yes,3,Yes
9329,Deepak Joshi,Female,35,Sales,Sales Executive,M.Com,14,76938,Bengaluru,2021-08-13,Yes,2,Yes
9330,Anjali Singh,Male,38,Finance,Financial Analyst,M.Com,17,99424,Noida,2020-08-24,Yes,2,Yes
9331,Neha Kumar,Male,26,Sales,Sales Executive,B.Tech,0,49913,Noida,2020-07-22,No,2,No
9332,Sonia Joshi,Female,32,Finance,Accountant,M.Com,7,76895,Jaipur,2023-07-04,Yes,3,No
9333,Amit Patel,Female,27,Operations,Operations Executive,M.Com,6,55314,Jaipur,2018-12-05,Yes,1,Yes
9334,Priya Singh,Male,39,Sales,Sales Manager,B.Tech,9,67447,Kolkata,2021-01-11,Yes,1,Yes
9335,Rohan Roy,Male,35,Finance,Financial Analyst,MBA,8,70745,Jaipur,2019-11-01,Yes,2,Yes
9336,Priya Gupta,Female,44,Marketing,SEO Specialist,Graduate,20,99256,Lucknow,2022-04-08,Yes,5,Yes
9337,Rahul Gupta,Female,26,IT,Developer,B.Com,1,65622,Mumbai,2020-05-19,No,5,No
9338,Rahul Yadav,Male,39,Operations,Supervisor,MBA,18,86991,Chennai,2018-11-23,Yes,4,No
9339,Arjun Mehta,Male,46,HR,HR Executive,M.Com,16,82053,Bengaluru,2017-11-17,No,5,No
9340,Kiran Sharma,Female,30,HR,HR Executive,MBA,5,52869,Lucknow,2024-06-30,No,2,No
9341,Priya Gupta,Male,28,IT,Developer,M.Com,4,74663,Jaipur,2020-08-12,No,3,No
9342,Sonia Roy,Male,42,HR,Recruiter,B.Com,15,75578,Jaipur,2020-02-05,No,5,No
9343,Priya Kumar,Male,32,Finance,Financial Analyst,M.Com,3,64975,Ahmedabad,2021-10-21,No,1,No
9344,Deepak Kumar,Male,32,IT,QA Engineer,Graduate,5,79085,Ahmedabad,2016-10-16,No,4,No
9345,Sneha Roy,Female,41,Sales,Sales Manager,B.Tech,13,74416,Bengaluru,2021-05-20,No,5,No
9346,Amit Joshi,Male,41,Finance,Accountant,Graduate,12,86769,Chennai,2016-12-13,Yes,1,Yes
9347,Mohit Joshi,Male,34,IT,Developer,M.Com,9,83265,Noida,2020-06-11,Yes,1,Yes
9348,Kiran Kumar,Male,26,Finance,Financial Analyst,Graduate,4,62696,Jaipur,2015-08-08,No,4,No
9349,Arjun Patel,Female,43,Finance,Financial Analyst,Graduate,18,98519,Delhi,2015-09-08,No,3,No
9350,Sneha Mehta,Female,36,HR,HR Executive,Graduate,11,64428,Chennai,2021-01-15,No,4,No
9351,Sneha Sharma,Female,33,Marketing,SEO Specialist,M.Com,7,67386,Lucknow,2024-06-21,No,3,No
9352,Rohan Gupta,Male,38,Finance,Accountant,MBA,15,96307,Bengaluru,2020-01-04,Yes,3,No
9353,Deepak Verma,Female,38,HR,HR Executive,B.Tech,8,64660,Delhi,2015-03-30,No,1,Yes
9354,Sneha Sharma,Male,32,HR,HR Executive,M.Com,8,59267,Delhi,2019-09-29,No,1,No
9355,Priya Verma,Male,37,HR,Recruiter,B.Com,12,73401,Mumbai,2024-04-22,No,4,No
9356,Rahul Joshi,Female,35,HR,HR Executive,Graduate,12,73812,Jaipur,2019-08-04,Yes,1,Yes
9357,Priya Joshi,Female,37,Sales,Sales Executive,M.Com,7,66672,Pune,2021-08-26,Yes,3,No
9358,Anjali Verma,Male,44,Marketing,SEO Specialist,B.Tech,16,91423,Kolkata,2019-06-19,Yes,4,Yes
9359,Rohan Kumar,Female,38,Operations,Supervisor,B.Tech,12,76360,Lucknow,2023-11-30,Yes,1,Yes
9360,Priya Mehta,Male,48,Operations,Supervisor,M.Com,19,87021,Lucknow,2022-07-27,No,5,No
9361,Sneha Mehta,Male,40,Operations,Supervisor,B.Com,15,83604,Pune,2017-12-16,No,2,Yes
9362,Anjali Mehta,Male,32,Marketing,Marketing Executive,B.Com,6,64581,Noida,2022-02-07,Yes,1,Yes
9363,Rohan Roy,Female,43,Sales,Sales Manager,MBA,18,85270,Chennai,2020-02-10,Yes,4,No
9364,Rahul Joshi,Female,38,HR,Recruiter,MBA,11,71095,Bengaluru,2022-04-14,No,5,No
9365,Deepak Kumar,Male,40,Marketing,Marketing Executive,B.Com,13,78145,Delhi,2022-01-27,Yes,4,No
9366,Sneha Mehta,Male,29,Sales,Sales Manager,MBA,1,46585,Kolkata,2018-07-02,No,2,Yes
9367,Deepak Gupta,Male,40,Operations,Operations Executive,M.Com,12,70149,Lucknow,2023-03-11,No,3,No
9368,Arjun Singh,Male,35,Finance,Accountant,B.Tech,7,76565,Lucknow,2018-12-06,No,3,No
9369,Mohit Kumar,Female,43,Operations,Operations Executive,M.Com,13,74444,Kolkata,2022-05-17,No,2,No
9370,Pooja Verma,Female,28,HR,Recruiter,M.Com,7,56948,Kolkata,2016-11-27,Yes,2,Yes
9371,Arjun Verma,Male,40,Sales,Sales Executive,MBA,16,80432,Chennai,2024-12-07,Yes,1,No
9372,Vikas Yadav,Female,46,Finance,Accountant,B.Tech,18,98426,Mumbai,2018-06-17,No,1,No
9373,Priya Sharma,Female,35,Marketing,Marketing Executive,B.Com,5,61381,Pune,2019-04-12,No,1,No
9374,Kiran Gupta,Female,39,Marketing,Marketing Executive,B.Tech,9,69706,Mumbai,2023-02-12,No,1,No
9375,Rahul Singh,Male,36,Operations,Supervisor,M.Com,10,68288,Pune,2017-06-18,Yes,2,No
9376,Sonia Mehta,Female,24,Marketing,Marketing Executive,B.Com,0,50364,Delhi,2023-04-11,No,4,No
9377,Neha Sharma,Male,39,HR,HR Executive,B.Tech,16,83647,Chennai,2022-09-26,Yes,3,No
9378,Neha Mehta,Female,27,HR,Recruiter,MBA,5,52889,Mumbai,2023-05-24,No,3,No
9379,Rahul Mehta,Male,50,IT,QA Engineer,B.Com,20,115823,Noida,2021-07-02,Yes,2,No
9380,Arjun Mehta,Male,34,Finance,Accountant,B.Tech,13,84642,Chennai,2016-03-17,No,4,No
9381,Rohan Patel,Female,28,Operations,Supervisor,M.Com,6,61009,Chennai,2020-02-09,Yes,2,Yes
9382,Kiran Yadav,Male,39,IT,Analyst,B.Com,11,91209,Kolkata,2017-03-20,Yes,3,No
9383,Rohan Patel,Female,45,Finance,Financial Analyst,Graduate,19,104390,Delhi,2024-01-25,Yes,1,Yes
9384,Vikas Singh,Female,43,Sales,Sales Manager,B.Tech,17,91201,Kolkata,2020-02-16,Yes,5,No
9385,Deepak Sharma,Male,27,Marketing,Marketing Executive,MBA,1,50679,Noida,2021-12-23,No,5,No
9386,Priya Joshi,Female,37,HR,HR Executive,B.Com,10,61776,Lucknow,2021-10-16,No,4,No
9387,Mohit Yadav,Female,43,Finance,Accountant,Graduate,17,100242,Kolkata,2020-01-13,No,3,No
9388,Deepak Kumar,Male,34,Finance,Financial Analyst,B.Tech,10,75351,Kolkata,2022-12-19,No,4,No
9389,Vikas Singh,Female,31,Sales,Sales Executive,Graduate,4,58118,Lucknow,2018-12-07,No,1,Yes
9390,Kiran Singh,Male,32,Operations,Supervisor,Graduate,11,67929,Pune,2016-11-25,No,2,Yes
9391,Nisha Patel,Female,45,IT,Analyst,M.Com,15,105450,Pune,2017-11-13,No,4,No
9392,Vikas Yadav,Male,45,Operations,Operations Executive,Graduate,16,83785,Ahmedabad,2016-05-30,Yes,1,Yes
9393,Rahul Patel,Female,35,Operations,Operations Executive,M.Com,14,74172,Jaipur,2022-12-19,Yes,2,No
9394,Priya Patel,Female,37,HR,Recruiter,M.Com,15,82275,Lucknow,2018-12-17,No,5,No
9395,Rohan Mehta,Male,39,Finance,Financial Analyst,MBA,16,94845,Pune,2020-05-09,Yes,5,No
9396,Sonia Sharma,Male,32,IT,Developer,Graduate,6,77381,Chennai,2021-06-02,No,3,No
9397,Arjun Patel,Male,41,HR,Recruiter,MBA,18,89133,Pune,2022-05-27,Yes,4,No
9398,Arjun Verma,Female,24,IT,Analyst,Graduate,4,76551,Delhi,2021-11-03,No,2,No
9399,Amit Roy,Male,33,IT,QA Engineer,MBA,8,85725,Delhi,2018-10-12,Yes,3,Yes
9400,Priya Roy,Female,27,HR,Recruiter,B.Tech,5,57199,Lucknow,2019-12-11,No,1,Yes
9401,Sonia Verma,Male,25,Sales,Sales Manager,B.Com,1,47512,Chennai,2016-12-08,No,4,No
9402,Kiran Kumar,Male,37,Marketing,Marketing Executive,MBA,10,73680,Kolkata,2021-10-27,No,2,Yes
9403,Kiran Singh,Male,26,HR,Recruiter,M.Com,5,51257,Mumbai,2015-01-29,No,2,No
9404,Sonia Gupta,Male,41,Marketing,SEO Specialist,B.Tech,19,97747,Delhi,2015-09-13,Yes,5,No
9405,Amit Sharma,Female,43,Finance,Accountant,M.Com,17,94074,Jaipur,2023-05-28,No,2,No
9406,Nisha Roy,Male,40,Operations,Operations Executive,B.Com,18,82536,Delhi,2020-03-11,No,5,No
9407,Amit Mehta,Male,41,Operations,Supervisor,B.Tech,16,79325,Jaipur,2019-08-09,No,3,No
9408,Sneha Gupta,Male,34,Marketing,SEO Specialist,B.Com,12,77733,Lucknow,2021-04-26,Yes,2,No
9409,Rahul Kumar,Female,33,Marketing,Marketing Executive,B.Tech,11,79707,Delhi,2023-02-17,Yes,5,No
9410,Sneha Joshi,Female,44,IT,QA Engineer,B.Tech,17,112151,Pune,2017-09-06,Yes,3,No
9411,Deepak Verma,Male,34,IT,Analyst,Graduate,8,86298,Ahmedabad,2019-04-10,Yes,5,No
9412,Vikas Mehta,Female,42,IT,Analyst,B.Tech,13,99193,Mumbai,2017-04-01,No,3,No
9413,Neha Verma,Male,24,Marketing,Marketing Executive,Graduate,2,57528,Mumbai,2017-03-21,No,2,Yes
9414,Rahul Gupta,Male,36,HR,Recruiter,M.Com,11,63220,Bengaluru,2021-05-25,No,1,Yes
9415,Vikas Patel,Male,43,HR,HR Executive,M.Com,16,79350,Kolkata,2021-03-04,No,2,No
9416,Nisha Patel,Male,37,Sales,Sales Manager,B.Com,17,88779,Ahmedabad,2017-12-31,No,5,No
9417,Nisha Patel,Male,39,Marketing,SEO Specialist,MBA,11,73234,Ahmedabad,2015-10-10,Yes,2,Yes
9418,Mohit Verma,Female,24,Finance,Financial Analyst,B.Tech,4,68944,Pune,2021-08-19,No,1,Yes
9419,Mohit Singh,Male,22,Marketing,SEO Specialist,B.Tech,2,54471,Noida,2015-12-20,No,4,No
9420,Mohit Roy,Female,25,IT,QA Engineer,MBA,5,81802,Noida,2022-02-05,No,4,No
9421,Sneha Kumar,Male,44,IT,Developer,B.Tech,19,108933,Mumbai,2024-11-22,Yes,4,Yes
9422,Sneha Verma,Male,39,Sales,Sales Manager,M.Com,15,79338,Noida,2023-08-24,No,5,No
9423,Nisha Roy,Male,31,Marketing,Marketing Executive,B.Tech,2,56793,Jaipur,2018-09-09,No,4,No
9424,Priya Singh,Male,28,IT,QA Engineer,B.Tech,6,81360,Bengaluru,2024-07-18,Yes,1,Yes
9425,Amit Joshi,Male,30,Operations,Operations Executive,Graduate,5,51301,Lucknow,2024-09-23,No,1,No
9426,Sonia Roy,Male,47,IT,Developer,B.Com,20,110796,Mumbai,2022-05-16,Yes,5,No
9427,Rohan Yadav,Female,39,Marketing,Marketing Executive,MBA,16,85259,Mumbai,2017-10-19,No,2,No
9428,Sneha Roy,Female,34,HR,Recruiter,MBA,14,77415,Kolkata,2015-09-22,No,2,Yes
9429,Kiran Roy,Male,43,IT,Analyst,MBA,14,101197,Ahmedabad,2019-06-26,No,4,No
9430,Mohit Joshi,Male,31,IT,Developer,B.Tech,6,79159,Chennai,2015-05-06,No,4,No
9431,Nisha Singh,Female,40,Operations,Supervisor,B.Tech,19,84641,Lucknow,2023-05-27,Yes,5,No
9432,Anjali Yadav,Male,31,IT,Analyst,M.Com,10,88886,Chennai,2024-10-21,No,3,No
9433,Sneha Mehta,Female,45,Marketing,SEO Specialist,M.Com,16,92695,Jaipur,2024-11-16,Yes,4,No
9434,Rahul Roy,Male,27,Operations,Supervisor,M.Com,4,51977,Noida,2024-01-07,No,3,No
9435,Priya Patel,Male,35,Marketing,Marketing Executive,B.Tech,15,86248,Mumbai,2015-09-07,No,4,Yes
9436,Neha Mehta,Female,39,Marketing,Marketing Executive,Graduate,13,80571,Jaipur,2022-03-05,Yes,2,Yes
9437,Arjun Mehta,Female,24,Sales,Sales Manager,B.Com,4,50184,Ahmedabad,2021-08-05,No,1,Yes
9438,Sonia Sharma,Male,37,IT,Developer,Graduate,17,112498,Pune,2022-09-05,No,5,No
9439,Pooja Roy,Male,27,Sales,Sales Executive,M.Com,7,61793,Bengaluru,2020-08-03,Yes,5,No
9440,Priya Gupta,Male,48,Finance,Accountant,MBA,19,97647,Chennai,2022-12-18,Yes,5,No
9441,Kiran Joshi,Male,36,HR,HR Executive,B.Tech,6,53684,Chennai,2021-06-28,No,1,Yes
9442,Rahul Singh,Female,37,Finance,Financial Analyst,B.Com,14,88512,Bengaluru,2024-03-22,Yes,1,Yes
9443,Arjun Joshi,Male,26,Marketing,SEO Specialist,M.Com,1,53984,Pune,2022-12-27,No,4,No
9444,Pooja Singh,Female,36,Marketing,Marketing Executive,B.Com,6,66228,Delhi,2017-11-17,Yes,4,No
9445,Pooja Singh,Female,38,Finance,Financial Analyst,Graduate,10,77922,Pune,2017-06-27,Yes,5,No
9446,Kiran Joshi,Male,38,Finance,Accountant,B.Com,11,77752,Kolkata,2018-04-02,No,3,No
9447,Pooja Verma,Male,42,Sales,Sales Executive,M.Com,14,78182,Noida,2021-07-28,Yes,3,Yes
9448,Neha Yadav,Female,38,Sales,Sales Executive,B.Tech,18,92532,Jaipur,2022-03-29,Yes,2,Yes
9449,Anjali Patel,Female,38,IT,Analyst,B.Com,12,95838,Delhi,2019-05-01,No,4,No
9450,Amit Singh,Male,46,IT,QA Engineer,MBA,16,102128,Pune,2016-07-15,No,3,Yes
9451,Sneha Roy,Male,34,Operations,Operations Executive,M.Com,14,74465,Lucknow,2016-03-04,No,4,No
9452,Kiran Patel,Male,41,IT,Developer,B.Com,20,113397,Bengaluru,2024-06-28,No,4,No
9453,Kiran Mehta,Female,36,IT,Analyst,Graduate,10,93879,Lucknow,2019-07-07,No,3,No
9454,Arjun Mehta,Male,31,Marketing,Marketing Executive,B.Tech,8,68595,Pune,2018-06-12,No,5,No
9455,Anjali Roy,Male,40,Finance,Accountant,MBA,15,96594,Noida,2016-10-05,Yes,1,Yes
9456,Amit Gupta,Male,25,HR,Recruiter,B.Com,5,55509,Delhi,2016-06-02,No,3,No
9457,Sonia Gupta,Male,35,HR,HR Executive,M.Com,14,76536,Pune,2016-01-21,Yes,3,No
9458,Anjali Mehta,Male,46,Operations,Operations Executive,Graduate,16,81552,Noida,2023-12-23,No,1,No
9459,Pooja Kumar,Male,43,Finance,Accountant,Graduate,18,97398,Chennai,2022-12-18,No,2,No
9460,Rahul Singh,Male,29,HR,Recruiter,B.Com,7,57032,Lucknow,2023-07-07,No,1,No
9461,Sneha Gupta,Female,42,Sales,Sales Manager,B.Tech,20,97838,Jaipur,2024-04-18,No,1,Yes
9462,Mohit Kumar,Female,48,IT,Developer,M.Com,19,107843,Ahmedabad,2016-04-08,No,3,No
9463,Deepak Verma,Male,33,Marketing,SEO Specialist,Graduate,11,77880,Chennai,2019-05-24,No,3,No
9464,Neha Patel,Male,35,IT,Analyst,MBA,14,98133,Noida,2015-05-12,No,2,No
9465,Rohan Verma,Female,40,HR,HR Executive,MBA,11,70260,Mumbai,2019-11-19,No,3,No
9466,Rohan Sharma,Female,26,Finance,Accountant,B.Tech,2,61002,Lucknow,2016-12-04,No,3,Yes
9467,Amit Joshi,Female,33,HR,Recruiter,MBA,4,46546,Jaipur,2024-07-09,No,5,No
9468,Priya Joshi,Female,42,IT,Analyst,MBA,12,93016,Lucknow,2021-04-22,Yes,4,No
9469,Sneha Roy,Female,33,HR,HR Executive,B.Com,4,54454,Ahmedabad,2022-08-20,No,5,No
9470,Priya Kumar,Female,40,Sales,Sales Manager,M.Com,14,80355,Jaipur,2024-11-04,No,2,No
9471,Sneha Sharma,Male,26,HR,Recruiter,B.Com,2,43710,Chennai,2017-06-18,No,3,No
9472,Neha Roy,Female,44,Finance,Financial Analyst,B.Com,20,104835,Delhi,2023-08-13,No,3,No
9473,Anjali Joshi,Male,35,Marketing,SEO Specialist,B.Tech,10,70592,Pune,2020-01-16,No,5,No
9474,Arjun Mehta,Female,29,IT,Analyst,B.Tech,2,65053,Chennai,2020-07-16,No,5,No
9475,Pooja Kumar,Female,36,Operations,Operations Executive,B.Tech,12,73212,Ahmedabad,2023-10-09,No,3,No
9476,Vikas Patel,Male,42,Sales,Sales Executive,M.Com,17,89775,Chennai,2015-04-29,No,1,No
9477,Sneha Singh,Male,23,Operations,Supervisor,Graduate,1,45580,Mumbai,2018-09-08,No,5,No
9478,Rohan Verma,Male,34,Marketing,SEO Specialist,Graduate,10,68460,Mumbai,2019-01-22,No,1,Yes
9479,Kiran Verma,Female,22,Sales,Sales Executive,Graduate,2,50745,Delhi,2021-11-16,No,2,No
9480,Rohan Roy,Male,38,IT,Analyst,B.Com,14,96930,Delhi,2024-11-21,No,4,No
9481,Arjun Mehta,Male,32,Marketing,SEO Specialist,Graduate,12,76049,Bengaluru,2023-09-21,No,1,Yes
9482,Rahul Yadav,Female,48,Finance,Accountant,M.Com,18,98130,Pune,2016-06-22,Yes,2,Yes
9483,Pooja Verma,Female,33,IT,Analyst,Graduate,12,98452,Mumbai,2015-02-12,No,3,No
9484,Vikas Verma,Male,40,HR,HR Executive,B.Tech,17,82698,Noida,2016-05-13,Yes,2,No
9485,Arjun Kumar,Male,24,Marketing,SEO Specialist,Graduate,0,52644,Delhi,2020-05-22,No,4,No
9486,Pooja Joshi,Male,26,Operations,Operations Executive,M.Com,5,49585,Mumbai,2021-02-26,No,1,No
9487,Amit Verma,Female,38,Finance,Financial Analyst,MBA,13,89310,Jaipur,2016-08-16,Yes,5,Yes
9488,Priya Mehta,Female,29,Finance,Accountant,B.Tech,2,61383,Mumbai,2018-01-17,No,3,No
9489,Kiran Roy,Female,27,Operations,Operations Executive,B.Com,3,45595,Kolkata,2023-11-26,No,5,No
9490,Anjali Patel,Male,23,IT,Analyst,Graduate,0,61693,Lucknow,2023-10-03,No,1,Yes
9491,Anjali Sharma,Female,31,Sales,Sales Manager,MBA,1,52370,Noida,2023-02-27,No,5,No
9492,Nisha Yadav,Female,32,Sales,Sales Executive,B.Com,8,66429,Lucknow,2020-05-09,No,3,No
9493,Amit Kumar,Female,44,Finance,Financial Analyst,B.Tech,20,103962,Noida,2016-06-08,Yes,5,No
9494,Rohan Verma,Male,41,Marketing,Marketing Executive,Graduate,20,101262,Noida,2022-04-30,No,3,No
9495,Kiran Joshi,Male,23,Sales,Sales Manager,Graduate,3,48193,Chennai,2020-03-22,No,5,No
9496,Kiran Kumar,Female,41,Marketing,Marketing Executive,B.Tech,15,85715,Lucknow,2016-11-02,Yes,2,No
9497,Neha Mehta,Male,35,HR,Recruiter,B.Tech,6,57100,Delhi,2019-08-04,Yes,5,No
9498,Vikas Kumar,Female,37,Finance,Accountant,MBA,8,72529,Mumbai,2019-03-10,Yes,2,Yes
9499,Arjun Mehta,Female,37,Marketing,SEO Specialist,M.Com,8,67624,Delhi,2015-10-19,Yes,3,No
9500,Neha Verma,Male,36,Operations,Supervisor,M.Com,15,82612,Jaipur,2019-07-13,Yes,2,No
9501,Arjun Gupta,Male,47,Sales,Sales Executive,Graduate,19,92063,Jaipur,2022-11-18,Yes,3,No
9502,Mohit Roy,Male,23,Marketing,Marketing Executive,B.Tech,3,57359,Pune,2016-02-28,No,5,No
9503,Kiran Sharma,Female,36,Sales,Sales Manager,M.Com,15,79020,Mumbai,2019-11-30,Yes,1,No
9504,Pooja Verma,Male,38,Operations,Supervisor,MBA,18,84673,Chennai,2016-02-01,No,2,No
9505,Deepak Sharma,Male,38,Marketing,Marketing Executive,B.Tech,17,94637,Bengaluru,2016-09-02,Yes,4,No
9506,Mohit Kumar,Female,42,HR,Recruiter,MBA,19,82860,Noida,2022-09-16,No,4,No
9507,Neha Patel,Female,40,Sales,Sales Executive,B.Tech,16,86355,Bengaluru,2023-10-17,Yes,2,Yes
9508,Kiran Gupta,Male,30,Finance,Financial Analyst,B.Com,7,68339,Jaipur,2015-09-28,No,4,No
9509,Rohan Kumar,Male,27,Finance,Financial Analyst,M.Com,3,63905,Delhi,2019-05-20,No,5,No
9510,Pooja Mehta,Male,30,Sales,Sales Executive,B.Com,7,66809,Jaipur,2015-01-19,No,2,No
9511,Nisha Singh,Male,37,HR,Recruiter,M.Com,10,65089,Mumbai,2021-03-09,Yes,3,No
9512,Arjun Mehta,Male,46,Marketing,SEO Specialist,Graduate,16,85866,Noida,2016-05-30,No,1,Yes
9513,Priya Roy,Male,37,Finance,Accountant,MBA,9,80952,Delhi,2024-05-18,No,4,No
9514,Amit Kumar,Female,34,IT,QA Engineer,M.Com,11,92933,Kolkata,2022-06-14,Yes,2,No
9515,Arjun Singh,Male,40,Finance,Accountant,B.Tech,10,81820,Jaipur,2021-01-03,Yes,1,Yes
9516,Sneha Verma,Female,40,Marketing,Marketing Executive,Graduate,16,84458,Ahmedabad,2024-01-31,No,5,No
9517,Mohit Mehta,Female,40,Sales,Sales Executive,Graduate,20,90213,Chennai,2024-09-16,No,5,No
9518,Nisha Singh,Female,43,IT,Developer,B.Tech,19,110824,Bengaluru,2023-04-16,No,3,No
9519,Priya Gupta,Female,39,IT,QA Engineer,B.Tech,18,110596,Jaipur,2020-08-05,No,5,No
9520,Deepak Verma,Male,37,Sales,Sales Executive,B.Com,10,70832,Ahmedabad,2023-09-13,No,2,No
9521,Sonia Sharma,Male,32,Marketing,Marketing Executive,B.Com,12,75354,Noida,2022-03-15,Yes,1,Yes
9522,Arjun Verma,Male,37,Operations,Operations Executive,Graduate,13,76664,Chennai,2016-09-05,Yes,2,Yes
9523,Arjun Joshi,Female,46,HR,HR Executive,B.Com,20,94635,Mumbai,2022-02-26,Yes,2,No
9524,Priya Kumar,Male,30,Operations,Supervisor,MBA,2,51917,Noida,2015-04-28,No,1,Yes
9525,Nisha Roy,Male,33,HR,HR Executive,Graduate,4,45800,Pune,2022-09-24,No,3,No
9526,Deepak Gupta,Male,41,Operations,Operations Executive,Graduate,20,95308,Pune,2019-01-29,No,3,Yes
9527,Deepak Patel,Male,37,Sales,Sales Executive,M.Com,12,78397,Delhi,2023-07-16,No,3,No
9528,Amit Mehta,Female,24,Sales,Sales Manager,Graduate,3,48046,Delhi,2022-07-03,No,2,Yes
9529,Mohit Patel,Female,45,Sales,Sales Manager,MBA,20,92018,Ahmedabad,2021-09-03,Yes,2,No
9530,Rohan Gupta,Female,33,Operations,Operations Executive,B.Com,12,67577,Ahmedabad,2021-05-13,Yes,5,No
9531,Rohan Singh,Male,41,Marketing,SEO Specialist,M.Com,20,97406,Chennai,2024-11-09,No,5,No
9532,Vikas Roy,Male,41,HR,HR Executive,Graduate,19,92175,Delhi,2020-06-28,No,1,Yes
9533,Mohit Sharma,Male,43,HR,Recruiter,MBA,14,79194,Chennai,2023-08-03,No,3,Yes
9534,Rohan Verma,Male,42,Marketing,Marketing Executive,M.Com,13,78074,Lucknow,2021-06-27,Yes,4,No
9535,Rahul Patel,Male,27,IT,QA Engineer,M.Com,7,80793,Chennai,2022-10-21,No,3,No
9536,Rahul Verma,Female,36,Finance,Accountant,Graduate,13,88182,Jaipur,2023-03-21,Yes,4,No
9537,Nisha Kumar,Male,29,Marketing,SEO Specialist,Graduate,5,57100,Chennai,2017-10-18,No,5,No
9538,Vikas Gupta,Male,43,IT,Analyst,B.Tech,19,109851,Noida,2017-07-29,Yes,2,Yes
9539,Anjali Sharma,Male,29,Marketing,SEO Specialist,B.Com,3,53021,Jaipur,2021-09-01,No,2,Yes
9540,Sonia Kumar,Female,40,Marketing,Marketing Executive,M.Com,19,91207,Pune,2017-01-06,No,1,No
9541,Arjun Kumar,Male,44,Operations,Supervisor,Graduate,18,90014,Noida,2023-10-27,No,4,No
9542,Amit Singh,Male,41,IT,Analyst,Graduate,13,95988,Chennai,2018-03-01,No,2,No
9543,Kiran Patel,Female,22,Marketing,SEO Specialist,B.Com,2,54669,Delhi,2022-10-29,No,3,Yes
9544,Amit Gupta,Male,46,Marketing,SEO Specialist,B.Com,19,95413,Pune,2020-01-13,No,1,No
9545,Kiran Kumar,Male,43,HR,Recruiter,M.Com,19,84568,Kolkata,2021-03-15,Yes,4,Yes
9546,Priya Joshi,Female,46,Sales,Sales Manager,M.Com,17,82592,Mumbai,2024-03-06,No,1,No
9547,Sonia Sharma,Female,38,IT,Developer,M.Com,17,105230,Kolkata,2021-01-29,No,4,No
9548,Vikas Yadav,Male,46,Marketing,Marketing Executive,M.Com,19,92863,Mumbai,2015-11-25,Yes,4,No
9549,Pooja Mehta,Male,37,Marketing,Marketing Executive,Graduate,14,82832,Noida,2016-06-21,Yes,3,No
9550,Arjun Singh,Male,25,Operations,Operations Executive,M.Com,4,55081,Delhi,2021-08-10,No,5,No
9551,Rohan Roy,Male,33,IT,Developer,B.Com,10,87586,Mumbai,2018-12-05,Yes,3,No
9552,Arjun Roy,Male,37,Operations,Supervisor,Graduate,12,67908,Pune,2016-08-31,No,4,No
9553,Rahul Joshi,Male,43,Sales,Sales Manager,Graduate,15,80459,Noida,2024-05-18,Yes,4,No
9554,Pooja Patel,Male,41,HR,Recruiter,Graduate,13,74425,Jaipur,2021-11-11,No,4,No
9555,Kiran Kumar,Male,25,Marketing,SEO Specialist,M.Com,1,45866,Mumbai,2022-11-24,No,3,Yes
9556,Deepak Patel,Male,38,Marketing,SEO Specialist,Graduate,12,77089,Pune,2015-05-09,No,3,No
9557,Priya Gupta,Male,42,HR,Recruiter,MBA,18,81743,Bengaluru,2017-11-30,No,4,No
9558,Anjali Verma,Male,34,Finance,Financial Analyst,Graduate,14,94014,Mumbai,2018-01-30,Yes,3,No
9559,Sonia Mehta,Female,41,Sales,Sales Manager,MBA,12,78934,Noida,2020-04-07,No,1,Yes
9560,Priya Gupta,Male,28,Marketing,SEO Specialist,MBA,4,59805,Mumbai,2020-02-16,No,4,Yes
9561,Vikas Roy,Female,38,HR,Recruiter,M.Com,17,79671,Jaipur,2020-02-10,Yes,4,No
9562,Rohan Kumar,Male,24,Marketing,Marketing Executive,B.Com,2,48759,Kolkata,2018-09-11,No,1,Yes
9563,Sneha Patel,Male,42,IT,Analyst,B.Com,12,99791,Ahmedabad,2024-08-26,No,4,No
9564,Pooja Kumar,Female,37,IT,Analyst,B.Com,16,103155,Delhi,2019-10-03,Yes,4,No
9565,Rahul Verma,Female,34,Operations,Operations Executive,M.Com,10,63189,Pune,2018-03-03,No,2,No
9566,Rahul Sharma,Male,38,Finance,Financial Analyst,M.Com,18,100615,Bengaluru,2018-01-18,Yes,1,Yes
9567,Priya Kumar,Female,36,Finance,Accountant,M.Com,7,72900,Delhi,2022-01-28,Yes,2,No
9568,Neha Singh,Female,36,IT,Developer,MBA,16,108481,Mumbai,2022-03-09,No,1,Yes
9569,Sonia Singh,Male,32,Finance,Accountant,B.Com,8,79918,Ahmedabad,2018-06-03,Yes,4,No
9570,Priya Gupta,Female,31,Marketing,SEO Specialist,B.Tech,1,46597,Delhi,2024-09-22,No,3,No
9571,Amit Singh,Male,41,HR,HR Executive,B.Com,20,87179,Kolkata,2023-11-25,No,2,Yes
9572,Amit Sharma,Male,30,Marketing,SEO Specialist,B.Tech,1,47840,Delhi,2024-08-22,No,5,No
9573,Vikas Kumar,Female,37,Marketing,SEO Specialist,Graduate,11,71995,Pune,2019-02-15,No,5,No
9574,Vikas Kumar,Male,25,IT,Developer,M.Com,4,77124,Pune,2015-02-27,No,5,No
9575,Sonia Yadav,Female,21,Operations,Operations Executive,B.Tech,0,39615,Pune,2017-08-22,No,4,Yes
9576,Rohan Singh,Male,32,Marketing,Marketing Executive,MBA,8,66608,Jaipur,2023-05-24,No,4,No
9577,Kiran Joshi,Female,23,Marketing,SEO Specialist,Graduate,0,47063,Delhi,2023-06-26,No,1,No
9578,Mohit Mehta,Female,36,Marketing,Marketing Executive,Graduate,14,81921,Bengaluru,2016-03-03,No,2,No
9579,Pooja Mehta,Male,24,IT,Developer,M.Com,2,67477,Bengaluru,2020-08-16,No,2,No
9580,Arjun Mehta,Female,29,Operations,Supervisor,MBA,4,55577,Chennai,2018-02-22,No,2,Yes
9581,Nisha Singh,Male,43,Operations,Operations Executive,MBA,16,84707,Lucknow,2015-09-13,Yes,1,Yes
9582,Deepak Gupta,Male,37,Finance,Accountant,M.Com,15,88924,Lucknow,2017-07-15,Yes,3,No
9583,Anjali Kumar,Female,29,Finance,Financial Analyst,M.Com,2,56340,Delhi,2024-10-26,No,2,No
9584,Sonia Mehta,Female,24,Sales,Sales Executive,B.Com,2,50275,Chennai,2017-12-18,No,4,No
9585,Amit Mehta,Male,38,IT,Developer,B.Tech,11,90196,Noida,2024-01-23,Yes,3,No
9586,Arjun Verma,Male,34,IT,Analyst,B.Tech,6,76026,Pune,2019-10-10,Yes,5,No
9587,Priya Patel,Male,40,Operations,Operations Executive,B.Tech,16,84945,Mumbai,2019-04-26,Yes,4,No
9588,Rahul Gupta,Male,45,Marketing,SEO Specialist,M.Com,19,97452,Pune,2018-10-15,Yes,1,Yes
9589,Sonia Yadav,Male,28,Marketing,SEO Specialist,MBA,4,53332,Kolkata,2022-10-26,No,4,No
9590,Nisha Gupta,Male,46,Marketing,Marketing Executive,Graduate,18,96875,Jaipur,2018-08-29,No,3,No
9591,Amit Patel,Male,29,Operations,Operations Executive,B.Com,6,59980,Lucknow,2020-02-10,No,1,Yes
9592,Kiran Yadav,Male,44,Sales,Sales Executive,B.Com,15,86593,Mumbai,2023-11-11,No,4,No
9593,Pooja Mehta,Female,28,IT,QA Engineer,M.Com,0,68734,Noida,2019-02-09,No,1,No
9594,Rohan Yadav,Female,26,Sales,Sales Manager,M.Com,5,55253,Delhi,2024-01-22,No,2,No
9595,Kiran Verma,Female,39,Sales,Sales Manager,M.Com,11,77266,Kolkata,2021-02-12,No,3,No
9596,Pooja Roy,Female,40,Operations,Operations Executive,B.Tech,16,84444,Bengaluru,2016-04-01,No,1,Yes
9597,Priya Gupta,Male,31,HR,Recruiter,M.Com,7,58244,Lucknow,2022-04-03,No,2,Yes
9598,Sonia Gupta,Female,30,Finance,Financial Analyst,B.Com,4,63053,Jaipur,2016-11-29,No,3,No
9599,Amit Patel,Male,36,IT,Analyst,B.Com,10,85730,Kolkata,2019-12-14,No,5,No
9600,Anjali Yadav,Male,45,Operations,Supervisor,B.Tech,16,80263,Pune,2024-06-11,No,3,No
9601,Kiran Mehta,Female,39,IT,QA Engineer,B.Com,19,115203,Ahmedabad,2024-11-07,Yes,4,No
9602,Anjali Mehta,Female,37,Finance,Accountant,B.Tech,8,79202,Bengaluru,2015-08-23,No,3,No
9603,Rohan Mehta,Male,38,Finance,Financial Analyst,B.Com,8,79566,Noida,2021-09-02,No,3,No
9604,Deepak Singh,Female,34,HR,HR Executive,B.Com,13,73133,Kolkata,2019-04-30,No,2,No
9605,Deepak Mehta,Female,31,HR,HR Executive,B.Tech,1,44692,Noida,2023-12-18,No,5,Yes
9606,Vikas Yadav,Female,42,Finance,Accountant,B.Com,18,101151,Lucknow,2017-01-10,No,3,No
9607,Anjali Sharma,Male,26,IT,QA Engineer,M.Com,6,80978,Mumbai,2017-08-17,No,2,No
9608,Sonia Singh,Female,35,Sales,Sales Manager,B.Com,9,69004,Chennai,2020-10-07,Yes,2,Yes
9609,Pooja Roy,Female,30,IT,Analyst,MBA,10,92796,Pune,2023-06-06,Yes,1,Yes
9610,Kiran Roy,Male,43,Sales,Sales Executive,M.Com,14,81291,Ahmedabad,2021-10-03,Yes,3,No
9611,Rohan Kumar,Male,47,Sales,Sales Executive,Graduate,20,94599,Noida,2015-01-15,No,1,No
9612,Vikas Patel,Male,44,Marketing,Marketing Executive,M.Com,14,78514,Pune,2016-08-05,No,2,Yes
9613,Vikas Roy,Female,36,Marketing,Marketing Executive,MBA,13,82445,Noida,2015-06-17,No,1,No
9614,Anjali Roy,Male,26,HR,Recruiter,Graduate,1,39455,Pune,2022-06-22,No,1,Yes
9615,Arjun Gupta,Male,39,Marketing,SEO Specialist,B.Tech,12,75348,Lucknow,2022-05-01,No,5,No
9616,Kiran Gupta,Female,24,Marketing,Marketing Executive,B.Tech,2,56318,Jaipur,2022-07-14,No,3,No
9617,Neha Singh,Female,34,IT,Developer,M.Com,11,87577,Pune,2021-04-14,Yes,4,No
9618,Kiran Singh,Male,31,Operations,Supervisor,Graduate,9,69214,Pune,2018-03-26,Yes,3,No
9619,Mohit Kumar,Female,34,Marketing,SEO Specialist,B.Com,6,64403,Mumbai,2022-07-17,No,2,No
9620,Arjun Mehta,Male,38,Marketing,Marketing Executive,MBA,16,91554,Pune,2019-10-25,No,1,Yes
9621,Kiran Sharma,Male,42,IT,Analyst,B.Com,18,106866,Lucknow,2024-05-17,No,5,No
9622,Neha Joshi,Male,37,HR,HR Executive,B.Tech,16,80371,Delhi,2018-01-15,Yes,4,No
9623,Pooja Yadav,Male,39,Finance,Financial Analyst,B.Com,16,91919,Ahmedabad,2023-02-08,Yes,2,Yes
9624,Mohit Yadav,Female,33,Operations,Operations Executive,B.Com,4,50437,Kolkata,2016-05-23,No,4,No
9625,Rahul Verma,Male,44,Operations,Operations Executive,B.Tech,16,79090,Noida,2018-12-19,No,2,No
9626,Nisha Yadav,Female,35,Operations,Operations Executive,M.Com,5,55596,Jaipur,2017-11-03,No,4,No
9627,Arjun Verma,Female,40,HR,Recruiter,Graduate,16,75727,Noida,2021-01-15,Yes,4,No
9628,Anjali Sharma,Male,29,Finance,Accountant,B.Com,2,59195,Ahmedabad,2022-10-04,No,1,Yes
9629,Nisha Singh,Female,23,Marketing,SEO Specialist,MBA,0,46000,Kolkata,2023-09-14,No,3,Yes
9630,Pooja Singh,Male,35,IT,Analyst,M.Com,8,85542,Ahmedabad,2024-12-08,Yes,3,No
9631,Anjali Kumar,Male,33,IT,Developer,MBA,13,101334,Kolkata,2019-05-16,Yes,5,No
9632,Arjun Joshi,Male,34,Marketing,Marketing Executive,Graduate,14,86926,Bengaluru,2023-02-16,Yes,5,No
9633,Amit Joshi,Male,31,Marketing,Marketing Executive,MBA,1,46246,Jaipur,2020-01-14,No,1,No
9634,Arjun Singh,Male,47,Operations,Operations Executive,MBA,20,93527,Noida,2016-11-08,Yes,1,No
9635,Anjali Patel,Female,35,Marketing,Marketing Executive,MBA,6,67140,Pune,2017-09-18,No,1,Yes
9636,Nisha Joshi,Male,40,HR,HR Executive,B.Com,10,68141,Ahmedabad,2015-01-13,Yes,4,Yes
9637,Priya Sharma,Female,42,Operations,Supervisor,Graduate,20,88155,Kolkata,2016-01-16,Yes,2,No
9638,Vikas Joshi,Female,26,Finance,Accountant,B.Tech,6,74756,Bengaluru,2018-07-15,Yes,2,Yes
9639,Sonia Singh,Male,42,HR,HR Executive,B.Com,14,78816,Pune,2022-10-21,No,3,No
9640,Arjun Sharma,Female,46,HR,HR Executive,MBA,18,82175,Pune,2018-10-20,Yes,4,No
9641,Arjun Joshi,Female,29,Finance,Accountant,B.Tech,3,63957,Kolkata,2017-10-19,No,1,Yes
9642,Rahul Verma,Male,34,Marketing,SEO Specialist,Graduate,13,81040,Lucknow,2017-03-27,No,4,No
9643,Neha Yadav,Female,40,Finance,Accountant,Graduate,15,87609,Ahmedabad,2024-04-21,No,1,Yes
9644,Arjun Sharma,Female,24,Finance,Accountant,B.Tech,2,58252,Bengaluru,2019-12-05,No,2,Yes
9645,Arjun Singh,Male,45,Marketing,SEO Specialist,B.Tech,15,83844,Chennai,2020-04-23,Yes,4,No
9646,Amit Mehta,Male,31,HR,HR Executive,M.Com,1,42779,Ahmedabad,2016-02-11,No,2,No
9647,Nisha Singh,Female,24,Finance,Financial Analyst,M.Com,4,68245,Mumbai,2016-10-31,No,1,No
9648,Arjun Verma,Female,45,Operations,Operations Executive,B.Tech,19,93908,Chennai,2021-04-28,Yes,1,Yes
9649,Priya Singh,Male,26,IT,Analyst,M.Com,6,81460,Noida,2020-01-30,Yes,4,No
9650,Priya Joshi,Male,46,Operations,Operations Executive,M.Com,18,90959,Mumbai,2024-02-28,Yes,3,No
9651,Rahul Yadav,Female,40,Marketing,SEO Specialist,B.Com,19,99003,Mumbai,2023-01-02,No,2,No
9652,Neha Yadav,Female,41,Operations,Operations Executive,M.Com,11,68628,Jaipur,2016-06-29,No,3,No
9653,Arjun Singh,Female,43,IT,QA Engineer,B.Tech,16,103012,Kolkata,2018-01-08,No,2,No
9654,Deepak Singh,Female,29,HR,Recruiter,B.Com,7,59591,Pune,2017-10-24,Yes,4,No
9655,Nisha Kumar,Female,47,Finance,Financial Analyst,B.Com,17,102164,Ahmedabad,2021-10-01,Yes,2,Yes
9656,Amit Verma,Male,43,HR,HR Executive,M.Com,20,87840,Pune,2017-08-12,Yes,1,No
9657,Neha Yadav,Male,33,Operations,Operations Executive,M.Com,7,55959,Pune,2018-06-20,Yes,5,Yes
9658,Mohit Gupta,Male,46,IT,Developer,B.Com,18,113730,Ahmedabad,2016-02-17,Yes,2,Yes
9659,Anjali Roy,Male,42,Finance,Financial Analyst,Graduate,12,83854,Noida,2023-09-23,Yes,5,No
9660,Pooja Sharma,Female,31,IT,Analyst,Graduate,5,81285,Bengaluru,2015-11-20,No,3,No
9661,Vikas Singh,Male,43,Finance,Accountant,B.Tech,14,89018,Noida,2019-02-26,No,2,No
9662,Mohit Kumar,Male,45,Operations,Supervisor,B.Tech,20,88522,Noida,2020-02-21,No,2,Yes
9663,Priya Joshi,Male,42,Sales,Sales Manager,Graduate,12,79324,Pune,2022-06-28,No,1,No
9664,Arjun Singh,Female,30,IT,QA Engineer,Graduate,3,70450,Mumbai,2021-11-12,No,3,No
9665,Mohit Patel,Female,34,Operations,Supervisor,Graduate,4,50538,Delhi,2023-12-15,No,2,Yes
9666,Rohan Joshi,Female,24,Finance,Accountant,M.Com,1,52525,Chennai,2020-10-02,No,1,No
9667,Sonia Yadav,Female,30,IT,Developer,B.Com,8,88614,Noida,2020-08-10,No,5,No
9668,Vikas Gupta,Female,46,Operations,Operations Executive,B.Com,17,83885,Noida,2016-07-17,Yes,3,No
9669,Rahul Yadav,Female,26,Marketing,SEO Specialist,B.Com,6,64092,Chennai,2017-11-23,Yes,4,No
9670,Mohit Singh,Female,32,HR,HR Executive,MBA,8,57767,Pune,2021-04-19,No,2,No
9671,Nisha Yadav,Male,35,HR,Recruiter,B.Tech,14,78459,Bengaluru,2023-05-22,No,1,Yes
9672,Amit Verma,Female,33,Finance,Financial Analyst,MBA,10,78689,Noida,2015-10-22,No,5,No
9673,Anjali Roy,Male,30,HR,Recruiter,Graduate,5,49535,Mumbai,2018-07-27,No,1,No
9674,Pooja Gupta,Female,41,Sales,Sales Executive,B.Tech,19,88021,Noida,2018-06-09,No,5,No
9675,Kiran Sharma,Female,22,Marketing,Marketing Executive,M.Com,2,56062,Kolkata,2017-10-13,No,3,No
9676,Anjali Verma,Male,25,IT,QA Engineer,Graduate,4,79447,Pune,2015-03-28,No,5,No
9677,Nisha Verma,Male,47,IT,QA Engineer,MBA,17,106322,Mumbai,2020-06-23,Yes,4,No
9678,Amit Mehta,Male,40,IT,QA Engineer,Graduate,10,88472,Bengaluru,2015-10-10,No,1,Yes
9679,Vikas Patel,Male,39,Operations,Operations Executive,M.Com,11,67068,Ahmedabad,2024-05-09,No,2,No
9680,Sonia Roy,Male,40,IT,Developer,MBA,11,92056,Mumbai,2016-02-22,Yes,4,No
9681,Anjali Yadav,Male,41,Marketing,SEO Specialist,Graduate,11,78107,Jaipur,2015-04-20,Yes,2,No
9682,Anjali Kumar,Male,38,Marketing,SEO Specialist,B.Tech,10,69013,Lucknow,2024-01-28,No,5,No
9683,Priya Verma,Male,30,Sales,Sales Executive,B.Com,2,53449,Mumbai,2017-04-21,No,1,Yes
9684,Amit Gupta,Male,32,Marketing,SEO Specialist,B.Tech,2,49268,Bengaluru,2020-01-12,No,4,Yes
9685,Rohan Kumar,Female,43,HR,HR Executive,MBA,20,94536,Chennai,2023-12-30,Yes,5,No
9686,Rahul Roy,Male,31,Finance,Accountant,M.Com,9,76620,Pune,2020-11-09,No,3,No
9687,Rahul Kumar,Male,29,Sales,Sales Executive,MBA,6,57884,Chennai,2023-06-15,No,4,No
9688,Pooja Singh,Female,43,HR,Recruiter,B.Com,16,81245,Mumbai,2022-07-28,Yes,4,No
9689,Rahul Patel,Female,37,IT,Analyst,B.Tech,17,105972,Ahmedabad,2018-12-29,No,3,No
9690,Kiran Roy,Male,29,Sales,Sales Manager,B.Tech,0,47128,Jaipur,2019-04-16,No,1,Yes
9691,Neha Sharma,Female,31,Sales,Sales Manager,MBA,7,63858,Bengaluru,2016-10-07,Yes,5,No
9692,Amit Sharma,Female,41,Operations,Supervisor,MBA,13,73740,Ahmedabad,2021-03-30,No,3,No
9693,Amit Mehta,Female,48,Sales,Sales Executive,B.Tech,19,96612,Delhi,2023-06-06,No,4,No
9694,Kiran Kumar,Female,31,Sales,Sales Executive,MBA,11,74142,Jaipur,2016-11-30,Yes,4,No
9695,Anjali Yadav,Female,35,Finance,Accountant,B.Com,14,89325,Lucknow,2019-10-17,Yes,5,No
9696,Sonia Patel,Male,42,Finance,Accountant,M.Com,15,90753,Bengaluru,2022-05-25,No,5,No
9697,Arjun Kumar,Male,36,IT,QA Engineer,B.Tech,15,104212,Bengaluru,2015-10-22,No,3,No
9698,Mohit Verma,Female,39,IT,Developer,M.Com,17,109891,Bengaluru,2021-11-07,No,5,No
9699,Neha Patel,Male,32,Marketing,Marketing Executive,Graduate,5,61691,Mumbai,2024-10-25,No,5,No
9700,Vikas Gupta,Female,40,IT,Developer,B.Com,10,85056,Lucknow,2021-09-05,No,4,No
9701,Pooja Patel,Male,39,HR,HR Executive,M.Com,13,70703,Delhi,2017-11-26,Yes,3,No
9702,Kiran Yadav,Female,33,Sales,Sales Executive,Graduate,5,60610,Mumbai,2024-01-14,No,2,No
9703,Priya Mehta,Female,50,Sales,Sales Executive,MBA,20,93371,Mumbai,2015-10-05,No,2,Yes
9704,Amit Verma,Male,43,IT,QA Engineer,Graduate,15,104037,Chennai,2017-07-17,No,5,No
9705,Vikas Roy,Female,22,HR,Recruiter,Graduate,0,41968,Jaipur,2015-09-26,No,3,No
9706,Rahul Yadav,Female,35,Operations,Supervisor,Graduate,8,59427,Delhi,2017-08-25,Yes,5,No
9707,Rahul Gupta,Female,43,Marketing,SEO Specialist,MBA,16,84337,Jaipur,2020-04-05,No,4,No
9708,Kiran Sharma,Male,46,IT,QA Engineer,B.Com,16,100178,Jaipur,2016-01-09,Yes,2,Yes
9709,Sonia Roy,Female,27,Finance,Accountant,Graduate,5,72190,Pune,2022-07-06,No,1,Yes
9710,Rohan Kumar,Female,32,Finance,Financial Analyst,B.Tech,7,70066,Chennai,2023-10-09,No,4,No
9711,Sneha Verma,Female,38,IT,QA Engineer,MBA,18,112223,Lucknow,2024-12-21,No,1,No
9712,Mohit Patel,Male,36,Finance,Financial Analyst,Graduate,6,71230,Jaipur,2024-10-05,No,1,Yes
9713,Arjun Mehta,Male,33,Marketing,SEO Specialist,B.Com,9,68895,Lucknow,2022-09-15,No,3,No
9714,Amit Singh,Male,35,HR,Recruiter,B.Com,5,57401,Lucknow,2018-12-15,No,5,Yes
9715,Nisha Yadav,Female,41,Marketing,Marketing Executive,B.Tech,19,99551,Chennai,2015-08-29,No,5,No
9716,Nisha Yadav,Female,36,Marketing,Marketing Executive,M.Com,6,62730,Mumbai,2019-06-23,No,5,No
9717,Anjali Yadav,Male,35,Sales,Sales Manager,B.Tech,7,58283,Delhi,2015-05-22,No,3,No
9718,Rohan Mehta,Male,39,Finance,Accountant,Graduate,16,94992,Pune,2023-05-19,Yes,2,Yes
9719,Deepak Patel,Female,25,Finance,Accountant,Graduate,3,62973,Pune,2018-03-18,No,5,No
9720,Deepak Sharma,Male,30,Finance,Financial Analyst,MBA,8,70985,Kolkata,2016-06-27,No,2,No
9721,Pooja Singh,Male,35,IT,Developer,M.Com,5,73999,Lucknow,2017-09-29,No,2,Yes
9722,Kiran Gupta,Male,43,IT,QA Engineer,B.Com,15,104002,Jaipur,2022-08-21,No,2,No
9723,Kiran Sharma,Female,40,Marketing,Marketing Executive,Graduate,11,74615,Pune,2016-10-14,No,2,No
9724,Kiran Verma,Male,39,Operations,Operations Executive,Graduate,10,63357,Ahmedabad,2023-04-30,No,2,No
9725,Kiran Singh,Female,35,Marketing,Marketing Executive,MBA,9,72659,Mumbai,2016-02-21,Yes,5,No
9726,Neha Verma,Female,34,Finance,Financial Analyst,MBA,6,74138,Noida,2020-04-14,No,2,No
9727,Rohan Mehta,Male,42,Operations,Supervisor,B.Com,15,74621,Bengaluru,2018-06-02,Yes,4,No
9728,Rohan Sharma,Female,25,Sales,Sales Executive,M.Com,4,51145,Mumbai,2017-04-20,No,2,No
9729,Pooja Sharma,Male,32,Operations,Supervisor,Graduate,2,50156,Ahmedabad,2020-11-19,No,3,No
9730,Priya Mehta,Female,25,Finance,Financial Analyst,M.Com,1,58315,Pune,2016-04-04,No,4,No
9731,Rohan Gupta,Male,49,HR,HR Executive,B.Com,19,89232,Mumbai,2015-03-08,No,5,No
9732,Kiran Gupta,Male,33,Operations,Operations Executive,MBA,6,60876,Lucknow,2019-03-27,No,2,No
9733,Priya Sharma,Female,38,Finance,Accountant,Graduate,10,84269,Chennai,2016-04-27,No,5,No
9734,Amit Verma,Male,25,Operations,Supervisor,B.Com,2,46947,Noida,2024-10-14,No,4,No
9735,Sneha Singh,Male,34,Sales,Sales Executive,B.Com,10,67415,Pune,2019-06-09,Yes,4,Yes
9736,Anjali Patel,Female,32,IT,Analyst,B.Tech,2,65772,Chennai,2024-07-28,No,3,No
9737,Neha Patel,Female,27,HR,HR Executive,B.Com,6,56848,Mumbai,2022-05-31,No,2,No
9738,Anjali Patel,Female,46,Sales,Sales Manager,M.Com,17,90960,Pune,2017-12-06,No,3,No
9739,Pooja Joshi,Female,36,Marketing,Marketing Executive,B.Com,16,85999,Ahmedabad,2021-01-24,Yes,3,No
9740,Rahul Sharma,Female,36,Finance,Financial Analyst,B.Com,11,82693,Delhi,2021-10-17,No,4,No
9741,Rohan Sharma,Female,29,Marketing,SEO Specialist,M.Com,0,49068,Lucknow,2018-04-05,No,5,No
9742,Kiran Singh,Male,32,Sales,Sales Executive,Graduate,11,75581,Delhi,2016-07-16,No,1,No
9743,Sonia Sharma,Female,38,Finance,Accountant,MBA,17,98478,Jaipur,2024-02-15,No,2,Yes
9744,Priya Patel,Male,46,Operations,Operations Executive,MBA,16,82797,Jaipur,2020-04-14,Yes,3,Yes
9745,Rohan Sharma,Male,25,Operations,Supervisor,M.Com,4,56199,Kolkata,2021-08-22,No,1,No
9746,Rohan Gupta,Female,40,Finance,Financial Analyst,B.Tech,10,78471,Chennai,2024-08-25,No,5,No
9747,Anjali Kumar,Female,40,Operations,Supervisor,MBA,13,71329,Mumbai,2019-07-19,No,4,Yes
9748,Rahul Verma,Male,25,Operations,Operations Executive,M.Com,2,44047,Lucknow,2024-05-10,No,3,No
9749,Amit Mehta,Female,37,HR,Recruiter,B.Tech,8,56842,Pune,2015-07-30,Yes,4,No
9750,Rahul Kumar,Male,38,IT,Analyst,B.Com,13,101782,Delhi,2018-05-29,No,5,No
9751,Amit Patel,Female,43,HR,HR Executive,B.Com,14,73433,Delhi,2018-05-11,No,4,No
9752,Vikas Patel,Female,36,Finance,Financial Analyst,MBA,7,69757,Noida,2024-01-21,No,5,No
9753,Kiran Mehta,Female,48,IT,Analyst,B.Com,19,116723,Delhi,2015-08-11,No,3,No
9754,Neha Patel,Male,45,IT,Developer,Graduate,19,113444,Delhi,2015-11-27,No,5,No
9755,Kiran Verma,Male,39,IT,QA Engineer,Graduate,16,100743,Mumbai,2019-08-17,No,4,No
9756,Sonia Patel,Male,39,Finance,Accountant,B.Tech,14,93794,Noida,2020-11-02,No,3,No
9757,Sneha Patel,Female,42,IT,Analyst,B.Tech,13,101902,Pune,2022-05-20,No,5,No
9758,Rahul Roy,Female,35,Finance,Financial Analyst,B.Com,7,68955,Lucknow,2022-01-06,Yes,4,No
9759,Deepak Patel,Female,31,Operations,Supervisor,B.Tech,10,66864,Kolkata,2023-03-31,Yes,4,No
9760,Deepak Gupta,Male,42,HR,HR Executive,M.Com,16,83963,Bengaluru,2016-03-26,No,2,Yes
9761,Priya Joshi,Male,40,IT,Analyst,B.Tech,11,89188,Kolkata,2018-04-01,No,3,No
9762,Vikas Joshi,Male,28,Operations,Operations Executive,B.Com,0,45189,Bengaluru,2022-10-08,No,4,No
9763,Mohit Roy,Female,34,IT,Analyst,MBA,9,83938,Chennai,2021-05-19,No,4,No
9764,Sonia Kumar,Female,45,HR,Recruiter,M.Com,17,82330,Mumbai,2019-04-24,Yes,3,No
9765,Pooja Kumar,Female,36,Marketing,SEO Specialist,B.Com,12,73351,Noida,2017-08-23,Yes,5,No
9766,Rahul Patel,Male,26,IT,Analyst,MBA,4,74195,Jaipur,2021-04-12,No,1,Yes
9767,Anjali Patel,Female,34,Sales,Sales Manager,M.Com,12,78644,Lucknow,2019-10-22,No,3,Yes
9768,Mohit Mehta,Female,40,Marketing,SEO Specialist,Graduate,11,73940,Pune,2021-10-09,No,1,Yes
9769,Priya Verma,Male,24,Marketing,SEO Specialist,B.Tech,3,52133,Lucknow,2021-09-27,No,5,No
9770,Amit Singh,Male,29,Operations,Supervisor,M.Com,1,41305,Mumbai,2016-04-26,No,3,No
9771,Vikas Gupta,Male,28,Sales,Sales Executive,B.Tech,1,46191,Jaipur,2022-12-15,No,5,No
9772,Pooja Kumar,Female,34,IT,Developer,B.Tech,6,83176,Chennai,2017-04-15,Yes,1,No
9773,Neha Mehta,Male,36,Operations,Supervisor,Graduate,9,61973,Lucknow,2019-02-06,No,5,No
9774,Mohit Sharma,Male,35,IT,QA Engineer,MBA,11,93492,Ahmedabad,2016-12-23,Yes,2,Yes
9775,Rahul Gupta,Female,26,Sales,Sales Manager,MBA,2,46584,Chennai,2020-12-11,No,1,Yes
9776,Sonia Yadav,Male,38,HR,Recruiter,M.Com,14,73898,Mumbai,2023-12-19,No,2,No
9777,Neha Gupta,Male,32,IT,QA Engineer,Graduate,3,70800,Bengaluru,2023-05-20,No,5,No
9778,Kiran Joshi,Female,25,HR,HR Executive,Graduate,4,50561,Bengaluru,2023-11-30,No,1,Yes
9779,Nisha Kumar,Male,32,Marketing,SEO Specialist,M.Com,11,73571,Chennai,2023-11-22,No,5,No
9780,Sneha Joshi,Male,41,Operations,Operations Executive,B.Com,20,96488,Mumbai,2017-11-18,No,5,No
9781,Anjali Singh,Male,35,Finance,Financial Analyst,M.Com,10,75727,Ahmedabad,2020-10-18,No,5,No
9782,Rohan Patel,Female,45,HR,HR Executive,Graduate,15,74875,Mumbai,2023-02-13,No,4,No
9783,Sneha Mehta,Female,28,Operations,Supervisor,Graduate,2,43033,Jaipur,2019-11-10,No,1,Yes
9784,Neha Sharma,Female,44,Marketing,SEO Specialist,B.Com,20,95550,Ahmedabad,2017-07-10,No,2,Yes
9785,Rahul Patel,Female,44,HR,Recruiter,MBA,16,76275,Ahmedabad,2023-09-14,No,2,Yes
9786,Rahul Mehta,Female,34,Operations,Operations Executive,Graduate,13,69782,Kolkata,2024-07-16,No,4,No
9787,Kiran Kumar,Female,35,Marketing,Marketing Executive,MBA,6,61180,Pune,2018-04-18,No,3,No
9788,Rahul Kumar,Male,32,Sales,Sales Manager,M.Com,6,59298,Bengaluru,2022-12-01,No,2,No
9789,Rohan Sharma,Female,32,Marketing,SEO Specialist,Graduate,6,66696,Mumbai,2022-09-23,No,3,No
9790,Sonia Gupta,Female,33,Marketing,SEO Specialist,B.Tech,8,64877,Mumbai,2020-03-29,No,1,Yes
9791,Rahul Kumar,Male,32,Operations,Operations Executive,Graduate,11,69908,Ahmedabad,2020-11-19,Yes,4,No
9792,Rohan Yadav,Male,32,IT,Developer,M.Com,6,83147,Noida,2016-12-25,Yes,2,No
9793,Neha Roy,Female,24,Marketing,Marketing Executive,M.Com,3,50508,Delhi,2024-11-06,No,1,No
9794,Kiran Mehta,Male,44,Finance,Financial Analyst,M.Com,19,101262,Ahmedabad,2015-03-30,No,4,No
9795,Nisha Roy,Female,45,Marketing,SEO Specialist,MBA,15,87105,Chennai,2018-09-21,Yes,4,No
9796,Kiran Gupta,Male,31,Sales,Sales Executive,MBA,4,54740,Bengaluru,2019-04-30,No,3,Yes
9797,Anjali Sharma,Male,41,IT,QA Engineer,MBA,17,107746,Chennai,2019-04-25,No,4,No
9798,Anjali Joshi,Female,36,Sales,Sales Executive,B.Com,8,63242,Mumbai,2017-04-21,No,2,No
9799,Vikas Kumar,Female,24,HR,Recruiter,M.Com,2,47225,Delhi,2016-05-01,No,2,No
9800,Mohit Singh,Male,37,IT,Analyst,M.Com,17,107483,Kolkata,2019-07-09,Yes,2,Yes
9801,Mohit Joshi,Male,35,HR,HR Executive,M.Com,15,75877,Kolkata,2024-02-25,Yes,1,Yes
9802,Nisha Yadav,Female,45,Finance,Accountant,B.Com,15,93723,Mumbai,2016-05-28,No,4,No
9803,Priya Joshi,Male,45,Operations,Supervisor,B.Com,16,79188,Mumbai,2019-05-31,No,2,Yes
9804,Arjun Roy,Male,40,Sales,Sales Executive,B.Tech,17,91951,Kolkata,2015-07-12,No,1,No
9805,Rohan Sharma,Male,39,Marketing,SEO Specialist,M.Com,9,72282,Kolkata,2024-01-23,Yes,4,Yes
9806,Nisha Gupta,Female,32,Finance,Financial Analyst,M.Com,12,84175,Pune,2015-01-23,Yes,4,No
9807,Nisha Gupta,Female,44,Operations,Operations Executive,Graduate,18,82220,Bengaluru,2016-10-01,No,5,No
9808,Nisha Singh,Female,42,IT,Developer,B.Com,14,101004,Ahmedabad,2023-03-16,Yes,1,No
9809,Sneha Verma,Male,40,IT,QA Engineer,MBA,16,101312,Bengaluru,2020-08-22,Yes,4,No
9810,Neha Joshi,Female,36,IT,Analyst,B.Com,16,100842,Jaipur,2018-11-16,Yes,3,No
9811,Deepak Verma,Male,40,HR,HR Executive,B.Tech,14,77355,Jaipur,2022-01-18,Yes,1,Yes
9812,Rohan Gupta,Female,37,Finance,Financial Analyst,B.Com,12,88311,Ahmedabad,2020-08-13,No,1,No
9813,Rahul Patel,Male,41,Operations,Supervisor,B.Com,19,89910,Kolkata,2024-05-28,Yes,2,No
9814,Anjali Mehta,Male,37,Finance,Accountant,Graduate,8,75903,Bengaluru,2022-01-06,Yes,5,No
9815,Sneha Sharma,Male,24,HR,Recruiter,B.Com,3,48143,Jaipur,2019-04-04,No,1,No
9816,Sneha Gupta,Female,44,Operations,Supervisor,Graduate,17,88008,Lucknow,2017-06-27,No,4,No
9817,Amit Roy,Female,30,Marketing,Marketing Executive,M.Com,7,70396,Kolkata,2020-02-10,Yes,2,Yes
9818,Rohan Yadav,Male,43,IT,QA Engineer,B.Com,19,107918,Noida,2024-06-10,No,2,Yes
9819,Sonia Joshi,Male,31,Finance,Financial Analyst,M.Com,4,63711,Noida,2016-10-14,No,1,No
9820,Pooja Patel,Male,33,Sales,Sales Executive,Graduate,11,74769,Mumbai,2023-12-23,Yes,2,Yes
9821,Sonia Kumar,Female,36,IT,Analyst,Graduate,13,96635,Jaipur,2018-03-19,Yes,5,No
9822,Priya Joshi,Male,38,IT,Developer,MBA,8,84021,Chennai,2017-08-25,No,2,Yes
9823,Vikas Kumar,Male,41,Finance,Accountant,M.Com,11,78997,Chennai,2017-07-13,No,3,No
9824,Arjun Verma,Male,41,Sales,Sales Manager,B.Com,16,85219,Mumbai,2024-02-13,No,4,No
9825,Deepak Verma,Female,33,Finance,Financial Analyst,M.Com,8,72895,Pune,2018-10-21,No,3,No
9826,Neha Gupta,Female,44,Operations,Operations Executive,M.Com,15,79818,Delhi,2021-12-24,No,2,Yes
9827,Mohit Patel,Female,46,Operations,Supervisor,M.Com,18,84773,Ahmedabad,2017-03-08,No,2,Yes
9828,Mohit Kumar,Female,38,Operations,Supervisor,B.Tech,11,71147,Noida,2019-07-26,No,1,No
9829,Amit Joshi,Female,30,Sales,Sales Executive,B.Com,0,45837,Ahmedabad,2017-10-09,No,5,No
9830,Sneha Patel,Female,27,HR,HR Executive,M.Com,3,49829,Ahmedabad,2019-10-24,No,4,No
9831,Mohit Roy,Male,26,IT,Analyst,M.Com,5,76712,Lucknow,2022-08-31,No,3,No
9832,Pooja Joshi,Male,41,Operations,Operations Executive,MBA,20,93397,Kolkata,2016-02-28,No,2,Yes
9833,Rohan Roy,Male,47,Marketing,Marketing Executive,B.Com,18,96927,Jaipur,2016-12-25,Yes,1,Yes
9834,Anjali Sharma,Male,30,HR,HR Executive,Graduate,9,64909,Jaipur,2018-09-26,Yes,4,No
9835,Rohan Singh,Female,34,Marketing,Marketing Executive,Graduate,12,80004,Jaipur,2023-06-15,Yes,5,No
9836,Mohit Yadav,Female,27,Finance,Financial Analyst,M.Com,5,64644,Lucknow,2018-04-01,No,1,No
9837,Pooja Kumar,Female,32,Marketing,SEO Specialist,Graduate,2,53790,Lucknow,2019-06-17,No,5,No
9838,Pooja Mehta,Female,27,Finance,Accountant,B.Tech,5,67745,Mumbai,2020-01-23,No,3,No
9839,Deepak Joshi,Female,42,Sales,Sales Manager,B.Com,14,84661,Mumbai,2016-11-27,No,1,Yes
9840,Rohan Singh,Male,26,Operations,Supervisor,B.Tech,2,45379,Mumbai,2021-05-11,No,1,No
9841,Kiran Kumar,Female,45,Finance,Financial Analyst,B.Com,18,104488,Jaipur,2021-03-12,Yes,2,Yes
9842,Sneha Roy,Female,39,IT,Developer,M.Com,18,110396,Bengaluru,2020-07-20,Yes,5,No
9843,Neha Sharma,Male,32,Sales,Sales Executive,Graduate,5,58271,Delhi,2023-10-20,No,1,Yes
9844,Sonia Yadav,Female,29,Finance,Financial Analyst,M.Com,3,61086,Ahmedabad,2017-03-18,No,1,Yes
9845,Amit Verma,Female,25,HR,Recruiter,M.Com,2,43685,Pune,2021-04-15,No,2,No
9846,Vikas Kumar,Female,30,IT,Developer,B.Com,4,76724,Jaipur,2016-08-15,No,2,Yes
9847,Vikas Singh,Male,27,Sales,Sales Manager,B.Com,2,48878,Noida,2020-09-27,No,5,No
9848,Sonia Sharma,Female,43,Finance,Accountant,B.Com,17,99288,Bengaluru,2022-06-22,No,1,No
9849,Sonia Patel,Male,35,HR,HR Executive,B.Tech,13,75753,Mumbai,2020-11-26,No,5,No
9850,Pooja Roy,Female,27,Sales,Sales Manager,MBA,3,57434,Lucknow,2017-05-01,No,4,No
9851,Vikas Sharma,Female,38,IT,QA Engineer,B.Com,14,104299,Bengaluru,2017-02-02,Yes,3,No
9852,Sonia Verma,Male,27,Finance,Financial Analyst,M.Com,0,51418,Noida,2019-06-02,No,1,Yes
9853,Mohit Patel,Male,41,Marketing,Marketing Executive,MBA,20,99031,Chennai,2020-05-13,No,1,Yes
9854,Vikas Verma,Male,41,Sales,Sales Manager,M.Com,16,85449,Delhi,2021-03-04,Yes,2,Yes
9855,Amit Joshi,Female,38,HR,HR Executive,Graduate,10,69781,Ahmedabad,2015-11-12,Yes,3,No
9856,Nisha Singh,Female,43,Operations,Supervisor,B.Com,19,94490,Lucknow,2021-03-20,Yes,2,No
9857,Neha Joshi,Male,35,Sales,Sales Manager,B.Com,8,61846,Kolkata,2019-12-07,Yes,4,No
9858,Priya Verma,Female,22,HR,Recruiter,Graduate,2,49480,Jaipur,2022-06-17,No,1,Yes
9859,Anjali Patel,Male,46,HR,Recruiter,M.Com,19,91382,Chennai,2022-03-24,No,4,No
9860,Neha Yadav,Female,33,IT,QA Engineer,M.Com,7,84754,Jaipur,2021-07-31,No,4,No
9861,Neha Mehta,Female,36,Finance,Accountant,Graduate,15,93352,Noida,2020-10-26,No,4,No
9862,Pooja Yadav,Female,45,Finance,Accountant,B.Com,17,96328,Delhi,2018-05-17,No,4,No
9863,Nisha Patel,Female,32,IT,QA Engineer,B.Com,5,82310,Lucknow,2019-10-08,No,2,Yes
9864,Neha Verma,Male,45,HR,Recruiter,B.Com,17,83246,Jaipur,2019-09-21,Yes,1,Yes
9865,Sneha Yadav,Female,27,Marketing,Marketing Executive,M.Com,6,59585,Chennai,2018-07-13,Yes,4,No
9866,Vikas Roy,Male,35,IT,Developer,MBA,8,89364,Jaipur,2017-04-20,No,3,No
9867,Arjun Verma,Male,33,HR,HR Executive,B.Com,6,56476,Delhi,2017-01-16,Yes,1,Yes
9868,Sonia Verma,Male,34,Finance,Financial Analyst,B.Com,5,70169,Delhi,2015-05-13,No,1,Yes
9869,Rahul Kumar,Female,38,IT,Analyst,Graduate,15,104073,Kolkata,2016-04-17,No,1,Yes
9870,Sonia Yadav,Female,43,HR,Recruiter,M.Com,18,89659,Bengaluru,2019-11-27,No,5,No
9871,Anjali Verma,Male,45,Marketing,Marketing Executive,MBA,20,94815,Ahmedabad,2018-11-03,No,2,Yes
9872,Rahul Singh,Female,43,Finance,Financial Analyst,M.Com,13,91502,Noida,2023-06-13,No,2,No
9873,Sneha Roy,Male,22,Operations,Operations Executive,M.Com,2,48374,Chennai,2024-07-19,No,3,Yes
9874,Sonia Sharma,Female,41,Finance,Accountant,MBA,14,89695,Lucknow,2023-10-22,No,3,No
9875,Rahul Verma,Female,30,Finance,Accountant,M.Com,6,74028,Chennai,2021-12-31,No,2,Yes
9876,Priya Gupta,Male,46,Operations,Supervisor,Graduate,19,86027,Ahmedabad,2024-12-19,Yes,4,No
9877,Deepak Yadav,Female,30,Finance,Accountant,MBA,4,66180,Delhi,2024-09-07,No,5,No
9878,Arjun Verma,Male,46,Sales,Sales Manager,B.Tech,20,91827,Mumbai,2023-06-04,No,3,No
9879,Sonia Patel,Female,24,IT,Developer,Graduate,1,65907,Ahmedabad,2016-08-19,No,1,Yes
9880,Rahul Joshi,Male,41,Marketing,Marketing Executive,Graduate,11,79232,Kolkata,2016-08-11,No,2,No
9881,Kiran Patel,Male,28,Operations,Supervisor,B.Tech,8,57075,Kolkata,2024-03-20,No,2,No
9882,Vikas Verma,Female,31,Operations,Supervisor,B.Com,3,51151,Chennai,2016-06-09,No,5,No
9883,Pooja Yadav,Male,35,Finance,Financial Analyst,M.Com,7,76560,Kolkata,2018-11-05,No,1,No
9884,Anjali Kumar,Female,31,Finance,Accountant,MBA,10,83902,Pune,2022-07-16,Yes,5,Yes
9885,Vikas Mehta,Male,44,Marketing,Marketing Executive,Graduate,17,92834,Pune,2021-08-11,No,4,No
9886,Pooja Verma,Female,36,IT,Developer,M.Com,11,88731,Bengaluru,2016-05-14,No,4,Yes
9887,Deepak Sharma,Male,43,Marketing,SEO Specialist,Graduate,20,100589,Lucknow,2020-04-06,Yes,5,Yes
9888,Mohit Singh,Male,27,Finance,Accountant,MBA,5,64041,Noida,2021-11-25,No,5,No
9889,Anjali Joshi,Male,30,HR,HR Executive,B.Com,5,48948,Lucknow,2016-10-23,No,5,No
9890,Neha Roy,Male,34,Marketing,Marketing Executive,B.Tech,8,70543,Delhi,2020-05-29,No,5,No
9891,Sneha Joshi,Male,33,Finance,Accountant,M.Com,10,77748,Pune,2020-12-24,No,1,No
9892,Sneha Verma,Female,22,Sales,Sales Manager,B.Tech,1,45736,Mumbai,2022-04-03,No,2,No
9893,Arjun Gupta,Female,26,Operations,Operations Executive,B.Tech,1,43525,Ahmedabad,2015-07-08,No,5,Yes
9894,Sneha Gupta,Female,40,HR,Recruiter,Graduate,18,88863,Mumbai,2018-07-24,Yes,5,No
9895,Deepak Kumar,Male,33,HR,Recruiter,B.Tech,5,54079,Mumbai,2016-09-20,No,5,No
9896,Neha Gupta,Male,23,HR,Recruiter,Graduate,0,36399,Jaipur,2020-08-18,No,3,Yes
9897,Priya Kumar,Male,38,Operations,Operations Executive,Graduate,8,58946,Bengaluru,2020-08-23,No,2,Yes
9898,Arjun Kumar,Female,42,IT,Analyst,Graduate,15,106434,Jaipur,2019-10-09,Yes,1,Yes
9899,Arjun Kumar,Female,27,Marketing,Marketing Executive,MBA,6,58307,Bengaluru,2019-04-15,Yes,5,No
9900,Priya Gupta,Male,35,Operations,Supervisor,B.Tech,11,69802,Bengaluru,2021-10-22,No,3,No
9901,Rahul Mehta,Male,32,IT,Analyst,B.Com,5,74818,Chennai,2024-08-04,No,4,No
9902,Anjali Singh,Female,40,IT,Developer,B.Tech,11,97072,Jaipur,2016-01-07,Yes,5,No
9903,Kiran Singh,Male,30,Finance,Financial Analyst,M.Com,4,65153,Pune,2020-08-08,No,4,No
9904,Deepak Yadav,Male,44,Sales,Sales Manager,M.Com,19,87648,Jaipur,2021-09-09,No,5,No
9905,Vikas Kumar,Female,32,Marketing,Marketing Executive,MBA,12,74873,Bengaluru,2019-04-09,Yes,4,No
9906,Priya Sharma,Female,33,Finance,Accountant,M.Com,4,67389,Ahmedabad,2016-04-27,No,5,No
9907,Neha Roy,Female,45,Operations,Supervisor,Graduate,17,86314,Delhi,2015-11-27,Yes,1,Yes
9908,Arjun Mehta,Male,37,Finance,Accountant,MBA,8,75865,Chennai,2017-02-04,Yes,3,No
9909,Neha Roy,Male,25,Operations,Supervisor,B.Com,1,41803,Pune,2015-08-19,No,1,Yes
9910,Arjun Mehta,Female,32,Marketing,Marketing Executive,M.Com,6,59463,Pune,2020-02-28,Yes,2,No
9911,Priya Patel,Female,24,Operations,Operations Executive,B.Tech,0,43790,Ahmedabad,2020-02-22,No,2,No
9912,Sneha Verma,Male,25,Finance,Financial Analyst,MBA,0,54275,Pune,2015-03-29,No,1,No
9913,Sonia Roy,Male,29,Marketing,Marketing Executive,M.Com,8,72547,Bengaluru,2019-08-17,Yes,3,No
9914,Priya Singh,Female,27,Sales,Sales Manager,B.Com,2,54197,Chennai,2023-08-27,No,4,No
9915,Vikas Gupta,Female,32,Marketing,Marketing Executive,M.Com,11,75340,Noida,2016-12-29,Yes,4,No
9916,Vikas Sharma,Male,33,Finance,Accountant,Graduate,13,83942,Bengaluru,2019-05-10,Yes,5,No
9917,Mohit Joshi,Male,25,Marketing,Marketing Executive,M.Com,4,53129,Ahmedabad,2024-03-07,No,2,Yes
9918,Pooja Joshi,Male,43,Sales,Sales Executive,B.Tech,14,75222,Mumbai,2016-08-19,Yes,4,Yes
9919,Priya Mehta,Male,39,HR,Recruiter,B.Tech,10,65574,Pune,2024-04-15,No,4,No
9920,Rohan Singh,Male,47,IT,QA Engineer,MBA,17,105187,Chennai,2023-11-13,No,2,No
9921,Neha Mehta,Female,34,Operations,Supervisor,MBA,8,64047,Jaipur,2020-09-05,No,5,No
9922,Anjali Patel,Male,27,Operations,Operations Executive,B.Tech,1,44458,Delhi,2024-02-14,No,2,No
9923,Amit Patel,Male,30,Marketing,Marketing Executive,B.Com,6,58324,Kolkata,2017-10-13,Yes,1,No
9924,Sonia Patel,Female,36,Marketing,SEO Specialist,B.Tech,10,70197,Pune,2017-10-30,No,3,No
9925,Mohit Mehta,Male,39,HR,Recruiter,MBA,19,88551,Bengaluru,2021-01-05,No,3,No
9926,Nisha Patel,Female,37,Sales,Sales Manager,B.Com,9,68604,Noida,2016-06-03,Yes,5,Yes
9927,Rohan Sharma,Female,44,Finance,Financial Analyst,B.Tech,18,95171,Delhi,2023-06-13,Yes,5,No
9928,Kiran Verma,Male,27,Sales,Sales Executive,Graduate,5,58355,Delhi,2019-01-06,No,4,No
9929,Sonia Gupta,Female,36,Operations,Supervisor,B.Com,6,59632,Mumbai,2021-10-01,No,3,No
9930,Kiran Singh,Female,33,Finance,Accountant,M.Com,10,77393,Lucknow,2022-02-20,Yes,4,No
9931,Vikas Verma,Male,48,HR,Recruiter,B.Com,19,86397,Jaipur,2018-03-20,No,4,No
9932,Amit Kumar,Male,43,Finance,Accountant,B.Com,18,101614,Bengaluru,2015-02-23,Yes,1,Yes
9933,Vikas Mehta,Female,43,Marketing,Marketing Executive,Graduate,14,81935,Pune,2020-05-07,No,1,No
9934,Deepak Sharma,Female,35,IT,QA Engineer,B.Com,8,81491,Mumbai,2018-08-21,Yes,4,No
9935,Sneha Roy,Male,31,IT,Analyst,MBA,6,76869,Bengaluru,2024-09-06,Yes,4,No
9936,Rahul Verma,Female,38,Finance,Financial Analyst,Graduate,10,84827,Kolkata,2021-10-02,No,1,Yes
9937,Anjali Patel,Male,31,IT,QA Engineer,M.Com,6,78045,Delhi,2019-08-24,No,5,Yes
9938,Rahul Sharma,Male,33,Finance,Accountant,B.Com,11,84710,Mumbai,2017-10-28,Yes,5,No
9939,Nisha Singh,Male,22,HR,Recruiter,M.Com,1,43678,Chennai,2023-06-01,No,1,Yes
9940,Sneha Sharma,Female,40,Sales,Sales Executive,B.Tech,10,67714,Delhi,2021-11-07,Yes,4,No
9941,Arjun Joshi,Female,28,HR,Recruiter,B.Com,2,44856,Mumbai,2016-01-28,No,3,No
9942,Arjun Singh,Male,42,IT,Analyst,MBA,18,107003,Bengaluru,2016-09-18,Yes,3,Yes
9943,Rahul Yadav,Male,27,HR,Recruiter,Graduate,7,56413,Delhi,2023-10-10,Yes,5,No
9944,Sneha Gupta,Male,34,Finance,Financial Analyst,Graduate,10,75677,Noida,2023-11-25,Yes,4,No
9945,Rahul Sharma,Female,36,Marketing,SEO Specialist,B.Tech,14,84790,Lucknow,2022-10-20,No,2,Yes
9946,Kiran Sharma,Male,43,HR,HR Executive,M.Com,19,92010,Noida,2019-10-06,Yes,4,No
9947,Kiran Mehta,Male,43,IT,Analyst,Graduate,17,110306,Bengaluru,2017-02-15,No,2,No
9948,Sonia Patel,Male,24,Sales,Sales Manager,M.Com,1,50651,Pune,2015-08-11,No,3,No
9949,Priya Verma,Male,36,IT,Developer,M.Com,9,88257,Chennai,2021-09-10,No,5,No
9950,Anjali Sharma,Male,31,Finance,Accountant,Graduate,11,81256,Kolkata,2018-07-22,No,5,No
9951,Sneha Joshi,Male,40,Finance,Financial Analyst,Graduate,14,90057,Chennai,2018-02-05,No,2,No
9952,Neha Sharma,Male,22,HR,Recruiter,B.Com,2,46613,Pune,2021-05-29,No,5,No
9953,Kiran Roy,Female,43,HR,Recruiter,B.Tech,15,76288,Bengaluru,2020-09-26,Yes,1,Yes
9954,Arjun Mehta,Female,26,Marketing,SEO Specialist,B.Com,6,65578,Mumbai,2023-10-20,Yes,3,No
9955,Sneha Singh,Male,27,Operations,Supervisor,B.Com,6,55919,Ahmedabad,2022-02-16,Yes,5,No
9956,Mohit Joshi,Female,46,HR,HR Executive,B.Tech,19,91034,Delhi,2017-05-27,Yes,4,No
9957,Deepak Sharma,Male,35,Marketing,SEO Specialist,B.Tech,5,62168,Pune,2022-11-28,No,3,Yes
9958,Amit Patel,Male,37,HR,Recruiter,B.Tech,10,60480,Lucknow,2022-10-13,No,2,No
9959,Deepak Verma,Male,43,Finance,Financial Analyst,MBA,15,95608,Ahmedabad,2017-06-06,Yes,3,No
9960,Priya Kumar,Female,35,Finance,Accountant,M.Com,12,89491,Kolkata,2021-07-14,No,4,No
9961,Anjali Verma,Female,36,Marketing,SEO Specialist,B.Tech,9,75249,Lucknow,2018-07-18,Yes,1,No
9962,Rohan Joshi,Male,25,Marketing,Marketing Executive,M.Com,3,51033,Kolkata,2021-07-16,No,2,Yes
9963,Amit Sharma,Male,40,Finance,Financial Analyst,B.Tech,10,82258,Noida,2016-09-02,No,3,No
9964,Nisha Yadav,Female,43,Finance,Financial Analyst,MBA,17,96925,Chennai,2022-05-08,No,3,No
9965,Deepak Patel,Male,35,HR,Recruiter,M.Com,10,64588,Pune,2021-10-27,No,5,No
9966,Kiran Gupta,Female,39,Operations,Operations Executive,B.Com,14,78675,Kolkata,2024-05-18,No,4,No
9967,Arjun Mehta,Male,34,IT,Developer,Graduate,8,83065,Noida,2015-05-14,No,1,Yes
9968,Sneha Gupta,Female,29,Marketing,Marketing Executive,MBA,7,68271,Bengaluru,2022-12-13,No,2,Yes
9969,Nisha Singh,Female,32,Marketing,SEO Specialist,Graduate,5,62076,Ahmedabad,2019-11-15,No,4,No
9970,Mohit Kumar,Female,45,HR,HR Executive,M.Com,19,86036,Jaipur,2015-02-05,Yes,5,No
9971,Vikas Patel,Male,25,Finance,Accountant,B.Com,2,60094,Ahmedabad,2024-10-31,No,1,No
9972,Neha Gupta,Female,35,IT,QA Engineer,MBA,7,87268,Delhi,2022-07-06,No,4,No
9973,Vikas Yadav,Male,31,Finance,Accountant,B.Com,9,75694,Jaipur,2022-04-05,No,2,No
9974,Rahul Kumar,Male,39,Operations,Operations Executive,B.Tech,9,68040,Chennai,2017-09-18,No,4,Yes
9975,Amit Mehta,Female,32,Finance,Accountant,B.Tech,5,71858,Mumbai,2017-10-31,No,1,No
9976,Rohan Kumar,Male,43,Marketing,Marketing Executive,MBA,17,86252,Delhi,2017-11-29,Yes,2,Yes
9977,Neha Sharma,Male,40,Sales,Sales Executive,B.Com,12,72304,Delhi,2017-01-16,No,1,No
9978,Kiran Yadav,Male,46,Marketing,SEO Specialist,Graduate,20,102887,Mumbai,2017-07-23,No,1,No
9979,Amit Sharma,Male,29,IT,QA Engineer,MBA,1,65067,Jaipur,2021-11-15,No,3,No
9980,Vikas Kumar,Male,28,IT,Analyst,B.Com,7,79576,Ahmedabad,2018-08-28,No,4,No
9981,Pooja Joshi,Female,36,Marketing,Marketing Executive,M.Com,8,68976,Jaipur,2019-12-19,Yes,4,No
9982,Neha Roy,Male,39,HR,HR Executive,B.Com,13,70616,Chennai,2015-04-14,Yes,3,No
9983,Pooja Mehta,Male,25,Marketing,Marketing Executive,B.Com,4,57575,Noida,2015-12-22,No,4,No
9984,Mohit Patel,Male,31,IT,QA Engineer,MBA,9,86222,Mumbai,2016-02-20,Yes,1,Yes
9985,Sonia Verma,Female,33,IT,Analyst,B.Tech,3,70064,Bengaluru,2020-12-03,No,1,Yes
9986,Neha Roy,Female,29,Finance,Accountant,B.Tech,4,67361,Pune,2016-05-09,No,3,No
9987,Amit Mehta,Female,34,Sales,Sales Executive,B.Tech,12,78211,Jaipur,2024-03-19,Yes,2,Yes
9988,Vikas Roy,Female,22,IT,Analyst,M.Com,1,67149,Kolkata,2017-12-11,No,3,No
9989,Sneha Singh,Male,44,Sales,Sales Manager,B.Tech,14,84812,Chennai,2024-05-06,No,5,Yes
9990,Rohan Kumar,Male,29,IT,Developer,Graduate,0,61234,Delhi,2018-03-04,No,5,No
9991,Vikas Verma,Female,23,Finance,Accountant,M.Com,1,61379,Bengaluru,2016-05-17,No,5,No
9992,Mohit Yadav,Male,44,Sales,Sales Manager,B.Tech,20,95169,Noida,2018-06-15,Yes,1,No
9993,Anjali Patel,Female,34,Operations,Operations Executive,B.Tech,12,73130,Bengaluru,2016-08-28,Yes,1,Yes
9994,Neha Joshi,Male,27,HR,HR Executive,Graduate,5,49407,Lucknow,2016-03-19,No,1,No
9995,Sneha Yadav,Female,21,IT,QA Engineer,B.Com,1,62731,Lucknow,2023-04-04,No,5,No
9996,Neha Kumar,Female,40,Sales,Sales Manager,M.Com,12,73259,Jaipur,2023-04-08,No,3,No
9997,Priya Roy,Female,32,Finance,Financial Analyst,B.Com,5,63566,Pune,2020-08-24,No,1,No
9998,Rahul Sharma,Male,28,Finance,Financial Analyst,M.Com,2,63616,Chennai,2019-07-10,No,5,No
9999,Pooja Joshi,Male,42,IT,QA Engineer,M.Com,15,101758,Mumbai,2023-04-04,No,3,No
10000,Kiran Joshi,Female,38,IT,Developer,MBA,13,100717,Bengaluru,2020-12-25,Yes,4,No
10001,Neha Singh,Male,47,HR,HR Executive,M.Com,17,80085,Delhi,2015-03-14,Yes,2,Yes
10002,Amit Kumar,Female,37,HR,Recruiter,B.Tech,10,68310,Delhi,2021-03-29,No,5,No
10003,Kiran Gupta,Female,29,Marketing,Marketing Executive,B.Com,9,74367,Kolkata,2023-06-02,Yes,4,No
10004,Rohan Yadav,Female,39,Operations,Supervisor,B.Com,17,85250,Mumbai,2021-09-25,Yes,1,Yes
10005,Deepak Roy,Male,36,Finance,Financial Analyst,B.Tech,16,93342,Lucknow,2018-02-10,No,4,No
10006,Priya Roy,Male,41,IT,Analyst,Graduate,18,109097,Lucknow,2018-03-02,No,3,No
10007,Rohan Mehta,Female,36,Operations,Supervisor,M.Com,14,80680,Pune,2020-03-02,Yes,1,Yes
10008,Kiran Mehta,Male,43,IT,QA Engineer,MBA,19,109909,Ahmedabad,2023-10-27,Yes,3,No
10009,Rohan Kumar,Female,36,Marketing,SEO Specialist,B.Com,13,76600,Lucknow,2017-05-20,Yes,1,Yes
10010,Mohit Verma,Female,41,Sales,Sales Executive,B.Com,19,94118,Ahmedabad,2017-12-13,Yes,5,No
10011,Sneha Mehta,Male,26,Operations,Operations Executive,M.Com,3,46179,Jaipur,2016-01-22,No,1,Yes
10012,Amit Mehta,Male,47,Sales,Sales Manager,B.Tech,19,88962,Lucknow,2020-07-08,No,5,No
10013,Mohit Yadav,Female,31,Sales,Sales Manager,B.Com,1,50099,Noida,2023-08-16,No,3,No
10014,Rahul Roy,Female,35,Marketing,SEO Specialist,MBA,6,64482,Mumbai,2015-09-25,Yes,2,No
10015,Arjun Singh,Male,44,Finance,Accountant,M.Com,15,88652,Bengaluru,2015-12-22,No,1,No
10016,Vikas Sharma,Male,30,HR,Recruiter,MBA,0,40027,Mumbai,2021-06-09,No,2,Yes
10017,Mohit Singh,Male,43,Finance,Financial Analyst,MBA,15,96113,Jaipur,2022-12-25,Yes,4,Yes
10018,Mohit Verma,Male,25,HR,Recruiter,Graduate,0,37864,Chennai,2021-06-04,No,3,No
10019,Neha Sharma,Female,34,HR,HR Executive,MBA,6,52791,Mumbai,2016-11-26,No,1,No
10020,Kiran Roy,Male,36,HR,HR Executive,M.Com,11,70252,Noida,2024-06-23,No,2,Yes
10021,Nisha Joshi,Male,40,Sales,Sales Executive,B.Com,10,73694,Lucknow,2015-06-19,Yes,2,Yes
10022,Sneha Joshi,Female,37,HR,HR Executive,B.Com,17,85484,Kolkata,2018-12-22,No,1,Yes
10023,Amit Mehta,Female,45,Sales,Sales Executive,B.Com,18,85957,Lucknow,2022-03-22,Yes,2,Yes
10024,Nisha Verma,Male,43,Operations,Supervisor,B.Tech,19,91391,Lucknow,2016-04-22,No,1,Yes
10025,Neha Verma,Female,27,IT,Analyst,B.Com,2,71100,Ahmedabad,2019-12-08,No,1,No
10026,Priya Sharma,Male,46,HR,Recruiter,MBA,18,84454,Pune,2018-01-18,Yes,5,No
10027,Sonia Sharma,Male,45,Finance,Financial Analyst,B.Tech,17,95775,Jaipur,2019-04-15,No,5,No
10028,Amit Kumar,Female,36,HR,Recruiter,MBA,11,68691,Kolkata,2020-02-27,Yes,2,Yes
10029,Anjali Patel,Female,33,HR,Recruiter,Graduate,11,71205,Mumbai,2020-10-13,Yes,5,No
10030,Vikas Singh,Male,30,Finance,Accountant,MBA,10,80543,Delhi,2015-08-21,No,1,No
10031,Sonia Roy,Male,41,HR,Recruiter,MBA,15,78402,Noida,2020-12-05,No,1,Yes
10032,Neha Kumar,Female,24,IT,Analyst,MBA,2,67088,Jaipur,2016-09-10,No,4,No
10033,Rahul Kumar,Male,36,Finance,Financial Analyst,M.Com,7,67820,Noida,2022-03-30,Yes,3,No
10034,Kiran Gupta,Male,35,Finance,Financial Analyst,B.Com,9,79526,Jaipur,2015-03-03,No,4,No
10035,Kiran Singh,Female,27,Finance,Financial Analyst,Graduate,2,59753,Mumbai,2020-10-16,No,4,No
10036,Pooja Joshi,Male,31,Marketing,SEO Specialist,B.Com,4,58957,Ahmedabad,2016-02-17,No,4,No
10037,Anjali Mehta,Female,38,Operations,Supervisor,B.Tech,18,83340,Mumbai,2015-08-16,Yes,2,Yes
10038,Neha Patel,Female,40,IT,Developer,M.Com,11,88656,Chennai,2024-12-08,No,2,No
10039,Pooja Verma,Female,27,Finance,Financial Analyst,B.Tech,7,75339,Lucknow,2019-09-17,Yes,1,Yes
10040,Neha Gupta,Male,32,Operations,Supervisor,Graduate,6,53389,Jaipur,2015-12-04,Yes,1,Yes
10041,Rahul Kumar,Female,30,IT,QA Engineer,M.Com,9,87980,Bengaluru,2023-08-29,Yes,3,No
10042,Amit Gupta,Female,46,IT,Developer,M.Com,17,105249,Bengaluru,2024-03-19,Yes,1,Yes
10043,Nisha Patel,Female,31,HR,HR Executive,B.Com,11,70052,Ahmedabad,2022-05-02,No,2,Yes
10044,Kiran Kumar,Female,38,Sales,Sales Executive,M.Com,16,89342,Noida,2022-10-07,No,2,No
10045,Sonia Joshi,Male,28,HR,HR Executive,MBA,7,56946,Chennai,2018-11-21,Yes,2,Yes
10046,Rohan Gupta,Female,39,HR,Recruiter,Graduate,10,65389,Lucknow,2017-09-09,Yes,5,No
10047,Rohan Gupta,Male,46,Sales,Sales Manager,Graduate,16,83995,Jaipur,2015-03-19,No,3,Yes
10048,Pooja Kumar,Female,36,Finance,Accountant,B.Com,8,77542,Kolkata,2023-12-06,Yes,2,No
10049,Priya Yadav,Female,41,Operations,Supervisor,Graduate,19,90371,Bengaluru,2018-05-21,No,1,No
10050,Anjali Roy,Female,47,Sales,Sales Executive,B.Tech,20,98333,Delhi,2015-07-25,Yes,5,No
10051,Kiran Gupta,Male,28,Sales,Sales Manager,MBA,2,47227,Chennai,2016-11-12,No,4,No
10052,Priya Singh,Female,28,Marketing,Marketing Executive,Graduate,7,66255,Bengaluru,2022-11-26,No,1,No
10053,Vikas Mehta,Female,34,IT,QA Engineer,B.Tech,12,98667,Jaipur,2020-01-08,No,3,No
10054,Rohan Sharma,Male,34,Marketing,SEO Specialist,Graduate,12,78865,Jaipur,2015-08-27,No,1,Yes
10055,Rahul Mehta,Male,32,IT,Developer,B.Com,9,84925,Delhi,2021-10-17,No,4,No
10056,Rahul Verma,Male,38,Sales,Sales Executive,B.Tech,12,70857,Chennai,2021-07-05,No,2,No
10057,Kiran Sharma,Female,32,Marketing,Marketing Executive,MBA,11,78057,Noida,2019-03-12,No,4,No
10058,Deepak Verma,Male,33,Finance,Financial Analyst,B.Com,5,66126,Lucknow,2016-03-15,No,2,No
10059,Amit Roy,Female,29,IT,Analyst,B.Com,1,63611,Delhi,2024-01-13,No,1,No
10060,Kiran Patel,Male,40,Marketing,SEO Specialist,Graduate,11,80236,Jaipur,2024-04-04,Yes,4,No
10061,Amit Gupta,Female,33,Finance,Accountant,B.Tech,4,68247,Ahmedabad,2023-05-30,No,1,Yes
10062,Anjali Gupta,Female,29,IT,QA Engineer,B.Com,4,77355,Delhi,2017-03-29,No,3,No
10063,Pooja Roy,Female,32,Sales,Sales Manager,M.Com,10,65579,Jaipur,2024-02-08,No,3,No
10064,Pooja Patel,Male,24,HR,Recruiter,B.Tech,3,42647,Chennai,2021-02-04,No,5,No
10065,Deepak Roy,Male,22,Sales,Sales Executive,B.Com,0,41079,Noida,2018-02-03,No,4,No
10066,Arjun Singh,Male,37,IT,Analyst,M.Com,11,97222,Noida,2019-10-11,Yes,3,No
10067,Deepak Mehta,Female,39,Finance,Accountant,B.Tech,15,88962,Mumbai,2018-10-01,Yes,3,No
10068,Sonia Mehta,Male,27,Finance,Accountant,Graduate,1,57616,Ahmedabad,2015-07-11,No,3,No
10069,Nisha Singh,Female,33,Marketing,SEO Specialist,M.Com,9,71665,Ahmedabad,2022-10-16,No,4,No
10070,Rahul Verma,Male,32,Marketing,Marketing Executive,Graduate,2,52890,Lucknow,2021-06-20,No,4,No
10071,Rahul Sharma,Male,29,IT,Analyst,M.Com,2,74218,Ahmedabad,2017-04-28,No,3,No
10072,Vikas Gupta,Male,37,Operations,Operations Executive,Graduate,9,61573,Ahmedabad,2024-04-02,No,1,No
10073,Pooja Mehta,Male,43,Sales,Sales Executive,M.Com,17,85899,Ahmedabad,2024-10-19,No,5,No
10074,Pooja Kumar,Male,28,Marketing,Marketing Executive,B.Com,4,61844,Noida,2018-06-06,No,1,No
10075,Sneha Gupta,Female,28,IT,QA Engineer,M.Com,5,77886,Chennai,2015-08-21,No,4,No
10076,Neha Joshi,Male,35,HR,HR Executive,MBA,12,73333,Mumbai,2017-04-18,Yes,1,No
10077,Neha Kumar,Male,48,Sales,Sales Executive,B.Com,20,92376,Kolkata,2023-10-31,No,2,Yes
10078,Deepak Patel,Male,24,IT,Analyst,M.Com,4,74405,Bengaluru,2015-05-12,No,3,No
10079,Pooja Kumar,Male,43,Sales,Sales Manager,M.Com,17,91317,Noida,2024-08-26,No,5,No
10080,Rohan Kumar,Female,30,Operations,Operations Executive,B.Tech,6,60295,Mumbai,2023-09-29,No,5,No
10081,Priya Yadav,Male,34,IT,QA Engineer,Graduate,6,84664,Bengaluru,2024-01-19,No,2,Yes
10082,Sneha Singh,Male,31,Operations,Supervisor,B.Com,5,50427,Bengaluru,2020-04-07,No,3,Yes
10083,Sonia Gupta,Male,44,Sales,Sales Manager,Graduate,14,79093,Jaipur,2024-09-09,Yes,1,No
10084,Rahul Sharma,Female,36,Sales,Sales Executive,B.Tech,13,75348,Ahmedabad,2024-12-18,No,1,Yes
10085,Sonia Joshi,Male,29,Marketing,Marketing Executive,Graduate,1,46808,Chennai,2022-01-30,No,3,No
10086,Rahul Verma,Male,32,IT,Developer,MBA,5,73828,Lucknow,2017-11-11,No,4,No
10087,Nisha Verma,Female,41,Operations,Operations Executive,Graduate,19,91835,Delhi,2015-07-29,Yes,5,Yes
10088,Arjun Sharma,Female,40,Sales,Sales Executive,B.Com,10,71543,Delhi,2024-03-20,No,2,No
10089,Mohit Mehta,Female,25,HR,HR Executive,M.Com,0,44556,Mumbai,2023-07-18,No,4,No
10090,Rohan Kumar,Male,34,Sales,Sales Executive,Graduate,5,53968,Pune,2019-12-07,No,5,No
10091,Arjun Yadav,Female,35,Finance,Financial Analyst,M.Com,15,91579,Lucknow,2023-01-01,No,2,No
10092,Sneha Yadav,Male,38,Marketing,Marketing Executive,MBA,11,78115,Pune,2016-11-22,No,1,Yes
10093,Anjali Kumar,Male,37,Finance,Financial Analyst,MBA,7,68587,Noida,2019-05-08,Yes,2,No
10094,Arjun Patel,Female,46,HR,Recruiter,B.Tech,20,93221,Mumbai,2017-10-22,Yes,1,No
10095,Mohit Verma,Female,50,Operations,Operations Executive,B.Com,20,90167,Chennai,2018-06-06,Yes,4,No
10096,Sonia Yadav,Female,25,Finance,Financial Analyst,MBA,3,63224,Bengaluru,2024-11-12,No,1,Yes
10097,Sonia Verma,Male,32,Operations,Operations Executive,M.Com,8,57727,Delhi,2024-10-29,Yes,5,No
10098,Anjali Singh,Male,48,Marketing,SEO Specialist,MBA,18,91533,Bengaluru,2023-02-18,No,1,No
10099,Mohit Yadav,Female,40,Sales,Sales Manager,B.Com,14,76605,Mumbai,2017-11-14,Yes,4,No
10100,Amit Patel,Male,44,Sales,Sales Executive,Graduate,20,96328,Pune,2024-07-09,Yes,1,Yes
10101,Rohan Joshi,Male,35,IT,Developer,B.Com,8,80072,Kolkata,2021-04-12,No,5,No
10102,Neha Verma,Female,35,Finance,Accountant,B.Com,8,74518,Delhi,2019-11-19,No,4,No
10103,Rohan Kumar,Male,46,Marketing,SEO Specialist,Graduate,18,92257,Noida,2023-02-21,No,1,No
10104,Rahul Patel,Female,39,HR,HR Executive,M.Com,11,71202,Lucknow,2020-09-18,Yes,5,No
10105,Mohit Sharma,Male,40,Finance,Accountant,MBA,13,89179,Jaipur,2021-05-19,No,5,No
10106,Pooja Verma,Male,21,Finance,Accountant,B.Tech,0,58278,Noida,2018-05-26,No,2,Yes
10107,Rahul Patel,Female,41,Sales,Sales Executive,Graduate,11,67974,Delhi,2019-02-11,Yes,2,Yes
10108,Kiran Joshi,Male,22,Finance,Financial Analyst,MBA,1,56809,Kolkata,2020-01-14,No,1,Yes
10109,Nisha Kumar,Male,30,HR,Recruiter,MBA,1,38383,Delhi,2015-01-09,No,4,No
10110,Priya Joshi,Male,31,Finance,Financial Analyst,B.Com,7,72029,Noida,2021-07-20,Yes,2,Yes
10111,Deepak Roy,Male,24,HR,HR Executive,Graduate,2,49409,Lucknow,2017-11-02,No,4,No
10112,Rohan Singh,Female,38,HR,Recruiter,B.Tech,10,66027,Jaipur,2022-08-03,Yes,2,Yes
10113,Amit Mehta,Male,38,Marketing,SEO Specialist,B.Com,17,88729,Chennai,2020-11-20,Yes,1,Yes
10114,Sonia Yadav,Male,38,Operations,Operations Executive,M.Com,18,85868,Mumbai,2015-04-25,No,4,No
10115,Pooja Joshi,Male,32,IT,QA Engineer,B.Com,7,86949,Ahmedabad,2016-09-30,No,2,Yes
10116,Mohit Gupta,Male,30,Sales,Sales Executive,B.Tech,0,48711,Bengaluru,2022-12-15,No,1,Yes
10117,Rahul Roy,Female,41,Sales,Sales Executive,MBA,13,77306,Ahmedabad,2016-01-20,No,4,No
10118,Rahul Kumar,Female,29,IT,Analyst,M.Com,8,89542,Ahmedabad,2019-02-15,No,5,No
10119,Kiran Mehta,Female,31,IT,QA Engineer,M.Com,9,83816,Noida,2020-07-25,Yes,3,No
10120,Mohit Kumar,Female,25,HR,Recruiter,MBA,0,42868,Delhi,2023-02-17,No,4,No
10121,Vikas Gupta,Male,41,Sales,Sales Manager,B.Tech,11,75744,Noida,2018-02-27,Yes,1,No
10122,Rahul Sharma,Female,40,HR,HR Executive,MBA,15,78841,Noida,2019-05-06,Yes,2,Yes
10123,Anjali Sharma,Male,33,IT,Developer,MBA,13,98023,Ahmedabad,2022-09-03,No,4,No
10124,Rahul Sharma,Male,33,Operations,Supervisor,M.Com,4,52363,Jaipur,2017-06-04,No,2,Yes
10125,Nisha Singh,Female,43,IT,QA Engineer,M.Com,19,112058,Ahmedabad,2016-10-10,No,3,No
10126,Pooja Mehta,Female,39,Marketing,SEO Specialist,Graduate,12,75791,Noida,2024-07-27,No,4,No
10127,Neha Patel,Female,40,Finance,Financial Analyst,M.Com,15,93464,Bengaluru,2022-11-11,No,4,No
10128,Nisha Mehta,Male,31,Operations,Operations Executive,B.Tech,3,53359,Jaipur,2018-10-24,No,1,Yes
10129,Pooja Gupta,Female,33,IT,Analyst,B.Tech,3,75847,Kolkata,2016-02-08,No,5,No
10130,Anjali Yadav,Male,41,HR,Recruiter,B.Com,20,94013,Chennai,2022-05-25,No,4,No
10131,Sneha Mehta,Female,34,IT,QA Engineer,MBA,13,100030,Chennai,2016-02-19,No,2,Yes
10132,Nisha Patel,Female,47,HR,Recruiter,Graduate,17,85060,Jaipur,2018-01-07,Yes,2,Yes
10133,Priya Roy,Male,28,Operations,Operations Executive,B.Com,1,46567,Chennai,2022-03-15,No,3,No
10134,Mohit Kumar,Female,38,Sales,Sales Executive,MBA,9,70614,Lucknow,2018-10-14,Yes,1,Yes
10135,Sneha Verma,Male,39,Operations,Supervisor,B.Com,9,69013,Jaipur,2021-04-29,No,4,No
10136,Rahul Singh,Male,35,HR,Recruiter,M.Com,5,53125,Pune,2021-10-18,No,3,No
10137,Vikas Kumar,Male,32,Operations,Supervisor,B.Com,4,54692,Kolkata,2016-05-20,No,5,No
10138,Rahul Verma,Male,37,Operations,Operations Executive,MBA,7,63940,Lucknow,2024-08-19,Yes,1,Yes
10139,Vikas Patel,Female,28,Marketing,SEO Specialist,MBA,2,54321,Chennai,2024-10-27,No,1,Yes
10140,Sneha Roy,Female,24,Marketing,Marketing Executive,B.Com,4,60001,Lucknow,2018-01-06,No,1,No
10141,Arjun Sharma,Male,44,Finance,Accountant,B.Tech,17,100353,Lucknow,2020-10-09,No,3,No
10142,Pooja Roy,Female,29,Operations,Operations Executive,M.Com,1,44416,Lucknow,2018-04-06,No,2,Yes
10143,Pooja Singh,Male,36,Operations,Supervisor,Graduate,11,71540,Ahmedabad,2020-06-03,No,4,No
10144,Mohit Sharma,Female,41,HR,Recruiter,B.Com,17,84635,Pune,2020-06-11,Yes,1,No
10145,Anjali Gupta,Male,21,Operations,Supervisor,Graduate,0,40304,Noida,2021-06-04,No,2,No
10146,Vikas Patel,Female,28,Marketing,Marketing Executive,M.Com,6,62649,Pune,2023-07-06,No,1,Yes
10147,Sneha Singh,Male,47,Sales,Sales Executive,B.Com,19,97410,Delhi,2023-02-01,No,1,No
10148,Mohit Roy,Female,33,IT,Analyst,MBA,9,83805,Delhi,2016-07-16,Yes,2,No
10149,Sonia Singh,Female,43,Operations,Operations Executive,M.Com,15,78567,Noida,2018-12-25,No,2,Yes
10150,Mohit Roy,Male,30,Finance,Accountant,MBA,7,75902,Mumbai,2016-05-10,Yes,4,No
10151,Kiran Verma,Male,43,Finance,Financial Analyst,Graduate,16,96707,Ahmedabad,2019-06-19,Yes,2,Yes
10152,Anjali Verma,Female,32,Marketing,Marketing Executive,M.Com,4,59909,Lucknow,2018-06-17,No,1,No
10153,Deepak Joshi,Female,46,IT,QA Engineer,Graduate,16,108464,Lucknow,2020-03-22,Yes,2,No
10154,Nisha Joshi,Male,30,Marketing,Marketing Executive,B.Tech,1,54640,Kolkata,2020-03-04,No,4,Yes
10155,Kiran Roy,Female,30,Marketing,SEO Specialist,MBA,6,63862,Noida,2019-07-27,Yes,2,Yes
10156,Rahul Sharma,Male,38,HR,Recruiter,M.Com,16,76688,Noida,2017-05-29,No,5,No
10157,Sonia Kumar,Male,32,Marketing,SEO Specialist,B.Com,3,52238,Chennai,2021-08-14,No,4,Yes
10158,Amit Mehta,Female,33,Finance,Financial Analyst,B.Tech,10,84533,Kolkata,2016-11-25,No,3,No
10159,Nisha Singh,Female,35,IT,QA Engineer,B.Tech,14,98428,Chennai,2021-07-27,Yes,2,No
10160,Arjun Gupta,Male,47,HR,Recruiter,M.Com,18,86884,Kolkata,2016-05-15,No,3,No
10161,Sonia Sharma,Female,34,HR,Recruiter,Graduate,8,61102,Delhi,2020-02-10,No,5,No
10162,Kiran Sharma,Male,38,Finance,Financial Analyst,M.Com,16,98517,Lucknow,2016-06-17,No,1,No
10163,Arjun Sharma,Female,45,Operations,Supervisor,MBA,17,86546,Delhi,2021-01-22,No,2,No
10164,Sonia Verma,Female,44,Finance,Accountant,MBA,16,91028,Jaipur,2020-09-05,No,3,No
10165,Mohit Singh,Male,38,Sales,Sales Executive,M.Com,15,86620,Noida,2020-11-13,No,4,No
10166,Neha Sharma,Female,27,Marketing,Marketing Executive,M.Com,0,52257,Lucknow,2018-05-07,No,1,No
10167,Nisha Joshi,Female,40,HR,HR Executive,MBA,13,73781,Lucknow,2024-08-22,No,5,No
10168,Rahul Sharma,Female,23,Marketing,Marketing Executive,B.Com,2,48868,Kolkata,2015-12-31,No,1,No
10169,Neha Verma,Male,40,IT,Developer,B.Tech,18,111720,Bengaluru,2019-07-05,Yes,3,No
10170,Sonia Sharma,Male,37,HR,Recruiter,B.Com,9,66568,Chennai,2019-11-06,Yes,4,No
10171,Kiran Sharma,Female,28,HR,Recruiter,M.Com,5,55547,Kolkata,2016-07-09,No,4,No
10172,Anjali Patel,Male,38,Operations,Supervisor,B.Com,13,75100,Delhi,2021-03-30,Yes,2,Yes
10173,Rohan Sharma,Female,36,Finance,Accountant,MBA,9,79277,Jaipur,2023-09-18,No,3,Yes
10174,Sonia Patel,Female,25,Marketing,SEO Specialist,Graduate,4,58445,Jaipur,2024-08-16,No,2,Yes
10175,Priya Mehta,Female,25,IT,QA Engineer,B.Com,5,75678,Lucknow,2022-03-07,No,3,No
10176,Sneha Roy,Male,42,Sales,Sales Executive,B.Tech,15,78777,Kolkata,2017-12-11,No,4,No
10177,Arjun Gupta,Male,32,Marketing,SEO Specialist,Graduate,8,68647,Chennai,2019-07-18,Yes,3,No
10178,Pooja Sharma,Male,31,Marketing,Marketing Executive,Graduate,4,55158,Kolkata,2021-05-14,No,5,Yes
10179,Amit Verma,Male,26,Marketing,Marketing Executive,B.Com,3,56406,Kolkata,2021-01-31,No,3,No
10180,Sonia Patel,Female,23,Marketing,SEO Specialist,B.Tech,0,45797,Chennai,2016-11-08,No,3,No
10181,Pooja Verma,Female,41,Sales,Sales Manager,M.Com,15,84547,Delhi,2018-09-21,Yes,1,No
10182,Rahul Patel,Female,39,Marketing,SEO Specialist,Graduate,14,79516,Chennai,2019-12-14,No,2,Yes
10183,Mohit Gupta,Male,24,IT,Developer,MBA,1,63504,Bengaluru,2023-11-14,No,1,No
10184,Kiran Yadav,Male,28,Finance,Financial Analyst,B.Com,3,60240,Ahmedabad,2019-03-25,No,4,No
10185,Deepak Roy,Female,46,HR,HR Executive,Graduate,18,89576,Ahmedabad,2017-03-14,Yes,1,Yes
10186,Mohit Joshi,Male,43,Finance,Financial Analyst,B.Com,18,98272,Pune,2017-02-02,No,4,No
10187,Priya Gupta,Male,41,IT,Developer,B.Com,12,97870,Lucknow,2019-01-01,Yes,1,Yes
10188,Pooja Sharma,Female,27,Marketing,Marketing Executive,B.Com,0,49840,Lucknow,2018-12-30,No,3,No
10189,Kiran Verma,Male,46,IT,QA Engineer,B.Tech,18,109815,Delhi,2020-04-20,Yes,5,No
10190,Nisha Gupta,Female,34,Sales,Sales Executive,B.Com,4,59525,Ahmedabad,2016-03-31,No,3,Yes
10191,Sonia Verma,Female,48,HR,Recruiter,M.Com,20,87763,Mumbai,2020-10-25,No,1,No
10192,Pooja Gupta,Female,41,Operations,Operations Executive,Graduate,20,90780,Lucknow,2023-05-20,No,1,Yes
10193,Arjun Kumar,Female,25,Finance,Financial Analyst,B.Com,0,56252,Delhi,2017-08-01,No,5,No
10194,Deepak Gupta,Female,22,Marketing,SEO Specialist,B.Com,1,50472,Bengaluru,2022-02-11,No,5,No
10195,Sonia Yadav,Female,32,HR,HR Executive,MBA,3,51868,Kolkata,2020-06-30,No,3,No
10196,Kiran Sharma,Male,41,Finance,Financial Analyst,Graduate,18,98538,Delhi,2021-07-09,Yes,2,Yes
10197,Sonia Singh,Male,34,Finance,Accountant,MBA,4,66709,Noida,2017-01-29,No,3,No
10198,Rahul Roy,Female,41,HR,HR Executive,B.Tech,12,69855,Jaipur,2023-08-17,No,2,Yes
10199,Sneha Mehta,Male,43,Sales,Sales Manager,B.Tech,16,88462,Kolkata,2019-12-31,No,2,Yes
10200,Mohit Verma,Male,32,IT,QA Engineer,B.Com,6,78130,Noida,2020-02-01,No,1,No
10201,Sneha Yadav,Female,47,IT,QA Engineer,B.Tech,19,112667,Delhi,2015-12-02,Yes,4,No
10202,Anjali Joshi,Male,30,IT,Developer,M.Com,4,77974,Bengaluru,2022-01-19,No,5,No
10203,Sonia Roy,Female,43,Finance,Accountant,B.Com,19,106309,Jaipur,2018-08-20,Yes,4,No
10204,Pooja Yadav,Male,41,IT,Developer,Graduate,14,99873,Kolkata,2018-11-04,No,2,Yes
10205,Neha Kumar,Female,39,IT,Analyst,M.Com,10,87363,Kolkata,2016-03-06,Yes,3,No
10206,Rohan Joshi,Female,38,HR,HR Executive,MBA,16,78656,Chennai,2020-03-12,Yes,5,No
10207,Deepak Mehta,Male,27,IT,Analyst,M.Com,1,69763,Pune,2023-10-27,No,5,No
10208,Sonia Gupta,Female,49,Sales,Sales Manager,B.Tech,19,92383,Noida,2021-03-13,No,1,Yes
10209,Pooja Patel,Female,33,HR,HR Executive,MBA,12,66191,Delhi,2018-03-19,No,4,No
10210,Neha Kumar,Female,38,IT,QA Engineer,B.Com,9,85840,Kolkata,2023-08-25,No,4,No
10211,Kiran Kumar,Female,32,IT,Analyst,Graduate,5,77799,Mumbai,2022-06-20,No,2,Yes
10212,Rahul Kumar,Female,36,HR,Recruiter,B.Tech,10,69496,Bengaluru,2019-05-10,Yes,1,No
10213,Arjun Singh,Male,35,Marketing,Marketing Executive,MBA,9,72471,Noida,2017-07-08,Yes,2,Yes
10214,Kiran Roy,Male,34,Sales,Sales Manager,Graduate,4,53097,Mumbai,2018-10-10,No,2,Yes
10215,Nisha Verma,Male,32,Operations,Operations Executive,MBA,3,44513,Mumbai,2017-10-21,No,2,Yes
10216,Anjali Sharma,Male,37,Sales,Sales Manager,MBA,10,72908,Kolkata,2021-08-21,No,5,No
10217,Arjun Joshi,Female,33,Operations,Supervisor,M.Com,4,55884,Mumbai,2016-06-29,No,5,No
10218,Rohan Kumar,Female,23,HR,Recruiter,B.Com,2,43324,Lucknow,2016-03-06,No,2,Yes
10219,Priya Roy,Female,21,HR,Recruiter,M.Com,0,42044,Noida,2019-10-17,No,5,No
10220,Rohan Sharma,Female,38,Finance,Accountant,B.Tech,17,97563,Delhi,2023-07-12,Yes,2,No
10221,Deepak Sharma,Female,50,Sales,Sales Executive,M.Com,20,92202,Pune,2017-08-13,Yes,3,No
10222,Deepak Yadav,Female,38,Finance,Accountant,Graduate,18,98917,Pune,2020-02-09,Yes,4,No
10223,Sneha Sharma,Female,36,IT,QA Engineer,M.Com,15,106094,Delhi,2016-09-06,No,3,No
10224,Priya Patel,Male,33,Marketing,SEO Specialist,Graduate,13,80249,Noida,2019-07-08,No,3,No
10225,Neha Gupta,Male,35,Finance,Financial Analyst,B.Com,7,74072,Pune,2019-09-10,Yes,2,No
10226,Anjali Kumar,Female,30,HR,HR Executive,B.Com,9,66035,Lucknow,2020-05-27,Yes,4,No
10227,Kiran Yadav,Male,36,HR,HR Executive,Graduate,8,58752,Bengaluru,2021-08-27,No,4,Yes
10228,Anjali Gupta,Female,43,Operations,Operations Executive,MBA,14,73106,Kolkata,2018-09-27,Yes,3,No
10229,Rohan Gupta,Male,35,Operations,Supervisor,M.Com,5,54207,Mumbai,2016-10-22,No,3,No
10230,Amit Joshi,Male,38,Finance,Financial Analyst,B.Tech,13,90183,Delhi,2024-12-13,Yes,3,No
10231,Nisha Kumar,Female,23,IT,Developer,B.Tech,1,62859,Noida,2018-12-23,No,3,No
10232,Neha Sharma,Male,40,HR,HR Executive,M.Com,13,77007,Lucknow,2015-08-25,Yes,3,No
10233,Kiran Kumar,Female,28,IT,Analyst,B.Tech,6,76066,Noida,2015-02-27,Yes,1,Yes
10234,Arjun Joshi,Male,39,Sales,Sales Executive,B.Com,18,92419,Chennai,2017-04-10,Yes,1,Yes
10235,Deepak Sharma,Male,34,IT,Developer,M.Com,11,93541,Lucknow,2024-02-20,No,5,No
10236,Arjun Yadav,Male,29,Marketing,Marketing Executive,M.Com,8,63923,Noida,2015-12-07,No,4,No
10237,Mohit Mehta,Female,36,HR,Recruiter,Graduate,15,76107,Noida,2015-11-24,Yes,2,No
10238,Vikas Gupta,Female,28,Finance,Accountant,M.Com,6,72619,Delhi,2016-07-07,No,1,Yes
10239,Rohan Patel,Female,31,IT,Analyst,MBA,11,88434,Lucknow,2019-07-01,No,5,No
10240,Rohan Sharma,Female,33,Finance,Financial Analyst,B.Tech,10,77190,Pune,2017-06-01,Yes,1,Yes
10241,Deepak Roy,Male,30,Sales,Sales Executive,B.Com,9,70040,Mumbai,2015-03-01,No,5,No
10242,Kiran Verma,Male,27,HR,Recruiter,Graduate,0,36676,Bengaluru,2015-11-09,No,3,No
10243,Kiran Patel,Female,22,IT,Analyst,MBA,1,71856,Chennai,2023-09-15,No,1,No
10244,Rohan Verma,Female,27,Sales,Sales Executive,B.Tech,1,43938,Ahmedabad,2016-04-03,No,4,No
10245,Rahul Joshi,Male,42,Finance,Accountant,Graduate,20,103325,Jaipur,2015-12-05,Yes,5,No
10246,Anjali Roy,Female,48,Finance,Financial Analyst,M.Com,19,102434,Pune,2023-07-05,Yes,4,No
10247,Anjali Roy,Female,40,HR,HR Executive,M.Com,11,68841,Ahmedabad,2015-02-10,No,2,No
10248,Neha Sharma,Male,36,IT,Analyst,B.Com,13,96463,Jaipur,2020-06-07,No,2,No
10249,Sneha Sharma,Female,26,Marketing,Marketing Executive,B.Tech,6,66203,Lucknow,2018-11-09,Yes,2,Yes
10250,Nisha Roy,Female,41,IT,QA Engineer,M.Com,16,103404,Chennai,2019-03-25,Yes,1,No
10251,Kiran Joshi,Female,31,Finance,Accountant,Graduate,7,69511,Delhi,2018-10-02,No,4,No
10252,Neha Joshi,Female,41,Marketing,SEO Specialist,B.Tech,13,82874,Pune,2023-05-30,Yes,2,Yes
10253,Rohan Gupta,Male,32,Finance,Accountant,B.Com,5,63873,Pune,2020-04-20,No,2,Yes
10254,Vikas Yadav,Male,32,IT,QA Engineer,Graduate,5,82000,Mumbai,2018-03-13,No,5,No
10255,Neha Singh,Female,40,HR,Recruiter,M.Com,10,66721,Jaipur,2015-06-28,No,5,No
10256,Neha Patel,Female,37,Operations,Operations Executive,Graduate,8,63588,Bengaluru,2021-06-10,No,4,No
10257,Anjali Singh,Female,40,Sales,Sales Manager,MBA,12,71487,Kolkata,2017-07-31,Yes,3,No
10258,Rahul Yadav,Male,36,Operations,Supervisor,B.Tech,6,54433,Delhi,2023-10-03,Yes,4,No
10259,Rahul Sharma,Male,40,HR,HR Executive,B.Com,19,86780,Delhi,2019-11-10,Yes,1,Yes
10260,Sneha Joshi,Female,38,HR,HR Executive,B.Com,18,89729,Jaipur,2020-06-28,No,3,No
10261,Mohit Patel,Female,36,Finance,Financial Analyst,M.Com,15,91926,Bengaluru,2019-12-13,Yes,5,No
10262,Arjun Singh,Female,29,Marketing,SEO Specialist,B.Com,8,65171,Lucknow,2015-02-09,No,3,No
10263,Amit Kumar,Male,41,IT,Analyst,B.Tech,11,93907,Delhi,2024-03-27,No,2,Yes
10264,Pooja Yadav,Female,37,HR,HR Executive,B.Tech,17,86765,Lucknow,2022-08-11,Yes,1,Yes
10265,Nisha Mehta,Male,43,IT,Developer,B.Com,16,102951,Jaipur,2015-03-10,No,1,Yes
10266,Anjali Patel,Female,38,IT,Analyst,B.Com,18,105368,Mumbai,2019-10-23,No,1,No
10267,Sonia Verma,Female,26,HR,HR Executive,Graduate,4,53005,Ahmedabad,2019-10-01,No,5,No
10268,Rohan Yadav,Female,21,Finance,Financial Analyst,MBA,1,62285,Pune,2023-02-17,No,2,Yes
10269,Priya Verma,Male,29,IT,QA Engineer,M.Com,1,63065,Lucknow,2017-07-15,No,2,No
10270,Mohit Roy,Female,34,Finance,Accountant,B.Tech,13,83147,Noida,2023-05-25,No,3,No
10271,Rohan Kumar,Female,40,IT,Analyst,B.Tech,18,108246,Chennai,2019-11-19,Yes,3,Yes
10272,Deepak Roy,Female,36,HR,HR Executive,B.Tech,10,64799,Pune,2015-08-14,No,1,Yes
10273,Priya Mehta,Female,36,Finance,Accountant,Graduate,8,73117,Jaipur,2018-01-28,No,2,Yes
10274,Sonia Roy,Female,35,Marketing,Marketing Executive,B.Com,9,71721,Kolkata,2015-02-22,Yes,4,No
10275,Anjali Kumar,Male,40,Finance,Financial Analyst,MBA,12,89798,Delhi,2018-10-09,No,2,No
10276,Nisha Yadav,Female,32,IT,QA Engineer,B.Com,6,82017,Kolkata,2020-08-28,Yes,1,No
10277,Anjali Singh,Male,37,IT,Developer,M.Com,13,95674,Pune,2016-06-09,No,1,No
10278,Kiran Joshi,Male,36,IT,Developer,B.Com,12,97615,Mumbai,2024-08-16,Yes,2,Yes
10279,Amit Verma,Female,40,Marketing,Marketing Executive,B.Com,17,90219,Chennai,2020-04-28,Yes,5,No
10280,Kiran Verma,Male,36,HR,Recruiter,MBA,8,64768,Kolkata,2018-02-14,No,1,Yes
10281,Priya Kumar,Male,38,Marketing,SEO Specialist,MBA,12,82400,Pune,2019-02-26,Yes,5,No
10282,Rahul Roy,Male,37,Operations,Operations Executive,MBA,12,75066,Noida,2015-06-04,No,1,Yes
10283,Sonia Joshi,Female,41,Finance,Accountant,MBA,17,93827,Noida,2018-05-06,Yes,5,No
10284,Sneha Gupta,Female,24,IT,QA Engineer,B.Com,1,70977,Ahmedabad,2021-09-15,No,5,No
10285,Priya Yadav,Male,43,Finance,Financial Analyst,M.Com,14,87031,Delhi,2024-01-03,No,1,Yes
10286,Sonia Patel,Female,46,HR,Recruiter,B.Com,18,87586,Bengaluru,2019-01-01,Yes,4,No
10287,Amit Verma,Female,44,Operations,Supervisor,B.Com,17,88421,Delhi,2022-06-29,Yes,5,No
10288,Nisha Patel,Female,38,Finance,Financial Analyst,M.Com,8,76061,Bengaluru,2015-02-11,Yes,3,No
10289,Kiran Sharma,Male,28,Sales,Sales Manager,M.Com,3,54195,Lucknow,2023-08-22,No,4,No
10290,Kiran Gupta,Male,33,Operations,Supervisor,B.Com,6,56040,Jaipur,2023-11-14,Yes,5,No
10291,Priya Mehta,Female,36,Operations,Supervisor,B.Com,8,59028,Noida,2022-06-24,No,1,Yes
10292,Deepak Patel,Male,26,HR,Recruiter,Graduate,1,44946,Noida,2018-04-21,No,5,No
10293,Vikas Roy,Male,30,Sales,Sales Executive,MBA,7,65243,Bengaluru,2022-12-30,No,4,No
10294,Nisha Singh,Male,46,IT,Developer,B.Tech,19,114212,Delhi,2017-10-01,No,2,No
10295,Deepak Gupta,Female,35,IT,Developer,MBA,7,78815,Bengaluru,2019-04-08,No,5,No
10296,Sonia Joshi,Female,33,HR,Recruiter,B.Com,9,58427,Noida,2015-07-07,No,1,No
10297,Vikas Singh,Female,40,Sales,Sales Manager,B.Com,14,75386,Kolkata,2017-01-17,No,3,No
10298,Neha Patel,Male,30,HR,HR Executive,B.Tech,9,61394,Lucknow,2021-03-13,No,2,Yes
10299,Rahul Gupta,Female,30,Sales,Sales Manager,B.Tech,1,47950,Chennai,2018-05-18,No,3,No
10300,Kiran Kumar,Male,28,Operations,Operations Executive,M.Com,4,51351,Bengaluru,2022-09-03,No,5,No
10301,Kiran Kumar,Male,37,Finance,Financial Analyst,B.Com,13,91514,Bengaluru,2015-06-06,No,4,No
10302,Kiran Gupta,Female,28,HR,Recruiter,B.Tech,8,60689,Noida,2021-07-17,No,4,No
10303,Kiran Singh,Female,25,IT,Developer,B.Tech,3,76175,Pune,2024-05-09,No,1,No
10304,Sneha Roy,Female,34,Marketing,SEO Specialist,Graduate,11,76957,Chennai,2023-11-19,Yes,1,Yes
10305,Nisha Kumar,Male,34,IT,Developer,MBA,8,85797,Mumbai,2020-08-27,Yes,5,No
10306,Sonia Singh,Female,38,Operations,Supervisor,B.Tech,18,91900,Jaipur,2016-10-25,Yes,3,No
10307,Mohit Yadav,Male,29,Operations,Supervisor,M.Com,0,40452,Kolkata,2017-10-11,No,2,Yes
10308,Amit Gupta,Female,34,Operations,Supervisor,B.Tech,12,76253,Bengaluru,2020-08-26,No,4,No
10309,Rohan Joshi,Female,29,IT,Developer,MBA,7,85209,Pune,2020-12-20,Yes,2,No
10310,Rohan Roy,Female,33,HR,HR Executive,B.Tech,12,69730,Lucknow,2024-10-11,No,3,No
10311,Kiran Kumar,Female,48,Marketing,SEO Specialist,Graduate,19,93528,Kolkata,2019-11-06,Yes,3,No
10312,Vikas Mehta,Male,29,Finance,Financial Analyst,Graduate,8,74639,Mumbai,2017-03-08,No,3,No
10313,Kiran Joshi,Female,28,HR,Recruiter,B.Tech,8,57050,Kolkata,2018-11-11,Yes,3,Yes
10314,Neha Sharma,Male,43,Marketing,Marketing Executive,B.Tech,16,84736,Lucknow,2017-12-01,No,5,No
10315,Nisha Joshi,Male,34,HR,Recruiter,Graduate,13,74069,Jaipur,2022-12-11,No,1,Yes
10316,Anjali Roy,Male,32,HR,Recruiter,B.Tech,8,64943,Bengaluru,2015-02-22,Yes,3,No
10317,Rahul Kumar,Female,23,Operations,Supervisor,B.Tech,3,53973,Noida,2018-10-28,No,5,No
10318,Rahul Mehta,Male,35,Finance,Accountant,B.Com,8,71129,Lucknow,2016-12-23,No,5,No
10319,Amit Verma,Male,28,Finance,Accountant,B.Com,2,58725,Chennai,2015-03-21,No,1,Yes
10320,Priya Yadav,Female,23,Finance,Financial Analyst,MBA,0,55389,Noida,2020-06-09,No,1,No
10321,Pooja Joshi,Female,36,Operations,Supervisor,Graduate,6,59979,Lucknow,2018-07-16,No,5,Yes
10322,Nisha Roy,Male,41,HR,HR Executive,M.Com,17,78050,Bengaluru,2020-03-26,No,4,No
10323,Arjun Kumar,Female,32,Finance,Accountant,Graduate,9,80726,Delhi,2022-01-28,Yes,1,Yes
10324,Arjun Sharma,Female,40,Finance,Accountant,B.Tech,19,103021,Bengaluru,2015-02-20,No,3,No
10325,Kiran Mehta,Female,38,Operations,Supervisor,B.Com,16,84367,Bengaluru,2022-09-07,Yes,2,Yes
10326,Deepak Patel,Female,48,Marketing,SEO Specialist,M.Com,18,97814,Lucknow,2023-03-26,No,1,No
10327,Kiran Patel,Male,37,IT,Developer,B.Com,17,110012,Jaipur,2024-01-06,No,3,No
10328,Mohit Verma,Male,46,Marketing,SEO Specialist,Graduate,18,96923,Pune,2022-11-14,No,3,No
10329,Sneha Yadav,Female,26,Marketing,Marketing Executive,MBA,3,52355,Lucknow,2024-03-17,No,3,Yes
10330,Sneha Verma,Male,44,Marketing,Marketing Executive,B.Com,20,93787,Ahmedabad,2024-02-16,No,1,No
10331,Sonia Roy,Female,32,IT,QA Engineer,B.Tech,6,76341,Noida,2022-07-26,No,1,No
10332,Priya Joshi,Male,30,IT,QA Engineer,MBA,9,90423,Noida,2017-12-18,No,5,No
10333,Rohan Gupta,Male,25,Operations,Operations Executive,M.Com,1,41335,Bengaluru,2024-04-09,No,5,No
10334,Rahul Mehta,Male,28,Sales,Sales Executive,Graduate,5,57559,Jaipur,2020-01-29,No,1,Yes
10335,Rohan Yadav,Male,40,Finance,Accountant,M.Com,10,75589,Jaipur,2022-10-08,No,2,Yes
10336,Vikas Singh,Female,36,IT,Developer,B.Com,13,95059,Lucknow,2023-04-12,No,4,No
10337,Amit Gupta,Male,41,IT,QA Engineer,Graduate,18,108363,Delhi,2015-06-15,Yes,1,Yes
10338,Pooja Singh,Male,40,Operations,Supervisor,Graduate,14,81745,Jaipur,2022-03-27,Yes,2,No
10339,Kiran Gupta,Female,41,HR,HR Executive,B.Com,16,82669,Delhi,2016-09-12,No,4,No
10340,Arjun Sharma,Male,27,Marketing,Marketing Executive,Graduate,2,52800,Delhi,2023-10-14,No,5,No
10341,Pooja Roy,Male,32,Marketing,SEO Specialist,B.Tech,5,62816,Jaipur,2018-03-18,No,2,Yes
10342,Mohit Mehta,Female,29,IT,Analyst,B.Tech,9,82777,Kolkata,2021-09-10,Yes,1,Yes
10343,Mohit Gupta,Female,44,Marketing,Marketing Executive,MBA,20,100204,Chennai,2020-09-18,No,2,Yes
10344,Sneha Roy,Female,41,Sales,Sales Manager,MBA,13,75523,Chennai,2023-11-13,Yes,2,Yes
10345,Priya Sharma,Male,36,Sales,Sales Executive,M.Com,6,57473,Bengaluru,2023-01-29,No,1,Yes
10346,Vikas Kumar,Female,39,Operations,Supervisor,B.Tech,13,74459,Noida,2021-11-18,No,5,No
10347,Pooja Kumar,Male,31,Sales,Sales Executive,Graduate,7,59943,Mumbai,2024-05-01,No,5,No
10348,Nisha Verma,Male,43,Marketing,SEO Specialist,Graduate,18,96059,Lucknow,2018-09-18,Yes,2,Yes
10349,Nisha Patel,Male,42,IT,Developer,Graduate,12,99888,Mumbai,2024-03-05,No,5,No
10350,Rohan Roy,Male,34,Operations,Operations Executive,MBA,6,57866,Noida,2015-09-26,Yes,3,No
10351,Amit Verma,Male,30,Finance,Financial Analyst,M.Com,0,50528,Pune,2022-11-30,No,5,Yes
10352,Sneha Verma,Male,28,Operations,Operations Executive,B.Com,0,44272,Ahmedabad,2015-10-03,No,1,Yes
10353,Mohit Kumar,Female,42,Sales,Sales Executive,Graduate,13,78484,Bengaluru,2018-08-16,Yes,5,No
10354,Priya Joshi,Female,32,IT,Developer,B.Com,9,88648,Pune,2016-09-12,Yes,3,No
10355,Mohit Joshi,Male,41,HR,HR Executive,MBA,11,64840,Mumbai,2021-11-24,Yes,4,No
10356,Rohan Patel,Female,41,Sales,Sales Executive,Graduate,17,91931,Kolkata,2024-02-10,Yes,2,Yes
10357,Sonia Roy,Male,32,Sales,Sales Manager,M.Com,8,64404,Noida,2024-06-20,Yes,1,No
10358,Priya Patel,Female,33,Operations,Supervisor,B.Com,5,52012,Noida,2017-04-20,No,1,Yes
10359,Amit Yadav,Male,38,HR,Recruiter,MBA,12,70443,Chennai,2015-07-21,Yes,4,No
10360,Anjali Patel,Male,44,Sales,Sales Executive,B.Tech,19,89199,Delhi,2016-11-07,No,2,No
10361,Arjun Mehta,Female,41,Operations,Supervisor,M.Com,12,72011,Delhi,2015-10-26,No,3,No
10362,Kiran Singh,Female,27,Operations,Operations Executive,M.Com,1,49062,Kolkata,2020-02-28,No,2,Yes
10363,Neha Kumar,Female,30,IT,QA Engineer,B.Com,2,68060,Pune,2021-09-02,No,2,Yes
10364,Sonia Gupta,Male,27,Sales,Sales Manager,M.Com,6,64146,Pune,2019-01-31,Yes,3,No
10365,Mohit Sharma,Female,50,Marketing,SEO Specialist,MBA,20,95056,Pune,2017-05-13,No,3,No
10366,Deepak Kumar,Male,47,HR,HR Executive,B.Com,20,90673,Bengaluru,2022-07-11,Yes,1,Yes
10367,Deepak Kumar,Female,41,Finance,Financial Analyst,MBA,18,99215,Ahmedabad,2020-01-24,No,2,No
10368,Anjali Kumar,Male,23,IT,Developer,Graduate,1,66147,Lucknow,2017-02-23,No,3,No
10369,Pooja Singh,Male,23,Finance,Accountant,M.Com,1,62272,Noida,2018-08-14,No,5,No
10370,Rohan Sharma,Male,30,HR,Recruiter,MBA,7,60511,Delhi,2015-03-21,Yes,2,No
10371,Priya Kumar,Male,33,Sales,Sales Manager,Graduate,8,67306,Chennai,2017-04-15,No,4,No
10372,Rahul Gupta,Male,37,HR,Recruiter,B.Com,14,71867,Mumbai,2019-02-24,No,1,No
10373,Anjali Patel,Male,47,Marketing,Marketing Executive,Graduate,20,97773,Pune,2024-10-08,Yes,4,No
10374,Sonia Kumar,Male,33,HR,Recruiter,Graduate,3,44081,Lucknow,2021-07-24,No,2,Yes
10375,Rohan Sharma,Female,38,Marketing,Marketing Executive,M.Com,11,76917,Mumbai,2023-04-14,Yes,5,No
10376,Priya Sharma,Male,29,Sales,Sales Executive,M.Com,1,52476,Noida,2023-08-29,No,4,No
10377,Sneha Sharma,Female,31,Operations,Operations Executive,B.Tech,8,58755,Chennai,2016-09-10,Yes,1,Yes
10378,Rohan Gupta,Female,34,HR,HR Executive,B.Tech,5,55990,Chennai,2017-06-04,No,4,No
10379,Kiran Joshi,Female,31,IT,QA Engineer,M.Com,3,75792,Noida,2015-12-24,No,3,No
10380,Rohan Gupta,Female,42,Operations,Operations Executive,M.Com,20,92045,Mumbai,2016-06-30,Yes,3,No
10381,Neha Singh,Female,27,Finance,Financial Analyst,Graduate,2,63943,Mumbai,2022-08-28,No,5,No
10382,Arjun Joshi,Female,41,HR,Recruiter,Graduate,14,70968,Jaipur,2017-10-25,No,2,Yes
10383,Rohan Kumar,Female,32,Sales,Sales Executive,Graduate,11,69793,Pune,2018-03-01,No,3,No
10384,Pooja Joshi,Female,24,Sales,Sales Manager,M.Com,0,40014,Mumbai,2017-06-11,No,1,Yes
10385,Arjun Sharma,Male,33,IT,Analyst,B.Tech,8,86263,Delhi,2024-08-28,No,5,No
10386,Deepak Joshi,Male,42,Sales,Sales Executive,B.Com,14,84522,Lucknow,2020-08-13,No,3,No
10387,Anjali Kumar,Female,35,Operations,Supervisor,B.Com,7,62264,Chennai,2024-10-24,Yes,1,Yes
10388,Arjun Yadav,Male,45,HR,HR Executive,M.Com,17,79095,Kolkata,2019-07-17,Yes,1,No
10389,Pooja Patel,Male,35,Marketing,Marketing Executive,B.Com,5,55657,Pune,2015-03-02,No,1,Yes
10390,Priya Patel,Female,41,Operations,Operations Executive,B.Com,13,74852,Bengaluru,2016-10-28,No,1,Yes
10391,Nisha Mehta,Female,43,Sales,Sales Executive,B.Tech,13,76834,Kolkata,2021-11-28,Yes,2,No
10392,Vikas Verma,Female,29,HR,Recruiter,B.Tech,0,35817,Noida,2018-11-10,No,3,No
10393,Vikas Roy,Male,45,Marketing,Marketing Executive,Graduate,19,97216,Ahmedabad,2018-02-03,Yes,3,No
10394,Kiran Kumar,Male,21,Finance,Accountant,B.Tech,0,57824,Bengaluru,2020-09-21,No,4,Yes
10395,Neha Joshi,Female,39,Operations,Supervisor,MBA,13,74962,Ahmedabad,2022-03-30,Yes,5,No
10396,Arjun Kumar,Male,46,Finance,Accountant,Graduate,19,104051,Lucknow,2024-10-09,No,4,No
10397,Vikas Verma,Female,24,Finance,Financial Analyst,Graduate,3,61192,Delhi,2020-12-29,No,2,Yes
10398,Mohit Singh,Male,34,Sales,Sales Manager,M.Com,8,64446,Bengaluru,2022-10-25,No,1,No
10399,Nisha Joshi,Male,40,IT,QA Engineer,Graduate,18,106598,Jaipur,2021-12-02,Yes,1,No
10400,Anjali Gupta,Male,38,Finance,Financial Analyst,Graduate,14,91175,Noida,2017-04-11,No,5,No
10401,Rahul Yadav,Female,46,IT,Analyst,B.Tech,16,109438,Chennai,2015-08-29,No,1,No
10402,Pooja Gupta,Female,38,HR,Recruiter,M.Com,14,75943,Chennai,2023-10-13,No,3,No
10403,Kiran Sharma,Male,30,Finance,Financial Analyst,B.Com,5,70892,Jaipur,2019-03-30,No,4,No
10404,Priya Sharma,Female,33,Operations,Supervisor,B.Tech,12,75709,Chennai,2015-04-27,Yes,1,Yes
10405,Mohit Sharma,Female,41,HR,HR Executive,B.Com,16,83283,Pune,2023-06-08,No,4,No
10406,Vikas Patel,Female,34,HR,Recruiter,Graduate,4,49438,Noida,2020-12-27,No,5,No
10407,Nisha Singh,Female,34,IT,Analyst,M.Com,5,80968,Chennai,2017-06-15,No,5,No
10408,Deepak Mehta,Female,27,HR,HR Executive,MBA,0,36043,Noida,2022-12-06,No,1,No
10409,Vikas Joshi,Male,39,Marketing,SEO Specialist,Graduate,16,87450,Pune,2020-12-20,No,2,No
10410,Deepak Singh,Male,40,HR,HR Executive,MBA,19,83945,Noida,2017-07-02,No,4,No
10411,Sneha Roy,Male,21,Operations,Operations Executive,Graduate,0,39765,Ahmedabad,2021-05-14,No,4,No
10412,Sonia Joshi,Female,27,Finance,Accountant,M.Com,6,74537,Delhi,2020-11-12,Yes,4,No
10413,Pooja Mehta,Male,39,HR,HR Executive,B.Tech,15,75167,Lucknow,2019-05-10,No,5,Yes
10414,Arjun Patel,Female,26,HR,HR Executive,B.Com,1,47084,Ahmedabad,2018-11-19,No,4,No
10415,Deepak Singh,Male,22,Marketing,SEO Specialist,Graduate,1,50696,Kolkata,2021-02-18,No,5,No
10416,Sneha Sharma,Female,47,HR,Recruiter,B.Com,18,81117,Delhi,2018-09-22,Yes,2,No
10417,Rohan Joshi,Male,37,Operations,Operations Executive,MBA,17,81252,Bengaluru,2022-02-17,Yes,3,No
10418,Anjali Kumar,Female,42,Finance,Accountant,M.Com,18,102786,Bengaluru,2017-06-24,No,4,No
10419,Pooja Verma,Female,32,Sales,Sales Executive,B.Tech,2,52663,Pune,2015-06-12,No,4,No
10420,Arjun Verma,Female,26,HR,HR Executive,M.Com,2,41709,Bengaluru,2016-03-25,No,2,No
10421,Sonia Yadav,Male,48,IT,Developer,MBA,20,115368,Ahmedabad,2022-05-04,Yes,3,No
10422,Mohit Singh,Male,28,Finance,Accountant,B.Com,7,76504,Bengaluru,2023-03-05,No,1,No
10423,Anjali Joshi,Male,34,HR,HR Executive,B.Com,6,53478,Ahmedabad,2015-09-25,Yes,4,No
10424,Vikas Sharma,Male,42,Sales,Sales Executive,Graduate,15,85586,Delhi,2022-04-14,Yes,4,No
10425,Sneha Verma,Male,48,HR,HR Executive,MBA,19,88306,Ahmedabad,2015-12-25,Yes,5,No
10426,Deepak Sharma,Male,50,Finance,Financial Analyst,M.Com,20,100688,Mumbai,2023-05-19,Yes,2,Yes
10427,Mohit Sharma,Male,33,Operations,Supervisor,MBA,8,64861,Delhi,2020-03-28,Yes,1,Yes
10428,Anjali Joshi,Male,39,HR,Recruiter,B.Com,19,83548,Bengaluru,2022-12-21,Yes,3,No
10429,Deepak Roy,Female,45,IT,QA Engineer,B.Com,20,115171,Delhi,2019-07-09,Yes,2,No
10430,Mohit Joshi,Female,25,Sales,Sales Manager,B.Tech,0,47787,Noida,2022-02-20,No,2,No
10431,Rahul Yadav,Female,42,Marketing,SEO Specialist,Graduate,12,77360,Delhi,2017-04-03,Yes,3,No
10432,Arjun Joshi,Male,44,Marketing,Marketing Executive,M.Com,19,99297,Noida,2021-08-09,No,2,Yes
10433,Anjali Joshi,Female,40,Finance,Accountant,B.Tech,11,86937,Bengaluru,2015-11-04,Yes,2,No
10434,Rahul Verma,Female,32,IT,Developer,MBA,6,81763,Jaipur,2022-05-30,No,3,No
10435,Rohan Singh,Male,50,HR,Recruiter,B.Tech,20,92350,Jaipur,2023-06-12,Yes,5,No
10436,Rahul Singh,Male,33,Finance,Financial Analyst,Graduate,9,77939,Chennai,2019-02-20,No,2,No
10437,Anjali Verma,Male,25,IT,Analyst,M.Com,5,78722,Noida,2015-04-21,No,3,No
10438,Deepak Mehta,Male,48,Sales,Sales Executive,B.Com,19,96055,Delhi,2021-10-15,Yes,1,Yes
10439,Nisha Singh,Male,45,Finance,Financial Analyst,Graduate,15,94625,Jaipur,2019-08-16,Yes,4,No
10440,Sneha Singh,Male,23,HR,Recruiter,B.Com,1,38246,Chennai,2018-08-03,No,1,Yes
10441,Sneha Mehta,Female,32,IT,Analyst,Graduate,4,79275,Lucknow,2015-12-11,No,2,Yes
10442,Arjun Gupta,Male,33,IT,QA Engineer,Graduate,3,74995,Kolkata,2024-11-17,No,3,No
10443,Sneha Mehta,Female,37,Operations,Supervisor,M.Com,11,69561,Lucknow,2018-03-20,No,1,Yes
10444,Sonia Roy,Male,31,HR,Recruiter,M.Com,9,59642,Noida,2016-12-22,No,1,Yes
10445,Pooja Sharma,Male,31,Finance,Financial Analyst,Graduate,5,68402,Delhi,2016-09-26,No,4,No
10446,Nisha Singh,Female,41,IT,Analyst,Graduate,16,105519,Noida,2017-07-22,Yes,5,No
10447,Deepak Yadav,Female,23,Marketing,SEO Specialist,M.Com,0,46898,Bengaluru,2023-04-18,No,2,No
10448,Neha Joshi,Male,36,HR,Recruiter,B.Tech,13,72422,Bengaluru,2020-11-08,No,2,Yes
10449,Neha Kumar,Female,36,Operations,Supervisor,Graduate,8,65857,Mumbai,2023-05-23,No,1,No
10450,Vikas Roy,Male,35,Operations,Supervisor,M.Com,12,76414,Jaipur,2017-12-03,Yes,5,No
10451,Amit Gupta,Female,47,IT,Analyst,Graduate,19,112956,Bengaluru,2016-09-08,Yes,4,No
10452,Pooja Yadav,Male,46,HR,HR Executive,B.Com,17,79953,Chennai,2015-09-29,No,2,Yes
10453,Priya Joshi,Female,46,IT,Analyst,Graduate,16,105093,Chennai,2020-06-06,No,2,Yes
10454,Anjali Joshi,Male,23,Operations,Supervisor,Graduate,3,48425,Chennai,2023-11-13,No,2,No
10455,Deepak Singh,Female,22,Finance,Accountant,M.Com,2,57539,Pune,2022-09-29,No,3,No
10456,Deepak Kumar,Female,28,Marketing,SEO Specialist,B.Com,7,67323,Kolkata,2017-12-10,No,5,No
10457,Nisha Patel,Male,41,Marketing,Marketing Executive,M.Com,14,78589,Ahmedabad,2020-08-24,Yes,5,No
10458,Pooja Joshi,Male,33,Finance,Financial Analyst,B.Tech,10,78891,Ahmedabad,2015-04-04,Yes,4,No
10459,Amit Singh,Female,35,IT,Analyst,MBA,9,90110,Jaipur,2024-04-18,Yes,3,No
10460,Rahul Kumar,Male,36,HR,Recruiter,Graduate,8,56852,Ahmedabad,2024-07-19,Yes,3,No
10461,Sneha Roy,Male,30,Sales,Sales Manager,B.Tech,1,47014,Lucknow,2018-09-30,No,2,Yes
10462,Mohit Mehta,Male,30,Sales,Sales Executive,MBA,0,40893,Lucknow,2016-02-07,No,5,No
10463,Nisha Joshi,Female,25,Sales,Sales Executive,B.Tech,0,47517,Lucknow,2024-08-01,No,4,No
10464,Anjali Sharma,Male,45,Sales,Sales Manager,B.Com,19,88021,Kolkata,2020-09-16,No,1,Yes
10465,Pooja Patel,Female,31,Finance,Financial Analyst,M.Com,8,73750,Lucknow,2022-08-15,Yes,2,Yes
10466,Deepak Joshi,Female,35,Sales,Sales Manager,MBA,11,69091,Lucknow,2015-03-07,Yes,2,No
10467,Nisha Gupta,Male,41,IT,Developer,M.Com,19,111574,Mumbai,2022-11-01,No,1,No
10468,Amit Roy,Female,37,Finance,Financial Analyst,B.Tech,14,93481,Lucknow,2024-07-01,No,2,No
10469,Rahul Sharma,Female,24,Marketing,Marketing Executive,Graduate,1,54146,Delhi,2022-10-11,No,3,No
10470,Sneha Roy,Female,30,IT,Analyst,B.Tech,6,76440,Noida,2017-05-28,Yes,3,No
10471,Mohit Patel,Male,24,Sales,Sales Manager,Graduate,4,53725,Chennai,2020-06-04,No,2,No
10472,Sneha Roy,Female,33,Operations,Supervisor,B.Com,7,61737,Bengaluru,2022-08-13,No,3,No
10473,Arjun Singh,Male,38,HR,Recruiter,Graduate,10,66753,Noida,2016-03-17,No,4,No
10474,Pooja Patel,Female,24,Marketing,SEO Specialist,B.Tech,2,57820,Lucknow,2015-10-08,No,5,No
10475,Kiran Mehta,Male,36,Operations,Supervisor,M.Com,8,58591,Lucknow,2016-11-08,Yes,2,No
10476,Anjali Kumar,Female,42,Sales,Sales Executive,B.Tech,12,72058,Delhi,2024-03-05,No,5,No
10477,Pooja Roy,Male,30,Marketing,Marketing Executive,B.Tech,8,64814,Mumbai,2023-08-29,No,3,No
10478,Deepak Sharma,Female,21,HR,HR Executive,Graduate,1,43878,Ahmedabad,2022-05-25,No,2,No
10479,Rohan Gupta,Male,22,Marketing,Marketing Executive,Graduate,1,48967,Lucknow,2024-02-27,No,1,No
10480,Mohit Gupta,Male,34,Operations,Operations Executive,B.Com,13,78401,Lucknow,2024-08-13,Yes,4,No
10481,Anjali Gupta,Male,39,Sales,Sales Executive,B.Com,15,83829,Kolkata,2023-08-07,Yes,5,No
10482,Rahul Kumar,Male,41,Finance,Financial Analyst,B.Tech,20,100941,Ahmedabad,2017-04-16,No,3,No
10483,Neha Mehta,Male,36,Operations,Operations Executive,M.Com,14,72846,Jaipur,2016-12-08,No,2,Yes
10484,Arjun Joshi,Male,36,Marketing,Marketing Executive,Graduate,14,80707,Kolkata,2024-05-22,No,3,No
10485,Priya Yadav,Female,38,Sales,Sales Executive,B.Tech,8,67573,Ahmedabad,2024-03-23,No,1,No
10486,Amit Singh,Male,41,Finance,Financial Analyst,B.Tech,17,95189,Pune,2021-03-05,No,5,No
10487,Kiran Joshi,Male,36,IT,Developer,M.Com,9,82566,Kolkata,2018-09-21,Yes,3,No
10488,Arjun Verma,Male,29,Finance,Accountant,B.Com,7,68551,Kolkata,2023-10-26,Yes,1,No
10489,Priya Roy,Female,31,IT,Analyst,B.Com,8,87858,Pune,2017-12-25,No,5,No
10490,Neha Joshi,Female,37,Sales,Sales Manager,Graduate,9,65801,Pune,2021-09-17,No,3,No
10491,Vikas Joshi,Male,37,Marketing,SEO Specialist,B.Tech,14,78969,Delhi,2015-07-20,Yes,4,No
10492,Priya Patel,Female,40,Finance,Financial Analyst,MBA,15,92724,Bengaluru,2021-01-24,No,1,Yes
10493,Sneha Joshi,Male,39,Finance,Financial Analyst,MBA,15,96532,Lucknow,2017-02-03,Yes,5,No
10494,Deepak Kumar,Female,26,Finance,Financial Analyst,B.Com,2,62720,Kolkata,2020-10-08,No,4,No
10495,Kiran Sharma,Male,40,IT,Developer,B.Tech,13,100428,Bengaluru,2017-03-18,Yes,3,No
10496,Rohan Roy,Female,35,Finance,Financial Analyst,Graduate,8,71868,Delhi,2022-07-22,Yes,1,No
10497,Vikas Patel,Female,25,Operations,Supervisor,Graduate,0,43693,Ahmedabad,2020-11-15,No,1,Yes
10498,Mohit Gupta,Male,28,Operations,Operations Executive,MBA,1,48472,Pune,2023-11-18,No,5,No
10499,Amit Patel,Male,45,IT,Analyst,MBA,19,110494,Pune,2015-08-18,No,2,Yes
10500,Neha Sharma,Male,41,Marketing,SEO Specialist,Graduate,16,83462,Bengaluru,2018-04-11,Yes,4,No
10501,Pooja Yadav,Female,41,Marketing,SEO Specialist,M.Com,12,76185,Chennai,2018-06-15,Yes,3,No
10502,Neha Verma,Male,21,Operations,Supervisor,B.Com,0,41304,Jaipur,2021-05-15,No,4,No
10503,Neha Roy,Male,30,Finance,Accountant,M.Com,4,60187,Noida,2017-02-08,No,5,No
10504,Arjun Mehta,Male,33,IT,Analyst,MBA,6,82298,Mumbai,2023-02-16,No,5,No
10505,Kiran Verma,Male,37,Operations,Operations Executive,MBA,8,64278,Jaipur,2018-04-07,No,5,No
10506,Vikas Mehta,Male,39,Sales,Sales Manager,B.Tech,12,75322,Lucknow,2018-07-16,No,3,No
10507,Amit Verma,Male,35,HR,Recruiter,B.Tech,5,57091,Chennai,2018-04-14,No,4,No
10508,Rohan Sharma,Male,35,Finance,Accountant,M.Com,10,78490,Mumbai,2016-12-16,Yes,3,No
10509,Sneha Verma,Female,39,IT,Analyst,M.Com,18,109453,Chennai,2018-10-27,Yes,4,No
10510,Priya Yadav,Male,42,IT,QA Engineer,MBA,20,118611,Pune,2021-02-11,No,5,No
10511,Rohan Sharma,Female,37,Operations,Operations Executive,M.Com,12,69504,Mumbai,2024-09-09,Yes,5,Yes
10512,Deepak Singh,Male,33,Finance,Accountant,M.Com,6,65278,Bengaluru,2024-10-11,No,2,No
10513,Kiran Patel,Male,39,Marketing,SEO Specialist,B.Com,10,74578,Chennai,2017-07-17,No,4,No
10514,Deepak Singh,Female,44,Sales,Sales Manager,Graduate,18,92853,Pune,2022-08-06,Yes,4,No
10515,Nisha Yadav,Female,33,HR,Recruiter,Graduate,11,64181,Delhi,2023-06-10,Yes,5,No
10516,Mohit Joshi,Female,38,Finance,Accountant,M.Com,17,98362,Delhi,2016-03-08,Yes,1,No
10517,Rohan Yadav,Female,39,Operations,Operations Executive,Graduate,18,88292,Kolkata,2018-07-03,No,1,Yes
10518,Pooja Kumar,Female,46,IT,QA Engineer,M.Com,16,100122,Jaipur,2016-07-20,Yes,5,No
10519,Amit Sharma,Male,40,Marketing,Marketing Executive,B.Com,18,97857,Bengaluru,2021-05-24,No,3,Yes
10520,Priya Kumar,Male,28,Sales,Sales Manager,MBA,7,61414,Chennai,2022-04-10,No,2,Yes
10521,Anjali Sharma,Male,35,IT,Analyst,Graduate,12,96663,Bengaluru,2021-06-17,No,3,No
10522,Rohan Roy,Male,34,Operations,Operations Executive,M.Com,4,52712,Jaipur,2016-11-10,No,4,No
10523,Amit Kumar,Female,34,Marketing,Marketing Executive,M.Com,14,81325,Mumbai,2018-10-17,No,2,No
10524,Neha Joshi,Male,35,Operations,Supervisor,MBA,6,59455,Kolkata,2022-05-20,Yes,2,No
10525,Deepak Kumar,Female,42,Marketing,Marketing Executive,B.Com,14,80831,Kolkata,2023-02-27,No,4,No
10526,Neha Verma,Male,24,IT,Analyst,B.Com,0,67695,Bengaluru,2020-08-10,No,4,No
10527,Anjali Yadav,Male,38,Operations,Supervisor,Graduate,13,77921,Chennai,2016-06-30,Yes,3,No
10528,Mohit Singh,Female,39,Operations,Operations Executive,M.Com,18,83767,Noida,2021-01-20,No,5,No
10529,Pooja Yadav,Female,29,Finance,Accountant,M.Com,0,57839,Kolkata,2015-10-31,No,2,No
10530,Neha Patel,Male,43,IT,Developer,MBA,13,93597,Ahmedabad,2020-01-13,Yes,5,No
10531,Nisha Sharma,Male,41,Sales,Sales Manager,Graduate,19,93332,Bengaluru,2024-10-26,No,4,No
10532,Arjun Singh,Female,37,Sales,Sales Manager,M.Com,11,74078,Delhi,2021-11-04,No,4,No
10533,Anjali Joshi,Female,24,IT,Analyst,Graduate,2,72858,Ahmedabad,2015-07-28,No,2,Yes
10534,Anjali Joshi,Male,36,Marketing,Marketing Executive,B.Tech,15,82913,Lucknow,2015-05-22,Yes,3,No
10535,Mohit Singh,Male,39,Finance,Accountant,B.Tech,12,86212,Chennai,2023-08-12,No,5,No
10536,Rahul Sharma,Female,40,Sales,Sales Manager,B.Tech,14,82325,Delhi,2021-08-09,Yes,2,Yes
10537,Pooja Yadav,Female,44,Marketing,SEO Specialist,Graduate,17,87055,Lucknow,2023-04-21,No,2,No
10538,Rohan Joshi,Female,27,Sales,Sales Executive,M.Com,6,60762,Ahmedabad,2023-04-09,No,1,Yes
10539,Nisha Roy,Male,33,IT,Analyst,MBA,3,74656,Mumbai,2019-08-02,No,2,Yes
10540,Vikas Patel,Male,26,Marketing,SEO Specialist,Graduate,4,53267,Mumbai,2018-12-12,No,1,No
10541,Arjun Patel,Female,34,Operations,Operations Executive,MBA,10,65347,Bengaluru,2024-05-17,Yes,4,No
10542,Rohan Joshi,Female,42,Finance,Financial Analyst,M.Com,17,96498,Delhi,2019-05-20,No,1,Yes
10543,Deepak Roy,Female,23,HR,HR Executive,Graduate,3,47475,Mumbai,2024-04-22,No,4,No
10544,Priya Kumar,Female,44,HR,HR Executive,B.Com,15,77758,Noida,2023-10-28,Yes,3,No
10545,Anjali Yadav,Male,37,Operations,Supervisor,M.Com,12,69476,Delhi,2017-11-25,No,1,Yes
10546,Mohit Sharma,Female,30,Sales,Sales Manager,M.Com,4,54483,Bengaluru,2019-03-16,No,4,No
10547,Sonia Patel,Female,21,Operations,Operations Executive,MBA,0,39571,Jaipur,2024-09-24,No,1,No
10548,Sneha Sharma,Female,36,Sales,Sales Manager,MBA,11,73848,Delhi,2016-10-20,Yes,2,No
10549,Pooja Patel,Female,29,Sales,Sales Manager,MBA,8,66609,Lucknow,2020-10-25,No,4,No
10550,Amit Verma,Male,34,Operations,Supervisor,B.Com,4,52406,Noida,2022-06-25,No,4,No
10551,Sneha Sharma,Female,42,Operations,Supervisor,B.Tech,12,69103,Delhi,2024-12-03,No,5,No
10552,Priya Kumar,Male,34,Finance,Financial Analyst,B.Tech,5,70832,Delhi,2021-07-07,No,3,No
10553,Nisha Patel,Female,48,IT,QA Engineer,M.Com,18,106830,Ahmedabad,2017-09-25,No,1,Yes
10554,Amit Mehta,Female,27,Finance,Accountant,Graduate,6,70609,Kolkata,2016-09-15,No,5,No
10555,Anjali Patel,Female,27,HR,HR Executive,B.Com,6,55296,Kolkata,2021-05-21,No,1,Yes
10556,Amit Singh,Male,21,HR,HR Executive,M.Com,1,44206,Ahmedabad,2023-03-10,No,2,No
10557,Sneha Roy,Male,23,Finance,Financial Analyst,B.Com,1,55955,Bengaluru,2017-10-01,No,3,No
10558,Kiran Yadav,Male,23,Sales,Sales Executive,M.Com,2,48738,Ahmedabad,2019-03-27,No,3,No
10559,Vikas Verma,Female,41,Operations,Operations Executive,B.Tech,20,90384,Jaipur,2017-04-03,Yes,1,Yes
10560,Deepak Yadav,Male,30,Operations,Supervisor,M.Com,7,61912,Lucknow,2021-11-14,No,2,No
10561,Vikas Roy,Female,27,HR,HR Executive,Graduate,6,55316,Delhi,2015-01-12,Yes,1,Yes
10562,Priya Sharma,Male,37,HR,Recruiter,Graduate,14,72319,Mumbai,2016-06-03,No,4,No
10563,Sneha Patel,Female,38,Sales,Sales Executive,M.Com,14,76429,Chennai,2017-08-20,No,2,Yes
10564,Anjali Verma,Male,46,Marketing,SEO Specialist,M.Com,18,92104,Chennai,2024-04-18,No,3,Yes
10565,Neha Sharma,Male,43,Marketing,Marketing Executive,B.Tech,18,94997,Mumbai,2024-09-09,No,1,No
10566,Vikas Gupta,Male,22,IT,Analyst,B.Tech,0,61956,Pune,2023-08-17,No,3,No
10567,Rahul Kumar,Female,40,Sales,Sales Executive,B.Tech,18,91154,Noida,2019-09-15,Yes,3,No
10568,Neha Patel,Male,39,Operations,Operations Executive,MBA,15,77640,Chennai,2019-11-26,Yes,5,No
10569,Arjun Mehta,Male,41,IT,QA Engineer,B.Tech,20,114186,Pune,2024-02-04,Yes,2,Yes
10570,Pooja Patel,Female,30,Sales,Sales Executive,B.Com,4,53135,Delhi,2019-12-24,No,1,Yes
10571,Neha Verma,Female,49,Sales,Sales Executive,M.Com,20,96699,Jaipur,2022-03-20,No,5,Yes
10572,Neha Verma,Male,35,Marketing,SEO Specialist,B.Com,7,65512,Ahmedabad,2016-03-24,Yes,1,Yes
10573,Neha Gupta,Male,34,Marketing,SEO Specialist,MBA,6,58416,Lucknow,2023-10-02,No,4,No
10574,Rohan Patel,Female,38,Finance,Accountant,Graduate,9,81435,Pune,2024-09-07,Yes,4,No
10575,Sneha Roy,Female,34,HR,Recruiter,M.Com,14,75991,Mumbai,2019-11-09,Yes,5,No
10576,Amit Sharma,Male,26,IT,QA Engineer,Graduate,1,63416,Noida,2024-02-12,No,2,Yes
10577,Pooja Yadav,Male,30,HR,HR Executive,MBA,5,50870,Noida,2016-02-11,No,2,Yes
10578,Arjun Patel,Male,41,Finance,Financial Analyst,B.Com,15,91114,Pune,2023-05-24,No,2,Yes
10579,Deepak Mehta,Female,44,Operations,Operations Executive,Graduate,16,78506,Jaipur,2018-03-29,No,5,Yes
10580,Priya Sharma,Male,29,IT,Analyst,B.Tech,2,69021,Noida,2022-09-21,No,5,No
10581,Anjali Sharma,Male,43,Finance,Accountant,B.Com,14,87902,Bengaluru,2016-01-31,No,3,No
10582,Rohan Gupta,Male,43,Marketing,Marketing Executive,B.Tech,13,83889,Mumbai,2020-07-07,No,1,Yes
10583,Sneha Mehta,Male,28,HR,HR Executive,B.Com,7,61841,Kolkata,2024-02-16,No,2,No
10584,Pooja Patel,Female,40,Operations,Supervisor,Graduate,20,88919,Lucknow,2016-04-01,No,4,No
10585,Arjun Gupta,Female,41,Marketing,SEO Specialist,MBA,20,97795,Mumbai,2017-04-13,No,5,No
10586,Rahul Kumar,Female,29,Operations,Operations Executive,MBA,7,61680,Delhi,2016-11-19,Yes,3,No
10587,Amit Joshi,Female,38,Finance,Accountant,MBA,18,101563,Delhi,2015-08-19,Yes,5,No
10588,Deepak Patel,Female,43,HR,HR Executive,B.Com,17,79787,Noida,2015-11-08,No,1,Yes
10589,Vikas Roy,Female,45,HR,HR Executive,M.Com,17,84848,Bengaluru,2016-11-21,No,2,Yes
10590,Priya Roy,Male,29,Marketing,Marketing Executive,B.Tech,9,73962,Bengaluru,2019-04-25,No,5,No
10591,Amit Sharma,Male,30,HR,Recruiter,MBA,2,49218,Pune,2021-12-04,No,3,No
10592,Rohan Mehta,Male,40,IT,Developer,B.Tech,16,104234,Noida,2017-07-15,No,2,No
10593,Rohan Sharma,Female,41,Finance,Financial Analyst,M.Com,15,92152,Ahmedabad,2019-12-05,No,3,No
10594,Arjun Kumar,Female,38,Finance,Financial Analyst,B.Tech,14,93000,Chennai,2016-06-07,No,1,No
10595,Amit Mehta,Male,31,HR,HR Executive,MBA,2,49141,Jaipur,2024-01-30,No,2,Yes
10596,Arjun Patel,Female,43,Sales,Sales Executive,B.Com,19,94332,Mumbai,2017-05-07,Yes,4,No
10597,Sonia Singh,Female,26,Finance,Financial Analyst,Graduate,1,54463,Pune,2023-02-01,No,3,No
10598,Rahul Patel,Male,38,IT,QA Engineer,MBA,9,83497,Bengaluru,2015-09-07,No,4,No
10599,Kiran Yadav,Male,47,Sales,Sales Executive,Graduate,19,97049,Lucknow,2018-08-16,No,3,No
10600,Nisha Singh,Male,34,Marketing,Marketing Executive,M.Com,12,81628,Bengaluru,2017-09-26,Yes,3,No
10601,Rohan Sharma,Male,34,Operations,Supervisor,B.Tech,8,64884,Bengaluru,2021-09-30,No,4,No
10602,Priya Joshi,Male,25,IT,Developer,B.Tech,3,68079,Bengaluru,2017-06-07,No,2,No
10603,Mohit Mehta,Female,30,Operations,Operations Executive,Graduate,5,54532,Jaipur,2023-07-16,No,4,No
10604,Nisha Sharma,Female,42,Finance,Financial Analyst,B.Com,20,102844,Kolkata,2023-02-09,No,3,No
10605,Priya Gupta,Female,42,Sales,Sales Executive,Graduate,15,86244,Delhi,2022-02-10,No,3,No
10606,Vikas Roy,Female,49,Marketing,Marketing Executive,MBA,20,95898,Ahmedabad,2021-12-30,No,5,No
10607,Amit Sharma,Female,30,Operations,Supervisor,B.Tech,1,39785,Delhi,2024-09-17,No,5,No
10608,Neha Kumar,Male,38,Finance,Financial Analyst,B.Com,11,84483,Mumbai,2022-04-27,No,2,Yes
10609,Sonia Gupta,Male,27,IT,Analyst,M.Com,5,73000,Kolkata,2021-07-22,No,4,No
10610,Rohan Sharma,Female,39,Marketing,SEO Specialist,B.Com,17,93320,Noida,2015-07-08,No,4,No
10611,Deepak Patel,Male,28,Finance,Financial Analyst,MBA,8,76292,Bengaluru,2018-10-09,No,2,No
10612,Pooja Singh,Female,29,HR,HR Executive,M.Com,8,56103,Noida,2015-06-02,No,4,No
10613,Arjun Gupta,Female,36,Marketing,Marketing Executive,M.Com,10,70929,Ahmedabad,2016-01-27,Yes,1,Yes
10614,Sneha Sharma,Male,34,IT,Developer,MBA,12,96800,Mumbai,2019-10-07,Yes,3,No
10615,Arjun Singh,Male,26,IT,Analyst,B.Com,2,67586,Jaipur,2018-05-03,No,2,Yes
10616,Sonia Gupta,Male,39,HR,Recruiter,B.Com,18,84989,Bengaluru,2020-10-14,Yes,3,No
10617,Neha Sharma,Female,25,HR,HR Executive,M.Com,2,43721,Noida,2021-03-22,No,2,No
10618,Vikas Gupta,Female,37,Marketing,SEO Specialist,B.Tech,9,68481,Pune,2024-12-12,No,1,Yes
10619,Kiran Verma,Male,31,Sales,Sales Manager,M.Com,5,55039,Mumbai,2020-07-21,No,3,No
10620,Kiran Kumar,Male,39,Operations,Operations Executive,Graduate,17,83975,Pune,2017-04-28,No,3,No
10621,Nisha Verma,Female,41,Finance,Financial Analyst,B.Com,18,96985,Noida,2020-07-26,Yes,3,No
10622,Sonia Kumar,Female,33,HR,Recruiter,M.Com,10,64982,Chennai,2021-06-01,Yes,2,Yes
10623,Neha Sharma,Male,35,IT,Developer,MBA,9,91506,Mumbai,2018-10-27,No,1,Yes
10624,Mohit Singh,Male,40,Marketing,Marketing Executive,MBA,17,95179,Kolkata,2023-05-18,Yes,4,Yes
10625,Nisha Patel,Female,35,IT,QA Engineer,MBA,5,76979,Bengaluru,2016-06-04,No,3,No
10626,Nisha Verma,Female,39,Operations,Supervisor,B.Tech,18,91271,Jaipur,2017-06-16,Yes,5,No
10627,Vikas Kumar,Male,43,IT,QA Engineer,Graduate,13,93769,Noida,2024-07-31,No,2,Yes
10628,Mohit Roy,Male,43,Finance,Financial Analyst,MBA,17,97336,Mumbai,2020-02-09,No,2,Yes
10629,Nisha Sharma,Male,37,Marketing,Marketing Executive,MBA,14,84266,Ahmedabad,2023-11-26,No,2,No
10630,Sneha Verma,Male,45,Finance,Financial Analyst,MBA,17,98479,Pune,2024-07-09,Yes,5,No
10631,Priya Gupta,Male,33,Finance,Accountant,MBA,9,79353,Noida,2017-10-20,Yes,1,No
10632,Rahul Roy,Male,32,IT,QA Engineer,MBA,11,89735,Jaipur,2018-11-10,No,3,No
10633,Rahul Sharma,Female,40,Finance,Financial Analyst,B.Com,13,82991,Delhi,2022-05-08,No,5,No
10634,Priya Singh,Male,48,IT,Analyst,B.Tech,20,112308,Pune,2017-08-17,Yes,5,No
10635,Priya Mehta,Male,36,Marketing,SEO Specialist,MBA,6,61999,Mumbai,2022-09-11,Yes,1,No
10636,Anjali Sharma,Female,44,HR,Recruiter,M.Com,16,83549,Delhi,2024-08-27,No,3,No
10637,Anjali Verma,Male,21,Sales,Sales Manager,B.Tech,0,46284,Mumbai,2022-10-27,No,5,No
10638,Arjun Joshi,Female,38,HR,Recruiter,B.Tech,18,86808,Bengaluru,2019-03-17,No,3,Yes
10639,Pooja Gupta,Female,34,HR,HR Executive,M.Com,11,63853,Kolkata,2020-03-07,No,5,No
10640,Mohit Sharma,Male,28,Operations,Operations Executive,Graduate,4,50869,Pune,2017-02-21,No,3,No
10641,Kiran Verma,Female,40,HR,HR Executive,M.Com,18,85254,Bengaluru,2022-03-01,No,4,No
10642,Nisha Yadav,Male,35,Sales,Sales Executive,B.Com,7,64509,Lucknow,2017-02-28,Yes,1,Yes
10643,Mohit Patel,Male,24,Marketing,Marketing Executive,MBA,3,58722,Mumbai,2019-05-02,No,5,No
10644,Sneha Verma,Female,41,Finance,Accountant,B.Tech,18,95736,Jaipur,2019-11-27,Yes,4,No
10645,Rohan Sharma,Male,37,Operations,Operations Executive,Graduate,15,77087,Noida,2017-04-26,No,3,No
10646,Sneha Patel,Female,32,Operations,Operations Executive,Graduate,12,68785,Ahmedabad,2015-02-20,No,3,No
10647,Deepak Sharma,Male,27,Sales,Sales Executive,M.Com,7,63006,Pune,2019-03-01,No,4,No
10648,Priya Yadav,Male,39,Sales,Sales Manager,M.Com,19,87909,Bengaluru,2022-02-23,No,4,No
10649,Priya Yadav,Female,31,Marketing,SEO Specialist,Graduate,4,58579,Ahmedabad,2023-06-29,No,5,No
10650,Rohan Verma,Male,43,HR,Recruiter,M.Com,16,83407,Kolkata,2021-06-14,Yes,5,No
10651,Arjun Joshi,Female,24,Operations,Supervisor,B.Com,4,53490,Jaipur,2018-08-15,No,1,Yes
10652,Rohan Patel,Male,32,Operations,Supervisor,MBA,6,59200,Ahmedabad,2017-02-15,Yes,1,Yes
10653,Rahul Joshi,Male,28,Finance,Accountant,MBA,1,60222,Ahmedabad,2019-10-03,No,3,No
10654,Mohit Mehta,Female,42,Sales,Sales Manager,Graduate,20,97280,Jaipur,2023-11-24,No,4,No
10655,Kiran Verma,Male,38,Sales,Sales Manager,B.Tech,9,63696,Lucknow,2022-05-16,No,2,Yes
10656,Arjun Singh,Male,40,Marketing,Marketing Executive,Graduate,14,85499,Chennai,2024-11-22,No,4,Yes
10657,Deepak Yadav,Female,35,Marketing,Marketing Executive,MBA,6,65148,Ahmedabad,2022-12-29,Yes,2,No
10658,Pooja Roy,Female,40,Sales,Sales Executive,B.Tech,14,76294,Pune,2015-01-29,No,1,No
10659,Arjun Yadav,Male,30,Marketing,SEO Specialist,Graduate,5,60673,Delhi,2023-10-12,No,2,No
10660,Anjali Joshi,Female,28,Sales,Sales Manager,M.Com,8,62870,Bengaluru,2018-06-09,Yes,3,No
10661,Deepak Roy,Female,37,Operations,Operations Executive,M.Com,16,83325,Kolkata,2021-08-10,Yes,2,Yes
10662,Rohan Patel,Female,41,Sales,Sales Manager,M.Com,11,71956,Mumbai,2022-10-17,No,5,No
10663,Priya Joshi,Male,30,Sales,Sales Executive,MBA,7,63091,Kolkata,2018-01-03,No,3,No
10664,Nisha Joshi,Female,46,Finance,Accountant,B.Com,18,100765,Bengaluru,2017-09-28,No,2,Yes
10665,Nisha Verma,Male,46,IT,Analyst,B.Com,18,113088,Ahmedabad,2015-05-13,No,1,Yes
10666,Neha Mehta,Female,39,Operations,Supervisor,B.Com,17,89428,Jaipur,2019-02-28,No,5,No
10667,Rohan Yadav,Male,23,IT,QA Engineer,M.Com,1,72428,Bengaluru,2021-04-25,No,5,No
10668,Anjali Kumar,Male,42,Marketing,SEO Specialist,Graduate,17,86934,Mumbai,2022-05-30,No,2,Yes
10669,Vikas Singh,Male,38,Finance,Accountant,B.Tech,15,88290,Kolkata,2021-09-23,No,3,No
10670,Rohan Verma,Female,26,HR,HR Executive,Graduate,3,46410,Delhi,2021-07-15,No,4,No
10671,Sonia Joshi,Male,28,Sales,Sales Executive,B.Com,7,65861,Kolkata,2015-09-03,Yes,5,No
10672,Arjun Verma,Female,40,IT,Analyst,Graduate,15,106812,Ahmedabad,2017-03-26,No,4,Yes
10673,Rahul Patel,Female,30,Finance,Financial Analyst,B.Tech,10,76674,Delhi,2023-04-28,No,2,No
10674,Anjali Kumar,Male,37,Operations,Supervisor,MBA,14,78938,Bengaluru,2017-11-13,No,2,Yes
10675,Neha Gupta,Female,30,Operations,Operations Executive,B.Tech,0,45706,Pune,2021-05-02,No,2,No
10676,Neha Roy,Female,41,IT,QA Engineer,M.Com,17,107318,Bengaluru,2023-01-31,Yes,4,No
10677,Nisha Verma,Female,30,HR,HR Executive,B.Tech,2,44517,Kolkata,2024-03-19,No,2,No
10678,Anjali Singh,Male,39,Finance,Financial Analyst,B.Com,14,88359,Noida,2015-07-28,No,2,Yes
10679,Anjali Verma,Female,36,Operations,Supervisor,B.Com,9,61531,Delhi,2015-05-11,Yes,5,No
10680,Vikas Mehta,Male,30,IT,Analyst,B.Tech,10,91900,Delhi,2020-03-25,No,2,Yes
10681,Priya Verma,Male,44,Sales,Sales Executive,MBA,20,95045,Kolkata,2017-02-25,Yes,3,No
10682,Deepak Gupta,Female,29,Marketing,Marketing Executive,B.Tech,8,65581,Bengaluru,2023-05-26,No,5,No
10683,Neha Roy,Male,36,Finance,Financial Analyst,M.Com,8,78807,Mumbai,2023-08-23,No,3,No
10684,Arjun Singh,Male,35,Operations,Operations Executive,M.Com,5,57428,Ahmedabad,2015-10-08,No,1,Yes
10685,Rohan Yadav,Male,27,HR,HR Executive,B.Com,0,35966,Noida,2020-02-03,No,5,No
10686,Deepak Singh,Female,23,Operations,Operations Executive,Graduate,2,51036,Kolkata,2021-05-23,No,4,No
10687,Sonia Verma,Female,30,Operations,Operations Executive,B.Tech,10,63052,Jaipur,2022-07-27,No,1,Yes
10688,Anjali Patel,Female,31,Operations,Supervisor,B.Tech,11,72859,Lucknow,2023-03-04,No,4,No
10689,Rohan Joshi,Male,30,HR,Recruiter,M.Com,3,43257,Kolkata,2018-09-06,No,4,No
10690,Sonia Mehta,Male,41,IT,Developer,Graduate,14,101652,Ahmedabad,2022-11-02,No,3,No
10691,Mohit Gupta,Female,33,Marketing,SEO Specialist,B.Tech,7,66229,Jaipur,2021-05-30,No,1,No
10692,Sneha Yadav,Male,34,Operations,Supervisor,B.Tech,4,52967,Kolkata,2024-09-29,No,3,No
10693,Arjun Roy,Female,32,IT,Developer,MBA,9,82845,Ahmedabad,2022-01-01,No,3,No
10694,Sneha Yadav,Female,34,IT,QA Engineer,Graduate,6,83565,Lucknow,2015-10-17,Yes,4,No
10695,Arjun Roy,Male,33,IT,Developer,Graduate,9,86828,Lucknow,2017-09-17,No,3,No
10696,Priya Gupta,Male,27,IT,Developer,B.Tech,5,77791,Jaipur,2021-03-22,No,2,Yes
10697,Anjali Sharma,Male,39,Operations,Supervisor,M.Com,17,86195,Mumbai,2023-09-26,No,2,No
10698,Neha Sharma,Male,21,HR,Recruiter,B.Com,1,45004,Pune,2023-11-02,No,5,No
10699,Arjun Singh,Male,22,Finance,Financial Analyst,B.Com,0,59447,Mumbai,2016-06-10,No,3,No
10700,Vikas Yadav,Male,26,Operations,Operations Executive,B.Com,2,48395,Chennai,2020-12-08,No,3,No
10701,Arjun Verma,Male,34,Sales,Sales Executive,B.Tech,14,78626,Delhi,2021-03-12,No,1,Yes
10702,Priya Patel,Male,41,Marketing,SEO Specialist,Graduate,16,84874,Bengaluru,2017-12-11,Yes,3,No
10703,Anjali Yadav,Female,35,Marketing,Marketing Executive,B.Tech,12,77201,Bengaluru,2019-09-18,No,1,No
10704,Neha Kumar,Female,33,Sales,Sales Manager,M.Com,5,53377,Jaipur,2019-12-17,No,5,No
10705,Kiran Roy,Male,36,Marketing,SEO Specialist,MBA,15,83846,Chennai,2021-06-03,Yes,5,No
10706,Rahul Joshi,Male,34,Operations,Operations Executive,M.Com,8,61080,Bengaluru,2020-02-28,No,4,No
10707,Kiran Sharma,Female,42,Marketing,SEO Specialist,M.Com,16,91504,Mumbai,2024-11-25,No,2,Yes
10708,Priya Verma,Male,30,Operations,Supervisor,B.Tech,1,40295,Pune,2024-02-17,No,1,Yes
10709,Amit Mehta,Male,40,Marketing,SEO Specialist,B.Com,18,92189,Ahmedabad,2017-01-24,No,5,No
10710,Deepak Verma,Female,33,HR,HR Executive,MBA,9,66269,Kolkata,2019-10-07,No,3,No
10711,Sonia Verma,Male,34,Finance,Accountant,B.Tech,8,79961,Kolkata,2017-03-07,No,5,No
10712,Mohit Verma,Male,29,Sales,Sales Executive,Graduate,4,56748,Lucknow,2023-07-24,No,1,No
10713,Kiran Roy,Male,29,Marketing,Marketing Executive,B.Com,5,63253,Lucknow,2021-08-15,No,1,No
10714,Anjali Kumar,Female,36,Operations,Supervisor,Graduate,9,68057,Pune,2021-10-03,Yes,5,No
10715,Rahul Yadav,Male,42,HR,Recruiter,B.Tech,12,71446,Chennai,2021-03-26,No,4,No
10716,Mohit Roy,Male,45,Marketing,SEO Specialist,M.Com,17,88010,Kolkata,2019-11-03,Yes,2,No
10717,Mohit Singh,Male,40,Finance,Financial Analyst,B.Com,10,80116,Mumbai,2021-10-15,Yes,5,No
10718,Amit Joshi,Male,41,Finance,Accountant,B.Com,19,102270,Pune,2018-05-04,Yes,2,No
10719,Arjun Joshi,Male,47,Operations,Supervisor,B.Com,20,95051,Pune,2019-12-22,No,4,No
10720,Pooja Yadav,Male,30,IT,Developer,Graduate,0,69698,Chennai,2017-07-18,No,2,Yes
10721,Kiran Mehta,Male,50,HR,HR Executive,Graduate,20,92693,Kolkata,2020-06-25,Yes,3,No
10722,Kiran Gupta,Male,41,IT,QA Engineer,M.Com,15,101952,Lucknow,2023-02-04,No,1,No
10723,Nisha Sharma,Male,25,Marketing,Marketing Executive,M.Com,5,64784,Chennai,2018-09-26,No,5,No
10724,Sneha Singh,Male,28,HR,HR Executive,MBA,5,49583,Noida,2016-03-22,No,5,No
10725,Arjun Mehta,Female,34,Finance,Financial Analyst,M.Com,14,93886,Noida,2015-08-03,No,4,No
10726,Arjun Yadav,Female,48,Marketing,Marketing Executive,B.Tech,20,98142,Bengaluru,2024-10-22,No,5,No
10727,Neha Roy,Male,31,Sales,Sales Manager,B.Tech,11,72622,Ahmedabad,2023-06-04,Yes,5,No
10728,Kiran Yadav,Male,39,Marketing,SEO Specialist,MBA,9,75394,Kolkata,2020-01-14,No,4,No
10729,Deepak Roy,Male,46,Finance,Accountant,B.Com,16,98251,Chennai,2017-10-09,Yes,4,No
10730,Anjali Singh,Female,25,Sales,Sales Manager,Graduate,0,47101,Lucknow,2024-07-17,No,4,No
10731,Vikas Kumar,Female,30,HR,Recruiter,B.Tech,7,58465,Mumbai,2020-06-27,No,5,No
10732,Priya Kumar,Female,40,Marketing,SEO Specialist,B.Tech,15,83563,Pune,2018-02-07,No,5,No
10733,Arjun Gupta,Male,31,Sales,Sales Executive,Graduate,7,65560,Mumbai,2021-10-03,No,1,No
10734,Amit Patel,Female,35,Sales,Sales Executive,B.Tech,12,75750,Chennai,2023-01-30,No,2,Yes
10735,Sneha Joshi,Male,27,Marketing,Marketing Executive,Graduate,6,65834,Jaipur,2017-05-04,Yes,5,Yes
10736,Nisha Kumar,Female,41,Finance,Accountant,MBA,17,97209,Chennai,2015-09-15,Yes,5,Yes
10737,Amit Verma,Female,45,IT,QA Engineer,B.Com,15,103284,Chennai,2018-03-18,Yes,5,No
10738,Kiran Patel,Female,33,Operations,Operations Executive,MBA,11,65217,Lucknow,2016-06-24,No,4,No
10739,Sonia Joshi,Female,26,Finance,Accountant,MBA,1,54160,Noida,2018-08-08,No,5,No
10740,Amit Sharma,Male,41,Operations,Supervisor,B.Tech,18,89799,Noida,2021-04-21,Yes,2,No
10741,Rahul Sharma,Male,42,Operations,Operations Executive,MBA,17,88862,Ahmedabad,2017-07-14,No,1,No
10742,Nisha Roy,Male,36,Marketing,SEO Specialist,MBA,13,75576,Bengaluru,2022-01-20,No,1,Yes
10743,Pooja Mehta,Male,47,Operations,Operations Executive,M.Com,17,87778,Noida,2018-01-19,No,3,No
10744,Rohan Singh,Female,29,Sales,Sales Executive,M.Com,5,53603,Lucknow,2019-12-21,No,1,Yes
10745,Anjali Gupta,Male,48,HR,HR Executive,M.Com,18,82154,Ahmedabad,2019-04-04,No,1,Yes
10746,Vikas Yadav,Male,46,Operations,Operations Executive,MBA,20,89222,Ahmedabad,2015-09-12,Yes,1,Yes
10747,Vikas Kumar,Female,46,Sales,Sales Manager,B.Tech,20,94568,Jaipur,2020-11-14,Yes,3,No
10748,Anjali Yadav,Male,48,HR,Recruiter,B.Com,20,88470,Kolkata,2019-03-21,Yes,5,No
10749,Anjali Roy,Female,35,Finance,Financial Analyst,MBA,6,66954,Delhi,2024-07-29,Yes,1,Yes
10750,Rohan Patel,Female,44,Sales,Sales Manager,M.Com,14,79914,Chennai,2016-06-02,Yes,4,Yes
10751,Sonia Patel,Female,36,Operations,Operations Executive,B.Tech,12,74843,Noida,2016-07-10,Yes,4,No
10752,Mohit Joshi,Male,34,IT,QA Engineer,Graduate,8,87310,Mumbai,2018-11-20,No,4,No
10753,Amit Roy,Male,28,Sales,Sales Manager,Graduate,8,64595,Bengaluru,2018-06-29,No,2,No
10754,Nisha Gupta,Female,42,Marketing,Marketing Executive,M.Com,14,81285,Pune,2018-01-06,Yes,4,No
10755,Sonia Mehta,Female,31,Operations,Operations Executive,B.Tech,3,46815,Lucknow,2016-07-04,No,3,No
10756,Rahul Gupta,Female,34,IT,Analyst,MBA,13,93949,Chennai,2021-09-29,No,3,No
10757,Sneha Mehta,Male,32,HR,HR Executive,M.Com,12,71376,Pune,2022-10-03,No,5,No
10758,Pooja Singh,Male,21,Sales,Sales Executive,Graduate,0,46020,Kolkata,2019-02-23,No,3,Yes
10759,Vikas Gupta,Female,28,IT,Analyst,MBA,0,61264,Mumbai,2018-09-13,No,2,No
10760,Pooja Yadav,Female,44,Finance,Financial Analyst,B.Com,19,105106,Lucknow,2020-05-19,No,3,No
10761,Priya Roy,Female,22,Operations,Supervisor,MBA,1,48270,Ahmedabad,2017-10-14,No,3,No
10762,Amit Joshi,Female,40,Marketing,SEO Specialist,Graduate,15,88898,Chennai,2020-03-16,Yes,4,No
10763,Sonia Gupta,Female,40,HR,HR Executive,B.Com,17,83681,Ahmedabad,2024-01-05,Yes,2,No
10764,Nisha Kumar,Female,41,IT,Analyst,Graduate,14,104228,Chennai,2017-09-15,No,3,No
10765,Deepak Verma,Female,41,Sales,Sales Manager,Graduate,12,77721,Ahmedabad,2018-04-24,No,5,No
10766,Deepak Joshi,Male,28,Operations,Operations Executive,B.Com,7,60547,Chennai,2016-07-02,No,1,No
10767,Anjali Verma,Male,30,IT,QA Engineer,M.Com,8,87429,Noida,2015-12-06,No,4,No
10768,Rohan Yadav,Male,28,Operations,Operations Executive,B.Com,5,58234,Chennai,2015-01-27,No,2,No
10769,Rohan Kumar,Female,40,HR,Recruiter,M.Com,10,60979,Bengaluru,2019-11-14,No,3,No
10770,Rahul Singh,Female,26,Operations,Supervisor,Graduate,5,55196,Noida,2018-09-21,No,2,No
10771,Rohan Mehta,Female,23,Marketing,Marketing Executive,MBA,1,47057,Jaipur,2017-06-18,No,1,No
10772,Sonia Joshi,Male,26,Operations,Supervisor,MBA,6,53619,Ahmedabad,2018-11-21,Yes,5,No
10773,Rohan Yadav,Male,36,Finance,Accountant,B.Tech,10,78323,Lucknow,2019-11-27,Yes,4,No
10774,Sneha Mehta,Female,36,Sales,Sales Manager,MBA,10,70220,Pune,2021-10-05,No,1,Yes
10775,Pooja Joshi,Male,32,Operations,Operations Executive,M.Com,8,58554,Delhi,2016-04-30,No,2,Yes
10776,Deepak Sharma,Female,36,Marketing,SEO Specialist,B.Tech,12,73951,Delhi,2024-05-18,No,2,No
10777,Rohan Gupta,Male,39,Marketing,Marketing Executive,M.Com,10,76986,Pune,2016-01-04,No,3,No
10778,Arjun Patel,Male,30,Operations,Supervisor,B.Tech,2,45020,Mumbai,2024-12-28,No,3,No
10779,Deepak Kumar,Female,28,HR,Recruiter,MBA,2,44590,Pune,2016-02-04,No,3,No
10780,Rahul Gupta,Female,32,Marketing,Marketing Executive,Graduate,2,50209,Mumbai,2024-01-03,No,4,No
10781,Deepak Mehta,Female,21,Sales,Sales Manager,MBA,0,41500,Chennai,2024-06-28,No,1,Yes
10782,Rohan Kumar,Female,44,IT,Developer,MBA,14,102138,Noida,2018-07-27,No,1,No
10783,Priya Singh,Female,48,IT,Analyst,MBA,19,116930,Ahmedabad,2024-06-11,Yes,2,No
10784,Sonia Singh,Female,27,Marketing,Marketing Executive,B.Tech,3,51354,Jaipur,2019-11-28,No,1,No
10785,Sneha Singh,Male,50,Finance,Accountant,MBA,20,105502,Mumbai,2024-06-08,Yes,3,No
10786,Rohan Sharma,Male,36,IT,QA Engineer,M.Com,12,92802,Bengaluru,2023-12-07,No,1,No
10787,Anjali Singh,Male,40,Marketing,Marketing Executive,B.Tech,14,82326,Noida,2024-02-08,No,4,No
10788,Kiran Yadav,Female,37,Operations,Operations Executive,B.Com,16,78764,Jaipur,2021-12-13,No,5,No
10789,Anjali Roy,Female,32,IT,Developer,B.Tech,9,83994,Delhi,2016-01-26,Yes,2,No
10790,Arjun Mehta,Male,29,Operations,Operations Executive,B.Com,0,39553,Bengaluru,2015-10-28,No,1,Yes
10791,Neha Patel,Female,30,Operations,Operations Executive,B.Tech,8,60287,Bengaluru,2019-08-10,No,5,No
10792,Deepak Mehta,Male,31,Finance,Financial Analyst,B.Com,1,62337,Delhi,2019-04-23,No,4,No
10793,Rohan Joshi,Female,41,HR,HR Executive,MBA,20,85359,Bengaluru,2021-11-20,No,4,No
10794,Rahul Mehta,Female,45,Sales,Sales Manager,B.Com,19,96669,Lucknow,2023-08-15,No,5,No
10795,Rahul Singh,Male,29,Finance,Accountant,B.Tech,7,71469,Chennai,2024-08-20,Yes,5,No
10796,Sonia Singh,Male,29,IT,QA Engineer,B.Tech,5,75004,Bengaluru,2020-10-25,No,5,No
10797,Rahul Sharma,Female,35,HR,Recruiter,MBA,5,55901,Lucknow,2015-01-07,No,3,No
10798,Mohit Joshi,Female,39,HR,HR Executive,B.Tech,15,76878,Bengaluru,2017-09-18,Yes,3,No
10799,Sneha Verma,Female,31,Sales,Sales Executive,MBA,5,60681,Bengaluru,2021-05-29,No,5,No
10800,Neha Roy,Female,30,IT,QA Engineer,B.Com,5,76340,Noida,2024-05-11,No,2,Yes
10801,Anjali Joshi,Female,33,HR,HR Executive,B.Com,11,67433,Kolkata,2022-06-03,Yes,5,Yes
10802,Rahul Joshi,Female,47,Finance,Accountant,Graduate,17,97528,Bengaluru,2023-10-04,No,3,No
10803,Amit Roy,Male,26,Marketing,Marketing Executive,Graduate,3,58286,Pune,2021-05-06,No,2,No
10804,Vikas Roy,Male,43,Finance,Accountant,B.Tech,16,90514,Pune,2022-05-20,No,2,Yes
10805,Deepak Patel,Female,41,Sales,Sales Executive,B.Com,20,99120,Jaipur,2018-01-17,No,1,No
10806,Arjun Joshi,Male,32,Operations,Operations Executive,MBA,10,62559,Mumbai,2023-05-08,Yes,5,No
10807,Amit Gupta,Female,45,Finance,Financial Analyst,Graduate,17,92936,Jaipur,2017-12-11,No,5,No
10808,Sonia Verma,Male,36,Marketing,Marketing Executive,B.Tech,12,75927,Kolkata,2021-09-23,No,2,Yes
10809,Pooja Gupta,Male,42,Finance,Financial Analyst,M.Com,12,86838,Ahmedabad,2015-11-04,Yes,3,No
10810,Vikas Mehta,Male,42,Finance,Accountant,B.Com,12,86866,Pune,2020-06-29,Yes,3,No
10811,Sneha Gupta,Female,34,Operations,Supervisor,M.Com,7,56636,Mumbai,2022-09-14,No,3,Yes
10812,Rohan Kumar,Female,41,Finance,Accountant,B.Com,12,81407,Kolkata,2021-08-17,No,5,No
10813,Amit Joshi,Female,34,Marketing,Marketing Executive,MBA,7,70202,Pune,2018-11-15,Yes,4,No
10814,Deepak Patel,Female,46,HR,HR Executive,Graduate,20,88995,Delhi,2024-04-30,Yes,4,No
10815,Pooja Kumar,Male,32,Sales,Sales Executive,B.Com,7,65389,Jaipur,2019-10-22,Yes,2,No
10816,Deepak Mehta,Female,45,IT,Analyst,Graduate,17,107785,Pune,2022-11-23,Yes,5,No
10817,Vikas Roy,Female,33,Sales,Sales Manager,Graduate,4,57133,Noida,2015-12-09,No,4,No
10818,Sneha Verma,Male,32,Marketing,SEO Specialist,B.Tech,2,53803,Noida,2019-06-29,No,4,No
10819,Nisha Gupta,Male,32,Operations,Supervisor,M.Com,9,69361,Jaipur,2021-11-22,No,5,No
10820,Pooja Sharma,Female,28,Marketing,SEO Specialist,MBA,8,66333,Bengaluru,2022-12-11,Yes,4,No
10821,Deepak Patel,Male,34,Marketing,Marketing Executive,M.Com,12,76654,Noida,2020-07-10,No,2,No
10822,Pooja Gupta,Female,34,HR,Recruiter,B.Tech,5,56450,Bengaluru,2020-05-30,No,2,No
10823,Vikas Yadav,Female,45,Operations,Operations Executive,M.Com,15,84430,Bengaluru,2017-08-12,No,2,No
10824,Rohan Joshi,Male,29,HR,HR Executive,M.Com,8,60731,Chennai,2021-09-11,No,2,Yes
10825,Neha Patel,Female,28,Operations,Supervisor,M.Com,3,49490,Ahmedabad,2015-09-20,No,2,Yes
10826,Anjali Singh,Male,33,Marketing,Marketing Executive,B.Com,4,62995,Noida,2016-01-01,No,4,Yes
10827,Rohan Joshi,Male,40,HR,Recruiter,Graduate,15,78680,Mumbai,2015-05-29,No,2,Yes
10828,Arjun Yadav,Female,41,HR,Recruiter,Graduate,16,83670,Mumbai,2019-08-24,Yes,2,Yes
10829,Pooja Gupta,Male,28,IT,Analyst,B.Com,2,70756,Lucknow,2017-04-06,No,2,Yes
10830,Deepak Gupta,Male,26,Sales,Sales Executive,MBA,3,56005,Pune,2017-05-07,No,5,No
10831,Rahul Patel,Male,39,Marketing,Marketing Executive,Graduate,18,90052,Lucknow,2015-02-16,No,1,Yes
10832,Priya Verma,Female,35,Finance,Accountant,Graduate,5,68174,Ahmedabad,2015-04-03,No,4,No
10833,Vikas Roy,Male,26,Sales,Sales Executive,MBA,0,45622,Mumbai,2019-09-07,No,4,No
10834,Kiran Sharma,Male,28,Finance,Accountant,MBA,3,62582,Pune,2015-09-16,No,5,No
10835,Neha Gupta,Male,44,IT,Analyst,Graduate,19,116825,Chennai,2016-04-13,No,2,No
10836,Anjali Joshi,Female,31,IT,Analyst,Graduate,11,97159,Ahmedabad,2019-01-21,No,5,No
10837,Deepak Singh,Male,40,IT,Developer,Graduate,11,90340,Chennai,2023-04-29,No,4,No
10838,Pooja Joshi,Male,30,Sales,Sales Manager,M.Com,10,68447,Ahmedabad,2020-08-16,No,3,No
10839,Kiran Gupta,Male,35,IT,Developer,M.Com,13,99538,Jaipur,2017-02-25,No,1,Yes
10840,Anjali Joshi,Female,26,Sales,Sales Manager,MBA,0,44189,Ahmedabad,2017-04-24,No,1,No
10841,Kiran Yadav,Male,32,Operations,Operations Executive,B.Tech,9,65328,Bengaluru,2016-05-25,No,1,No
10842,Nisha Roy,Male,31,HR,HR Executive,B.Tech,8,62460,Bengaluru,2020-03-20,No,2,No
10843,Mohit Sharma,Male,34,Finance,Accountant,B.Com,4,61547,Chennai,2021-12-24,No,1,No
10844,Mohit Mehta,Male,38,HR,Recruiter,Graduate,12,65011,Pune,2022-08-27,No,4,No
10845,Rahul Mehta,Male,33,Operations,Operations Executive,MBA,12,67858,Bengaluru,2022-02-08,No,3,No
10846,Pooja Patel,Male,32,HR,Recruiter,M.Com,3,48091,Chennai,2021-12-09,No,1,Yes
10847,Sneha Kumar,Male,30,Finance,Financial Analyst,M.Com,10,81719,Chennai,2018-11-21,No,2,Yes
10848,Priya Yadav,Female,26,Finance,Accountant,B.Tech,5,62813,Ahmedabad,2019-03-16,No,4,No
10849,Pooja Verma,Male,33,IT,Analyst,MBA,8,80461,Pune,2017-08-18,No,3,No
10850,Kiran Sharma,Female,36,IT,Developer,B.Tech,11,89016,Kolkata,2017-08-15,No,5,No
10851,Anjali Singh,Female,35,HR,HR Executive,B.Tech,10,63228,Bengaluru,2020-09-20,Yes,3,No
10852,Sonia Gupta,Female,43,Marketing,SEO Specialist,MBA,14,86797,Mumbai,2017-01-15,No,3,No
10853,Sonia Singh,Male,29,Marketing,Marketing Executive,B.Tech,1,54839,Kolkata,2022-12-09,No,4,No
10854,Rohan Yadav,Female,33,HR,Recruiter,B.Tech,13,72825,Kolkata,2019-02-26,No,3,No
10855,Rohan Joshi,Male,39,Marketing,Marketing Executive,Graduate,12,82509,Chennai,2019-01-02,No,4,No
10856,Pooja Verma,Female,38,Finance,Financial Analyst,Graduate,16,94303,Mumbai,2017-02-14,Yes,5,No
10857,Anjali Verma,Female,37,IT,Analyst,M.Com,17,111966,Chennai,2017-08-23,No,4,No
10858,Deepak Sharma,Male,35,IT,Analyst,B.Com,11,96418,Noida,2021-12-02,No,5,No
10859,Nisha Roy,Female,29,IT,QA Engineer,MBA,8,82529,Noida,2022-05-05,No,5,Yes
10860,Rahul Yadav,Female,45,Finance,Financial Analyst,B.Com,18,104385,Mumbai,2020-08-03,Yes,2,Yes
10861,Amit Patel,Male,34,Operations,Operations Executive,MBA,4,55525,Jaipur,2018-03-13,No,1,Yes
10862,Amit Yadav,Female,25,IT,QA Engineer,B.Com,4,74531,Kolkata,2023-12-12,No,5,No
10863,Deepak Kumar,Female,33,IT,Developer,MBA,11,87645,Mumbai,2020-10-19,No,1,No
10864,Rahul Singh,Male,31,HR,Recruiter,M.Com,8,60906,Mumbai,2021-04-20,Yes,3,No
10865,Anjali Kumar,Male,36,Finance,Financial Analyst,Graduate,6,67467,Kolkata,2018-07-04,Yes,3,Yes
10866,Nisha Joshi,Female,46,HR,HR Executive,B.Com,18,84196,Kolkata,2022-09-06,No,4,No
10867,Kiran Roy,Male,36,IT,Analyst,MBA,16,102728,Chennai,2016-06-03,No,3,No
10868,Nisha Patel,Male,37,Operations,Supervisor,Graduate,12,72189,Jaipur,2022-11-16,No,5,No
10869,Rahul Yadav,Male,42,Sales,Sales Executive,B.Tech,16,84040,Chennai,2023-04-13,No,3,No
10870,Mohit Roy,Male,26,Marketing,SEO Specialist,MBA,2,52135,Jaipur,2018-06-11,No,2,Yes
10871,Sneha Joshi,Female,40,Sales,Sales Executive,MBA,14,80047,Pune,2022-01-13,No,2,Yes
10872,Amit Gupta,Male,37,IT,Developer,Graduate,13,93838,Delhi,2015-01-15,Yes,5,Yes
10873,Neha Yadav,Female,23,Finance,Financial Analyst,B.Com,2,57891,Noida,2021-11-04,No,5,No
10874,Rahul Kumar,Female,42,Finance,Accountant,MBA,16,94613,Noida,2015-11-11,No,4,No
10875,Rahul Mehta,Male,40,Sales,Sales Executive,Graduate,12,77738,Kolkata,2016-07-21,No,3,No
10876,Sonia Gupta,Male,34,Sales,Sales Executive,MBA,9,68741,Jaipur,2018-02-27,No,5,No
10877,Rahul Singh,Female,46,Sales,Sales Manager,Graduate,19,88721,Kolkata,2015-12-02,No,1,No
10878,Mohit Patel,Male,28,Operations,Supervisor,B.Com,3,46956,Jaipur,2015-10-30,No,1,No
10879,Vikas Mehta,Male,31,IT,Developer,B.Tech,3,67998,Ahmedabad,2017-03-30,No,2,Yes
10880,Arjun Yadav,Female,30,Sales,Sales Executive,Graduate,7,64644,Chennai,2021-05-14,No,3,No
10881,Priya Roy,Female,23,HR,Recruiter,Graduate,2,44164,Mumbai,2020-04-11,No,2,Yes
10882,Deepak Mehta,Male,41,Sales,Sales Manager,M.Com,18,87157,Bengaluru,2021-12-20,No,5,No
10883,Mohit Roy,Male,26,Sales,Sales Executive,B.Tech,6,59673,Ahmedabad,2019-04-02,No,5,No
10884,Deepak Gupta,Female,31,Sales,Sales Executive,B.Tech,11,71824,Mumbai,2015-06-16,Yes,3,No
10885,Deepak Gupta,Female,40,Finance,Accountant,B.Tech,16,99135,Chennai,2018-12-16,Yes,1,No
10886,Deepak Patel,Female,36,Marketing,Marketing Executive,Graduate,14,87229,Mumbai,2021-11-04,No,2,Yes
10887,Sneha Sharma,Female,42,Sales,Sales Manager,B.Tech,18,90744,Pune,2016-10-09,Yes,3,No
10888,Arjun Joshi,Male,31,IT,QA Engineer,M.Com,9,87334,Mumbai,2016-08-03,No,5,No
10889,Priya Singh,Male,41,Sales,Sales Manager,B.Com,14,79057,Kolkata,2024-10-01,Yes,3,No
10890,Nisha Yadav,Female,38,Finance,Accountant,M.Com,12,87193,Pune,2023-06-12,Yes,3,No
10891,Sonia Kumar,Male,44,IT,Developer,B.Tech,16,108260,Mumbai,2016-06-25,No,4,No
10892,Rahul Patel,Female,31,Sales,Sales Manager,Graduate,9,65138,Noida,2024-09-18,Yes,5,No
10893,Rohan Gupta,Male,37,Sales,Sales Executive,B.Com,15,79834,Noida,2017-06-28,No,2,No
10894,Rohan Yadav,Male,25,Sales,Sales Executive,B.Com,1,52206,Lucknow,2016-01-25,No,4,No
10895,Anjali Joshi,Female,28,Finance,Financial Analyst,MBA,4,68564,Delhi,2021-12-29,No,4,No
10896,Amit Yadav,Male,36,HR,Recruiter,MBA,13,69415,Kolkata,2022-12-08,No,3,No
10897,Sneha Singh,Female,39,HR,HR Executive,Graduate,12,71058,Ahmedabad,2020-04-17,No,2,No
10898,Deepak Singh,Female,35,Sales,Sales Manager,MBA,14,81343,Bengaluru,2017-02-23,No,3,No
10899,Anjali Roy,Female,47,Finance,Financial Analyst,B.Tech,18,98559,Chennai,2016-05-11,No,5,No
10900,Rohan Verma,Male,37,Operations,Operations Executive,Graduate,8,62430,Kolkata,2015-03-16,No,5,No
10901,Rohan Patel,Male,33,Finance,Accountant,B.Tech,10,80408,Ahmedabad,2019-11-28,Yes,4,Yes
10902,Deepak Yadav,Female,40,HR,Recruiter,Graduate,13,71597,Noida,2021-11-06,No,4,No
10903,Sneha Yadav,Male,42,Finance,Financial Analyst,MBA,14,90611,Chennai,2016-06-12,No,1,No
10904,Kiran Yadav,Female,33,Marketing,Marketing Executive,B.Com,11,77564,Mumbai,2020-04-10,No,1,No
10905,Rahul Singh,Female,28,Finance,Financial Analyst,M.Com,8,76503,Jaipur,2024-07-04,No,1,Yes
10906,Vikas Singh,Male,31,Sales,Sales Manager,M.Com,3,56487,Jaipur,2023-07-30,No,2,No
10907,Rohan Singh,Female,32,Marketing,SEO Specialist,Graduate,12,77687,Chennai,2016-09-16,Yes,5,No
10908,Sneha Kumar,Female,29,Operations,Operations Executive,Graduate,9,68672,Chennai,2022-11-10,Yes,3,No
10909,Sneha Mehta,Female,27,Sales,Sales Executive,M.Com,6,57877,Noida,2022-08-26,Yes,1,No
10910,Rohan Verma,Male,45,Operations,Operations Executive,Graduate,18,89413,Bengaluru,2017-05-28,Yes,5,No
10911,Vikas Gupta,Male,32,HR,HR Executive,M.Com,3,47864,Ahmedabad,2020-11-30,No,4,No
10912,Kiran Yadav,Male,45,Sales,Sales Manager,M.Com,18,91249,Mumbai,2018-06-06,No,1,Yes
10913,Kiran Sharma,Female,29,HR,HR Executive,M.Com,2,40353,Mumbai,2023-10-08,No,4,No
10914,Anjali Singh,Male,22,Sales,Sales Executive,B.Tech,2,47742,Jaipur,2017-04-22,No,5,No
10915,Nisha Yadav,Male,30,Marketing,SEO Specialist,M.Com,5,64011,Ahmedabad,2018-06-24,No,1,No
10916,Vikas Singh,Female,26,IT,Analyst,M.Com,1,72182,Noida,2015-05-13,No,2,Yes
10917,Mohit Verma,Female,41,HR,Recruiter,M.Com,15,78176,Delhi,2018-01-02,No,3,No
10918,Sonia Gupta,Male,33,HR,Recruiter,M.Com,3,48125,Kolkata,2015-04-02,No,3,No
10919,Vikas Gupta,Female,24,HR,Recruiter,B.Tech,1,40678,Delhi,2015-05-02,No,3,No
10920,Rohan Yadav,Male,28,Marketing,Marketing Executive,B.Com,8,68159,Kolkata,2022-09-11,No,2,Yes
10921,Sonia Patel,Male,29,Finance,Accountant,B.Com,4,62881,Jaipur,2018-11-12,No,4,No
10922,Amit Singh,Female,25,HR,HR Executive,B.Com,2,47979,Chennai,2024-09-15,No,3,No
10923,Rohan Sharma,Male,35,Marketing,SEO Specialist,MBA,14,87234,Jaipur,2021-06-20,No,1,Yes
10924,Mohit Roy,Male,35,Sales,Sales Manager,Graduate,10,65161,Ahmedabad,2021-12-15,No,4,No
10925,Sonia Sharma,Male,25,IT,QA Engineer,Graduate,3,75067,Bengaluru,2023-10-04,No,3,No
10926,Mohit Mehta,Female,28,HR,Recruiter,MBA,8,62843,Bengaluru,2016-01-21,Yes,2,Yes
10927,Kiran Verma,Female,38,Finance,Financial Analyst,Graduate,18,96243,Mumbai,2017-05-18,No,2,Yes
10928,Mohit Patel,Male,39,HR,HR Executive,B.Com,15,74360,Jaipur,2024-11-27,No,1,Yes
10929,Pooja Kumar,Female,24,Sales,Sales Executive,M.Com,4,50050,Chennai,2016-05-27,No,5,No
10930,Rohan Mehta,Male,40,IT,Analyst,B.Tech,15,101413,Lucknow,2018-05-17,Yes,3,No
10931,Anjali Yadav,Male,30,Sales,Sales Executive,Graduate,0,42635,Bengaluru,2020-03-30,No,3,No
10932,Pooja Singh,Female,25,Finance,Financial Analyst,B.Com,4,64926,Noida,2022-10-19,No,3,No
10933,Arjun Joshi,Female,24,Sales,Sales Manager,Graduate,0,49694,Delhi,2022-03-04,No,2,No
10934,Rahul Singh,Male,30,Finance,Accountant,Graduate,5,66991,Chennai,2017-08-02,No,3,No
10935,Rahul Mehta,Male,46,Marketing,Marketing Executive,M.Com,20,97204,Chennai,2023-04-21,No,2,Yes
10936,Deepak Sharma,Male,25,Operations,Operations Executive,B.Com,1,45395,Bengaluru,2024-01-29,No,3,No
10937,Pooja Mehta,Female,38,Finance,Financial Analyst,Graduate,14,90038,Delhi,2024-07-07,No,5,No
10938,Kiran Yadav,Female,40,Finance,Financial Analyst,M.Com,12,86679,Pune,2015-08-25,Yes,1,No
10939,Pooja Sharma,Female,27,IT,Analyst,B.Tech,1,68850,Mumbai,2023-09-14,No,3,No
10940,Vikas Yadav,Male,33,Finance,Financial Analyst,B.Com,10,83230,Pune,2019-01-22,Yes,2,Yes
10941,Amit Yadav,Female,22,Finance,Financial Analyst,Graduate,2,55398,Ahmedabad,2016-05-27,No,1,Yes
10942,Arjun Sharma,Male,43,IT,Analyst,B.Tech,16,105467,Pune,2021-03-07,Yes,4,No
10943,Sneha Yadav,Male,37,Marketing,Marketing Executive,Graduate,13,76790,Chennai,2018-01-08,No,3,No
10944,Anjali Patel,Male,42,HR,Recruiter,MBA,19,87219,Kolkata,2022-08-18,No,3,No
10945,Amit Joshi,Female,32,Marketing,Marketing Executive,B.Com,5,62155,Delhi,2020-02-03,No,1,No
10946,Pooja Patel,Female,46,HR,HR Executive,MBA,20,85558,Noida,2017-01-29,Yes,1,Yes
10947,Deepak Gupta,Female,27,IT,Developer,B.Com,5,78058,Bengaluru,2023-03-06,No,3,No
10948,Pooja Kumar,Female,29,Operations,Supervisor,B.Tech,0,42031,Bengaluru,2018-06-26,No,5,No
10949,Vikas Singh,Male,46,Operations,Operations Executive,B.Tech,16,80717,Noida,2017-03-07,Yes,5,No
10950,Sonia Yadav,Male,30,Marketing,Marketing Executive,B.Com,3,55739,Bengaluru,2017-08-13,No,4,No
10951,Amit Mehta,Male,28,Marketing,Marketing Executive,M.Com,5,64144,Pune,2024-12-28,No,2,Yes
10952,Pooja Joshi,Male,28,Marketing,Marketing Executive,B.Tech,4,59356,Chennai,2023-05-25,No,3,No
10953,Rohan Sharma,Male,38,IT,Analyst,MBA,10,93299,Kolkata,2015-03-18,No,4,No
10954,Priya Singh,Male,42,Operations,Supervisor,B.Tech,14,72051,Ahmedabad,2023-10-18,No,5,No
10955,Anjali Singh,Male,39,Operations,Supervisor,M.Com,18,87050,Noida,2015-05-21,No,5,No
10956,Arjun Patel,Female,28,Finance,Accountant,MBA,6,71181,Jaipur,2019-06-30,Yes,5,No
10957,Vikas Joshi,Female,31,Operations,Supervisor,B.Tech,1,44392,Ahmedabad,2017-01-11,No,3,No
10958,Amit Singh,Male,32,HR,Recruiter,B.Tech,4,53915,Ahmedabad,2022-04-14,No,4,No
10959,Sneha Sharma,Female,35,Finance,Financial Analyst,B.Com,5,65368,Delhi,2020-03-26,No,2,No
10960,Pooja Verma,Male,47,HR,Recruiter,B.Com,19,88310,Jaipur,2021-11-04,Yes,5,No
10961,Deepak Yadav,Male,33,IT,QA Engineer,MBA,5,78083,Ahmedabad,2020-04-15,No,3,Yes
10962,Anjali Kumar,Female,45,IT,Analyst,B.Tech,20,113057,Jaipur,2017-06-23,Yes,4,No
10963,Vikas Mehta,Female,24,Operations,Operations Executive,MBA,1,39629,Kolkata,2015-02-24,No,2,Yes
10964,Deepak Kumar,Male,30,Sales,Sales Manager,Graduate,6,63038,Bengaluru,2018-03-11,Yes,1,Yes
10965,Neha Gupta,Female,34,HR,Recruiter,MBA,13,76122,Bengaluru,2020-03-24,No,5,Yes
10966,Priya Roy,Female,29,Sales,Sales Executive,MBA,4,54470,Noida,2015-07-22,No,1,No
10967,Vikas Roy,Male,41,Finance,Financial Analyst,B.Com,20,107764,Mumbai,2019-01-15,Yes,2,No
10968,Pooja Sharma,Male,46,Sales,Sales Executive,B.Tech,20,97101,Ahmedabad,2021-06-26,Yes,4,No
10969,Vikas Roy,Female,42,Finance,Accountant,M.Com,18,96025,Jaipur,2019-04-21,No,4,No
10970,Vikas Mehta,Female,37,Finance,Accountant,B.Tech,8,79929,Pune,2019-12-03,No,4,No
10971,Mohit Joshi,Male,37,Finance,Accountant,Graduate,14,92064,Chennai,2018-03-19,Yes,2,Yes
10972,Neha Singh,Female,33,HR,Recruiter,Graduate,9,66445,Delhi,2022-11-02,No,5,No
10973,Priya Sharma,Female,31,HR,Recruiter,B.Tech,4,50174,Kolkata,2023-07-07,No,3,No
10974,Kiran Joshi,Male,43,Sales,Sales Manager,B.Tech,13,78406,Noida,2018-03-19,Yes,2,No
10975,Amit Mehta,Male,32,Operations,Operations Executive,M.Com,11,72099,Noida,2018-08-20,No,2,Yes
10976,Vikas Joshi,Male,26,IT,QA Engineer,M.Com,3,67679,Mumbai,2021-10-25,No,5,No
10977,Sneha Sharma,Male,25,HR,Recruiter,B.Tech,3,42674,Chennai,2015-04-19,No,2,No
10978,Anjali Verma,Female,41,Marketing,SEO Specialist,Graduate,12,80380,Mumbai,2015-01-20,No,2,No
10979,Arjun Patel,Male,40,Operations,Operations Executive,B.Tech,14,73413,Lucknow,2022-05-08,Yes,2,No
10980,Nisha Gupta,Male,40,Finance,Financial Analyst,B.Tech,16,92790,Lucknow,2024-05-06,Yes,5,No
10981,Anjali Kumar,Female,32,Sales,Sales Executive,MBA,7,63276,Jaipur,2022-08-13,No,2,No
10982,Deepak Roy,Female,30,Sales,Sales Executive,Graduate,2,46270,Mumbai,2023-11-21,No,5,No
10983,Arjun Joshi,Female,35,Sales,Sales Manager,Graduate,6,59169,Kolkata,2021-11-19,No,4,No
10984,Mohit Mehta,Male,33,Marketing,SEO Specialist,Graduate,10,76718,Ahmedabad,2018-06-28,Yes,4,No
10985,Neha Gupta,Female,36,HR,HR Executive,M.Com,16,77040,Mumbai,2022-03-15,No,4,No
10986,Rohan Verma,Male,45,Sales,Sales Manager,B.Com,16,88094,Bengaluru,2022-06-15,No,4,No
10987,Mohit Patel,Male,34,Operations,Supervisor,Graduate,14,75559,Bengaluru,2015-02-09,Yes,1,Yes
10988,Pooja Kumar,Female,26,Operations,Supervisor,M.Com,6,61577,Noida,2024-08-16,No,1,Yes
10989,Sonia Sharma,Female,34,Sales,Sales Manager,MBA,11,72999,Bengaluru,2022-03-18,Yes,5,Yes
10990,Amit Kumar,Female,33,Operations,Supervisor,B.Com,12,74998,Ahmedabad,2022-05-30,Yes,5,No
10991,Rohan Roy,Female,33,Finance,Financial Analyst,MBA,7,74140,Mumbai,2017-03-30,No,4,No
10992,Rahul Sharma,Male,30,Finance,Accountant,MBA,4,68169,Jaipur,2021-12-20,No,1,No
10993,Priya Sharma,Female,37,Sales,Sales Manager,M.Com,9,71113,Kolkata,2018-10-31,Yes,2,No
10994,Amit Roy,Male,25,Finance,Accountant,MBA,2,60977,Delhi,2024-06-05,No,1,Yes
10995,Sonia Sharma,Male,45,HR,Recruiter,MBA,20,89583,Pune,2023-02-03,No,5,No
10996,Priya Yadav,Male,35,IT,Analyst,Graduate,12,95872,Delhi,2018-05-28,No,4,No
10997,Deepak Kumar,Male,44,HR,Recruiter,MBA,19,83780,Noida,2018-02-19,No,3,Yes
10998,Deepak Roy,Male,39,IT,QA Engineer,M.Com,14,100982,Delhi,2022-10-15,No,4,No
10999,Kiran Joshi,Female,38,Finance,Financial Analyst,MBA,12,81648,Pune,2021-03-28,No,2,No
11000,Sneha Roy,Female,35,Marketing,SEO Specialist,B.Tech,11,76353,Noida,2022-08-21,No,5,No
